date,league,home_team,away_team,home_elo,away_elo,elo_delta,home_form_5,away_form_5,home_goals_for_5,away_goals_for_5,home_goals_against_5,away_goals_against_5,home_home_points_5,away_away_points_5,rest_days_home,rest_days_away,target
2024-04-13 21:30:00+00:00,Campeonato Brasileiro Série A,SC Internacional,EC Bahia,1500.0,1500.0,55.0,0.0,0.0,1.2,1.0,1.2,1.2,1.0,1.0,14.0,14.0,2
2024-04-13 21:30:00+00:00,Campeonato Brasileiro Série A,Criciúma EC,EC Juventude,1500.0,1500.0,55.0,0.0,0.0,1.2,1.0,1.2,1.2,1.0,1.0,14.0,14.0,1
2024-04-14 00:00:00+00:00,Campeonato Brasileiro Série A,São Paulo FC,Fortaleza EC,1500.0,1500.0,55.0,0.0,0.0,1.2,1.0,1.2,1.2,1.0,1.0,14.0,14.0,0
2024-04-14 00:00:00+00:00,Campeonato Brasileiro Série A,Fluminense FC,RB Bragantino,1500.0,1500.0,55.0,0.0,0.0,1.2,1.0,1.2,1.2,1.0,1.0,14.0,14.0,1
2024-04-14 19:00:00+00:00,Campeonato Brasileiro Série A,SC Corinthians Paulista,CA Mineiro,1500.0,1500.0,55.0,0.0,0.0,1.2,1.0,1.2,1.2,1.0,1.0,14.0,14.0,1
2024-04-14 19:00:00+00:00,Campeonato Brasileiro Série A,CA Paranaense,Cuiabá EC,1500.0,1500.0,55.0,0.0,0.0,1.2,1.0,1.2,1.2,1.0,1.0,14.0,14.0,2
2024-04-14 19:00:00+00:00,Campeonato Brasileiro Série A,AC Goianiense,CR Flamengo,1500.0,1500.0,55.0,0.0,0.0,1.2,1.0,1.2,1.2,1.0,1.0,14.0,14.0,0
2024-04-14 19:00:00+00:00,Campeonato Brasileiro Série A,CR Vasco da Gama,Grêmio FBPA,1500.0,1500.0,55.0,0.0,0.0,1.2,1.0,1.2,1.2,1.0,1.0,14.0,14.0,2
2024-04-14 20:00:00+00:00,Campeonato Brasileiro Série A,Cruzeiro EC,Botafogo FR,1500.0,1500.0,55.0,0.0,0.0,1.2,1.0,1.2,1.2,1.0,1.0,14.0,14.0,2
2024-04-14 21:30:00+00:00,Campeonato Brasileiro Série A,EC Vitória,SE Palmeiras,1500.0,1500.0,55.0,0.0,0.0,1.2,1.0,1.2,1.2,1.0,1.0,14.0,14.0,0
2024-04-17 00:30:00+00:00,Campeonato Brasileiro Série A,EC Bahia,Fluminense FC,1491.569935046895,1495.0967316197718,51.47320342712305,0.0,1.0,1.0,2.0,2.0,2.0,1.0,1.0,3.0,3.0,2
2024-04-17 22:00:00+00:00,Campeonato Brasileiro Série A,RB Bragantino,CR Vasco da Gama,1504.9032683802282,1508.430064953105,51.47320342712305,1.0,3.0,2.0,2.0,2.0,1.0,1.0,1.0,3.0,3.0,2
2024-04-17 22:00:00+00:00,Campeonato Brasileiro Série A,Grêmio FBPA,CA Paranaense,1491.569935046895,1508.430064953105,38.139870093789796,0.0,3.0,1.0,4.0,2.0,0.0,1.0,1.0,3.0,3.0,2
2024-04-17 23:00:00+00:00,Campeonato Brasileiro Série A,CA Mineiro,Criciúma EC,1504.9032683802282,1495.0967316197718,64.80653676045631,1.0,1.0,0.0,1.0,0.0,1.0,1.0,1.0,3.0,4.0,1
2024-04-17 23:00:00+00:00,Campeonato Brasileiro Série A,Fortaleza EC,Cruzeiro EC,1511.569935046895,1508.430064953105,58.139870093789796,3.0,3.0,2.0,3.0,1.0,2.0,1.0,1.0,3.0,3.0,1
2024-04-17 23:00:00+00:00,Campeonato Brasileiro Série A,EC Juventude,SC Corinthians Paulista,1504.9032683802282,1495.0967316197718,64.80653676045631,1.0,1.0,1.0,0.0,1.0,0.0,1.0,1.0,4.0,3.0,2
2024-04-17 23:00:00+00:00,Campeonato Brasileiro Série A,SE Palmeiras,SC Internacional,1511.569935046895,1508.430064953105,58.139870093789796,3.0,3.0,1.0,2.0,0.0,1.0,1.0,1.0,3.0,4.0,0
2024-04-18 00:30:00+00:00,Campeonato Brasileiro Série A,CR Flamengo,São Paulo FC,1511.569935046895,1488.430064953105,78.1398700937898,3.0,0.0,2.0,1.0,1.0,2.0,1.0,1.0,3.0,4.0,2
2024-04-19 00:30:00+00:00,Campeonato Brasileiro Série A,Botafogo FR,AC Goianiense,1491.569935046895,1488.430064953105,58.139870093789796,0.0,0.0,2.0,1.0,3.0,2.0,1.0,1.0,4.0,4.0,2
2024-04-20 19:00:00+00:00,Campeonato Brasileiro Série A,Fluminense FC,CR Vasco da Gama,1486.567504576922,1499.9008379102552,41.66666666666674,0.5,1.5,1.5,1.5,2.0,1.5,1.0,0.0,3.0,2.0,2
2024-04-20 21:30:00+00:00,Campeonato Brasileiro Série A,Grêmio FBPA,Cuiabá EC,1500.476569732828,1491.569935046895,63.90663468593311,1.5,0.0,1.5,0.0,1.0,4.0,3.0,0.0,2.0,6.0,2
2024-04-20 21:30:00+00:00,Campeonato Brasileiro Série A,RB Bragantino,SC Corinthians Paulista,1513.432495423078,1486.9406777951365,81.4918176279416,2.0,0.5,2.0,0.0,1.5,1.0,3.0,0.0,2.0,2.0,2
2024-04-21 00:00:00+00:00,Campeonato Brasileiro Série A,CA Mineiro,Cruzeiro EC,1499.72598887153,1513.4213513706427,41.30463750088734,1.0,2.0,0.5,2.0,0.5,1.5,1.0,1.0,3.0,3.0,2
2024-04-21 19:00:00+00:00,Campeonato Brasileiro Série A,SE Palmeiras,CR Flamengo,1499.9119819626906,1519.3580574369307,35.55392452575984,1.5,3.0,0.5,2.0,0.5,1.0,0.0,3.0,3.0,3.0,1
2024-04-21 19:00:00+00:00,Campeonato Brasileiro Série A,EC Vitória,EC Bahia,1488.430064953105,1500.0991620897448,43.33090286336028,0.0,1.5,0.0,1.5,1.0,1.5,0.0,0.0,6.0,4.0,1
2024-04-21 19:00:00+00:00,Campeonato Brasileiro Série A,CA Paranaense,SC Internacional,1499.523430267172,1520.0880180373094,34.43541222986255,1.5,3.0,2.0,1.5,1.0,0.5,3.0,3.0,3.0,3.0,2
2024-04-21 21:30:00+00:00,Campeonato Brasileiro Série A,AC Goianiense,São Paulo FC,1480.0880180373094,1480.6419425630693,54.44607547424016,0.0,0.0,0.5,1.0,1.5,2.0,0.0,0.0,2.0,3.0,0
2024-04-21 21:30:00+00:00,Campeonato Brasileiro Série A,Botafogo FR,EC Juventude,1499.9119819626906,1513.0593222048635,41.85265975782704,1.5,2.0,1.5,1.5,1.5,0.5,3.0,1.0,2.0,3.0,2
2024-04-27 19:00:00+00:00,Campeonato Brasileiro Série A,CR Vasco da Gama,Criciúma EC,1491.0943844692292,1500.27401112847,45.82037334075926,1.0,1.0,1.3333333333333333,1.0,1.6666666666666667,1.0,3.0,1.0,7.0,9.0,0
2024-04-27 21:30:00+00:00,Campeonato Brasileiro Série A,Cuiabá EC,CA Mineiro,1483.388848737397,1508.5427151844688,29.846133552928222,0.0,1.6666666666666667,0.0,1.3333333333333333,2.5,0.3333333333333333,1.0,1.0,7.0,6.0,0
2024-04-28 00:00:00+00:00,Campeonato Brasileiro Série A,EC Bahia,Grêmio FBPA,1504.6732328404316,1508.657656042326,51.01557679810571,1.3333333333333333,2.0,1.6666666666666667,1.3333333333333333,1.6666666666666667,0.6666666666666666,3.0,0.0,6.0,7.0,2
2024-04-28 14:00:00+00:00,Campeonato Brasileiro Série A,CR Flamengo,Botafogo FR,1523.7111578193776,1508.7131586906637,69.9979991287139,2.3333333333333335,2.0,1.3333333333333333,2.6666666666666665,0.6666666666666666,1.3333333333333333,3.0,0.0,6.0,6.0,0
2024-04-28 19:00:00+00:00,Campeonato Brasileiro Série A,SC Corinthians Paulista,Fluminense FC,1479.2441139547823,1495.3739580179479,38.87015593683441,0.3333333333333333,1.3333333333333333,0.0,1.6666666666666667,1.0,1.6666666666666667,1.0,0.0,7.0,8.0,2
2024-04-28 19:00:00+00:00,Campeonato Brasileiro Série A,Cruzeiro EC,EC Vitória,1504.604625057704,1483.8559942024183,75.74863085528568,1.3333333333333333,0.5,1.3333333333333333,1.0,2.0,1.5,3.0,1.0,7.0,7.0,2
2024-04-28 21:30:00+00:00,Campeonato Brasileiro Série A,Fortaleza EC,RB Bragantino,1506.5786486293573,1521.1290592634323,40.44958936592502,2.0,2.3333333333333335,1.5,1.6666666666666667,1.0,1.0,1.0,1.0,10.0,8.0,1
2024-04-28 21:30:00+00:00,Campeonato Brasileiro Série A,EC Juventude,CA Paranaense,1504.2581454768904,1508.5355321553177,50.72261332157268,1.3333333333333333,2.0,1.3333333333333333,1.6666666666666667,2.0,0.6666666666666666,3.0,0.0,7.0,7.0,1
2024-04-28 23:00:00+00:00,Campeonato Brasileiro Série A,SC Internacional,AC Goianiense,1511.0759161491637,1468.5336371477147,97.54227900144906,2.0,0.0,1.0,0.3333333333333333,0.6666666666666666,2.0,3.0,0.0,7.0,7.0,1
2024-04-29 23:00:00+00:00,Campeonato Brasileiro Série A,São Paulo FC,SE Palmeiras,1492.196323452664,1495.5588815802437,51.63744187242037,1.0,1.3333333333333333,1.6666666666666667,0.3333333333333333,1.3333333333333333,0.3333333333333333,0.0,3.0,8.0,8.0,1
2024-05-04 19:00:00+00:00,Campeonato Brasileiro Série A,Fluminense FC,CA Mineiro,1486.488086570936,1519.399649080715,22.08843749022094,1.0,2.0,1.25,1.75,2.0,0.25,2.0,2.0,6.0,6.0,1
2024-05-04 21:30:00+00:00,Campeonato Brasileiro Série A,RB Bragantino,CR Flamengo,1525.6213935781502,1511.7232771990793,68.89811637907087,2.0,1.75,1.5,1.0,1.0,1.0,3.0,2.0,6.0,6.0,1
2024-05-05 00:00:00+00:00,Campeonato Brasileiro Série A,SC Corinthians Paulista,Fortaleza EC,1488.129985401794,1502.0863143146394,41.043671087154735,1.0,1.6666666666666667,0.75,1.3333333333333333,0.75,1.0,2.0,3.0,6.0,6.0,1
2024-05-05 19:00:00+00:00,Campeonato Brasileiro Série A,EC Vitória,São Paulo FC,1476.0023148656896,1487.3875925783113,43.6147222873783,0.3333333333333333,1.0,1.0,1.25,2.0,1.0,0.5,1.5,7.0,5.0,0
2024-05-05 19:00:00+00:00,Campeonato Brasileiro Série A,CA Paranaense,CR Vasco da Gama,1513.3184953666614,1479.7831612444484,88.53533412221304,1.75,0.75,1.5,1.0,0.75,2.25,3.0,0.0,6.0,8.0,2
2024-05-05 21:30:00+00:00,Campeonato Brasileiro Série A,Cuiabá EC,SE Palmeiras,1472.5319148411506,1500.3676124545964,27.164302386554255,0.0,1.25,0.0,0.25,2.6666666666666665,0.25,0.0,2.0,8.0,5.0,0
2024-05-05 21:30:00+00:00,Campeonato Brasileiro Série A,Botafogo FR,EC Bahia,1520.701039310962,1513.2153490024375,62.485690308524454,2.25,1.75,2.5,1.5,1.0,1.25,3.0,0.5,7.0,7.0,0
2024-05-11 19:00:00+00:00,Campeonato Brasileiro Série A,CR Flamengo,SC Corinthians Paulista,1517.014065923954,1483.620785088175,88.39328083577902,1.6,1.0,1.0,0.6,1.0,0.6,1.5,0.0,6.0,6.0,2
2024-05-12 19:00:00+00:00,Campeonato Brasileiro Série A,AC Goianiense,Cruzeiro EC,1474.6029543193024,1512.4583043944326,17.144649924869782,0.25,1.75,0.5,1.75,1.75,1.75,0.0,0.5,13.0,14.0,0
2024-05-12 19:00:00+00:00,Campeonato Brasileiro Série A,Fortaleza EC,Botafogo FR,1506.5955146282586,1508.9216998149773,52.6738148132813,1.5,1.8,1.0,2.2,0.75,1.2,1.0,1.5,7.0,6.0,1
2024-05-12 19:00:00+00:00,Campeonato Brasileiro Série A,SE Palmeiras,CA Paranaense,1511.147874681051,1520.824005264778,45.323869416273055,1.6,2.0,0.6,1.4,0.2,0.6,0.5,0.5,6.0,7.0,0
2024-05-12 21:30:00+00:00,Campeonato Brasileiro Série A,EC Bahia,RB Bragantino,1524.9946884984222,1520.3306048532756,59.66408364514655,2.0,1.8,1.6,1.4,1.2,1.0,3.0,1.0,7.0,8.0,2
2024-05-12 21:30:00+00:00,Campeonato Brasileiro Série A,CR Vasco da Gama,EC Vitória,1472.2776513463318,1464.7535350412525,62.52411630507936,0.6,0.25,0.8,1.0,2.0,2.25,1.5,0.0,7.0,7.0,2
2024-05-13 23:00:00+00:00,Campeonato Brasileiro Série A,São Paulo FC,Fluminense FC,1498.6363724027485,1482.5198520651786,71.11652033756991,1.4,1.0,1.6,1.4,1.0,2.0,0.5,0.0,8.0,9.0,2
2024-06-01 19:00:00+00:00,Campeonato Brasileiro Série A,Grêmio FBPA,RB Bragantino,1500.11553988032,1512.0311911341705,43.084348746149544,1.5,1.6,1.0,1.0,0.75,0.8,3.0,0.6666666666666666,34.0,19.0,0
2024-06-01 19:00:00+00:00,Campeonato Brasileiro Série A,EC Vitória,AC Goianiense,1456.533945489086,1464.1098917739323,47.424053715153605,0.2,0.2,1.0,0.4,2.2,1.6,0.3333333333333333,0.5,19.0,20.0,0
2024-06-01 21:30:00+00:00,Campeonato Brasileiro Série A,Cuiabá EC,SC Internacional,1461.751652614696,1505.006598977576,11.745053637120009,0.0,1.75,0.0,1.0,2.5,0.75,0.0,1.5,27.0,33.0,0
2024-06-01 21:30:00+00:00,Campeonato Brasileiro Série A,Fluminense FC,EC Juventude,1474.5386342451473,1499.4751822655467,30.063451979600586,0.8,1.25,1.2,1.25,2.0,1.75,1.6666666666666667,0.5,18.0,34.0,1
2024-06-02 00:00:00+00:00,Campeonato Brasileiro Série A,SC Corinthians Paulista,Botafogo FR,1476.1114405906703,1513.759597655871,17.35184293479938,0.8,2.0,0.6,2.0,1.0,0.8,1.6666666666666667,1.3333333333333333,21.0,20.0,0
2024-06-02 19:00:00+00:00,Campeonato Brasileiro Série A,CR Vasco da Gama,CR Flamengo,1480.4972408984984,1524.5234104214585,10.973830477039883,0.6,1.6,0.8,1.0,2.0,0.8,2.0,1.6666666666666667,20.0,22.0,0
2024-06-02 19:00:00+00:00,Campeonato Brasileiro Série A,Criciúma EC,SE Palmeiras,1511.5852343532508,1499.8506989126017,66.7345354406491,1.6666666666666667,1.0,2.0,0.4,0.6666666666666666,0.6,1.0,2.3333333333333335,36.0,21.0,0
2024-06-02 19:00:00+00:00,Campeonato Brasileiro Série A,CA Mineiro,EC Bahia,1523.3678835864725,1533.2941022175273,45.07378136894522,1.8,2.6,1.8,1.6,0.6,0.8,2.0,1.3333333333333333,29.0,20.0,1
2024-06-02 21:30:00+00:00,Campeonato Brasileiro Série A,Fortaleza EC,CA Paranaense,1501.757616787365,1532.1211810332272,24.636435754137665,1.4,2.0,1.0,1.0,0.8,0.6,1.0,1.3333333333333333,21.0,21.0,2
2024-06-02 21:30:00+00:00,Campeonato Brasileiro Série A,São Paulo FC,Cruzeiro EC,1506.6175902227799,1522.9513669398027,38.66622328297717,2.0,2.0,1.8,1.6,0.8,1.4,1.3333333333333333,1.3333333333333333,19.0,21.0,2
2024-06-05 22:00:00+00:00,Campeonato Brasileiro Série A,EC Juventude,AC Goianiense,1503.671658156487,1475.4664512783509,83.2052068781361,1.2,0.8,1.2,0.6,1.6,1.2,2.0,1.3333333333333333,4.0,4.0,2
2024-06-05 23:00:00+00:00,Campeonato Brasileiro Série A,Cuiabá EC,EC Vitória,1451.4137315099235,1445.1773859846674,61.23634552525618,0.0,0.2,0.0,1.0,2.2,2.4,0.0,0.0,4.0,4.0,1
2024-06-09 19:00:00+00:00,Campeonato Brasileiro Série A,Criciúma EC,Cuiabá EC,1499.6877380730461,1446.3359013767356,108.35183669631056,1.25,0.2,1.75,0.0,1.0,1.4,0.5,0.0,7.0,3.0,0
2024-06-11 22:00:00+00:00,Campeonato Brasileiro Série A,AC Goianiense,SC Corinthians Paulista,1467.8165327995475,1465.6124292246136,57.204103574933924,0.8,0.8,0.6,0.6,1.2,0.8,0.0,0.0,6.0,9.0,1
2024-06-11 22:00:00+00:00,Campeonato Brasileiro Série A,EC Juventude,EC Vitória,1511.3215766352903,1450.2552161178553,116.06636051743499,1.6,0.2,1.2,0.6,1.4,2.0,2.3333333333333335,0.3333333333333333,6.0,5.0,1
2024-06-11 23:00:00+00:00,Campeonato Brasileiro Série A,Botafogo FR,Fluminense FC,1524.2586090219277,1470.342158354207,108.91645066772071,2.0,1.0,2.0,1.2,0.8,1.8,2.0,0.0,9.0,10.0,2
2024-06-12 00:30:00+00:00,Campeonato Brasileiro Série A,RB Bragantino,CA Mineiro,1523.2649407835358,1518.744452136825,59.520488646710874,1.6,1.8,1.0,2.0,0.6,0.8,2.3333333333333335,1.6666666666666667,10.0,9.0,0
2024-06-13 22:00:00+00:00,Campeonato Brasileiro Série A,Cruzeiro EC,Cuiabá EC,1514.0596983197174,1459.357199035708,109.70249928400949,1.4,0.8,1.0,1.0,1.4,1.6,3.0,1.0,11.0,4.0,2
2024-06-13 23:00:00+00:00,Campeonato Brasileiro Série A,CR Flamengo,Grêmio FBPA,1534.839157660058,1488.8817902309547,100.95736742910321,1.6,1.2,1.8,0.8,0.8,1.0,2.0,0.0,11.0,12.0,2
2024-06-13 23:00:00+00:00,Campeonato Brasileiro Série A,SC Internacional,São Paulo FC,1515.3445200823485,1515.5092588428652,54.835261239483316,2.0,2.6,1.0,2.0,0.6,0.4,2.0,2.0,12.0,11.0,1
2024-06-13 23:00:00+00:00,Campeonato Brasileiro Série A,CA Paranaense,Criciúma EC,1522.829088566653,1486.6664404140738,91.1626481525791,2.0,1.0,1.0,1.8,0.4,1.8,3.0,2.0,11.0,4.0,2
2024-06-14 00:30:00+00:00,Campeonato Brasileiro Série A,EC Bahia,Fortaleza EC,1537.917533667175,1511.0497092539392,81.86782441323567,2.2,1.4,1.4,0.8,0.8,0.6,3.0,2.0,11.0,11.0,2
2024-06-14 00:30:00+00:00,Campeonato Brasileiro Série A,SE Palmeiras,CR Vasco da Gama,1511.7481951928064,1470.181493659899,96.56670153290747,1.6,0.6,0.8,0.8,0.6,2.8,0.3333333333333333,0.0,11.0,11.0,2
2024-06-14 19:00:00+00:00,European Championship,Germany,Scotland,1500.0,1500.0,55.0,0.0,0.0,1.2,1.0,1.2,1.2,1.0,1.0,14.0,14.0,2
2024-06-15 13:00:00+00:00,European Championship,Hungary,Switzerland,1500.0,1500.0,55.0,0.0,0.0,1.2,1.0,1.2,1.2,1.0,1.0,14.0,14.0,0
2024-06-15 16:00:00+00:00,European Championship,Spain,Croatia,1500.0,1500.0,55.0,0.0,0.0,1.2,1.0,1.2,1.2,1.0,1.0,14.0,14.0,2
2024-06-15 19:00:00+00:00,European Championship,Italy,Albania,1500.0,1500.0,55.0,0.0,0.0,1.2,1.0,1.2,1.2,1.0,1.0,14.0,14.0,2
2024-06-15 21:30:00+00:00,Campeonato Brasileiro Série A,RB Bragantino,EC Juventude,1511.5683682548129,1504.7665496082675,61.80181864654537,1.0,1.2,1.0,1.0,1.0,1.6,1.75,0.6666666666666666,3.0,3.0,2
2024-06-16 00:00:00+00:00,Campeonato Brasileiro Série A,Fluminense FC,AC Goianiense,1463.3782162287673,1462.8514511947214,55.526765034045866,0.4,1.0,0.8,1.0,1.8,1.0,1.5,1.0,4.0,4.0,0
2024-06-16 13:00:00+00:00,European Championship,Poland,Netherlands,1500.0,1500.0,55.0,0.0,0.0,1.2,1.0,1.2,1.2,1.0,1.0,14.0,14.0,0
2024-06-16 16:00:00+00:00,European Championship,Slovenia,Denmark,1500.0,1500.0,55.0,0.0,0.0,1.2,1.0,1.2,1.2,1.0,1.0,14.0,14.0,1
2024-06-16 19:00:00+00:00,Campeonato Brasileiro Série A,SC Corinthians Paulista,São Paulo FC,1470.5775108294397,1520.4079021815849,5.1696086478548295,1.0,2.2,1.0,1.4,1.0,0.4,1.25,1.75,4.0,2.0,1
2024-06-16 19:00:00+00:00,European Championship,Serbia,England,1500.0,1500.0,55.0,0.0,0.0,1.2,1.0,1.2,1.2,1.0,1.0,14.0,14.0,0
2024-06-16 19:00:00+00:00,Campeonato Brasileiro Série A,CA Paranaense,CR Flamengo,1530.2638186031597,1542.0124844023906,43.25133420076918,2.0,2.0,1.4,2.2,0.6,1.0,3.0,2.0,2.0,2.0,1
2024-06-16 19:00:00+00:00,Campeonato Brasileiro Série A,EC Vitória,SC Internacional,1456.810243144878,1510.4458767436288,1.364366401249299,0.4,1.6,0.6,0.6,1.6,0.4,0.25,2.0,4.0,2.0,2
2024-06-16 21:30:00+00:00,Campeonato Brasileiro Série A,Criciúma EC,EC Bahia,1479.231710377567,1545.6038519343283,-11.372141556761335,0.8,2.6,1.8,1.2,2.2,0.4,0.3333333333333333,1.25,2.0,2.0,1
2024-06-16 21:30:00+00:00,Campeonato Brasileiro Série A,Cuiabá EC,Fortaleza EC,1452.4137816469024,1503.3633909867858,4.050390660116591,0.8,1.2,1.2,0.6,1.4,0.6,0.25,1.3333333333333333,2.0,2.0,2
2024-06-16 21:30:00+00:00,Campeonato Brasileiro Série A,Grêmio FBPA,Botafogo FR,1481.708463488622,1531.2225511473673,5.485912341254789,1.2,2.0,0.8,1.2,1.0,0.6,2.0,1.75,2.0,4.0,0
2024-06-16 21:30:00+00:00,Campeonato Brasileiro Série A,CR Vasco da Gama,Cruzeiro EC,1462.8914801293172,1521.003115708523,-3.1116355792057675,0.6,1.8,0.6,1.2,2.8,1.4,1.5,1.0,2.0,2.0,1
2024-06-17 13:00:00+00:00,European Championship,Romania,Ukraine,1500.0,1500.0,55.0,0.0,0.0,1.2,1.0,1.2,1.2,1.0,1.0,14.0,14.0,2
2024-06-17 16:00:00+00:00,European Championship,Belgium,Slovakia,1500.0,1500.0,55.0,0.0,0.0,1.2,1.0,1.2,1.2,1.0,1.0,14.0,14.0,0
2024-06-17 19:00:00+00:00,European Championship,Austria,France,1500.0,1500.0,55.0,0.0,0.0,1.2,1.0,1.2,1.2,1.0,1.0,14.0,14.0,0
2024-06-17 23:30:00+00:00,Campeonato Brasileiro Série A,CA Mineiro,SE Palmeiras,1530.441024665548,1519.0382087233882,66.4028159421598,2.2,2.0,2.2,1.2,0.8,0.6,1.6666666666666667,2.5,5.0,3.0,0
2024-06-18 16:00:00+00:00,European Championship,Turkey,Georgia,1500.0,1500.0,55.0,0.0,0.0,1.2,1.0,1.2,1.2,1.0,1.0,14.0,14.0,2
2024-06-18 19:00:00+00:00,European Championship,Portugal,Czechia,1500.0,1500.0,55.0,0.0,0.0,1.2,1.0,1.2,1.2,1.0,1.0,14.0,14.0,2
2024-06-19 13:00:00+00:00,European Championship,Croatia,Albania,1491.569935046895,1491.569935046895,55.0,0.0,0.0,0.0,1.0,3.0,2.0,1.0,0.0,3.0,3.0,1
2024-06-19 16:00:00+00:00,European Championship,Germany,Hungary,1508.430064953105,1488.430064953105,75.0,3.0,0.0,5.0,1.0,1.0,3.0,3.0,1.0,4.0,4.0,2
2024-06-19 19:00:00+00:00,European Championship,Scotland,Switzerland,1491.569935046895,1511.569935046895,35.0,0.0,3.0,1.0,3.0,5.0,1.0,1.0,3.0,5.0,4.0,1
2024-06-19 22:00:00+00:00,Campeonato Brasileiro Série A,Botafogo FR,CA Paranaense,1541.3804352763336,1525.692002831161,70.68843244517257,2.0,2.0,1.2,1.4,0.8,0.6,2.25,1.0,3.0,3.0,1
2024-06-19 22:00:00+00:00,Campeonato Brasileiro Série A,AC Goianiense,Criciúma EC,1474.43617054238,1476.2255767481888,53.210593794191254,1.4,0.8,1.2,2.0,1.0,2.4,0.25,1.3333333333333333,3.0,3.0,0
2024-06-19 23:00:00+00:00,Campeonato Brasileiro Série A,EC Juventude,CR Vasco da Gama,1496.5268222286875,1459.6477044727649,91.8791177559226,1.2,0.8,1.0,0.6,1.0,2.0,2.0,0.0,4.0,3.0,2
2024-06-19 23:00:00+00:00,Campeonato Brasileiro Série A,São Paulo FC,Cuiabá EC,1523.8900178328347,1462.2972073135504,116.59281051928428,2.2,1.4,1.8,2.2,0.8,1.0,1.75,0.75,3.0,3.0,0
2024-06-19 23:00:00+00:00,Campeonato Brasileiro Série A,Fortaleza EC,Grêmio FBPA,1493.4799653201378,1471.5505793596558,76.92938596048202,1.0,0.6,0.4,0.6,1.4,1.4,1.5,0.0,3.0,3.0,2
2024-06-20 00:30:00+00:00,Campeonato Brasileiro Série A,Cruzeiro EC,Fluminense FC,1524.2468913650753,1451.7934968811087,127.45339448396658,2.0,0.4,1.2,1.0,0.8,1.6,3.0,0.0,3.0,4.0,2
2024-06-20 00:30:00+00:00,Campeonato Brasileiro Série A,SC Internacional,SC Corinthians Paulista,1500.4851461634819,1467.0953951781898,88.38975098529204,1.0,0.6,0.6,0.8,0.8,1.4,1.6666666666666667,0.25,3.0,3.0,2
2024-06-20 13:00:00+00:00,European Championship,Slovenia,Serbia,1495.0967316197718,1488.430064953105,61.66666666666674,1.0,0.0,1.0,0.0,1.0,1.0,1.0,1.0,3.0,3.0,1
2024-06-20 16:00:00+00:00,European Championship,Denmark,England,1504.9032683802282,1511.569935046895,48.33333333333326,1.0,3.0,1.0,1.0,1.0,0.0,1.0,3.0,4.0,3.0,1
2024-06-20 19:00:00+00:00,European Championship,Spain,Italy,1508.430064953105,1508.430064953105,55.0,3.0,3.0,3.0,2.0,0.0,1.0,3.0,1.0,5.0,5.0,2
2024-06-20 21:30:00+00:00,Campeonato Brasileiro Série A,EC Vitória,CA Mineiro,1466.770973725025,1518.5527339423822,3.2182397826427405,1.0,1.6,0.8,1.6,1.2,1.6,0.8,2.0,4.0,2.0,2
2024-06-20 23:00:00+00:00,Campeonato Brasileiro Série A,CR Flamengo,EC Bahia,1546.5843001743892,1548.6099855637065,52.97431461068277,2.2,2.2,2.4,1.4,0.8,0.8,2.25,1.2,4.0,4.0,2
2024-06-21 00:30:00+00:00,Campeonato Brasileiro Série A,SE Palmeiras,RB Bragantino,1530.9264994465539,1519.8080956343929,66.11840381216098,2.4,1.4,2.0,1.2,0.6,1.0,1.0,1.25,3.0,5.0,2
2024-06-21 13:00:00+00:00,European Championship,Slovakia,Ukraine,1511.569935046895,1491.569935046895,75.0,3.0,0.0,1.0,0.0,0.0,3.0,1.0,0.0,3.0,4.0,0
2024-06-21 16:00:00+00:00,European Championship,Poland,Austria,1488.430064953105,1488.430064953105,55.0,0.0,0.0,1.0,0.0,2.0,1.0,0.0,1.0,5.0,3.0,0
2024-06-21 19:00:00+00:00,European Championship,Netherlands,France,1511.569935046895,1511.569935046895,55.0,3.0,3.0,2.0,1.0,1.0,0.0,1.0,3.0,5.0,4.0,1
2024-06-22 13:00:00+00:00,European Championship,Georgia,Czechia,1491.569935046895,1491.569935046895,55.0,0.0,0.0,1.0,1.0,3.0,2.0,1.0,0.0,3.0,3.0,1
2024-06-22 16:00:00+00:00,European Championship,Turkey,Portugal,1508.430064953105,1508.430064953105,55.0,3.0,3.0,3.0,2.0,1.0,1.0,3.0,1.0,4.0,3.0,0
2024-06-22 19:00:00+00:00,European Championship,Belgium,Romania,1488.430064953105,1508.430064953105,35.0,0.0,3.0,0.0,3.0,1.0,0.0,0.0,1.0,5.0,5.0,2
2024-06-22 19:00:00+00:00,Campeonato Brasileiro Série A,Criciúma EC,Botafogo FR,1487.7452377375314,1536.040141902953,6.705095834578287,0.8,2.2,1.6,1.2,2.6,0.6,0.5,2.0,2.0,2.0,2
2024-06-22 20:30:00+00:00,Campeonato Brasileiro Série A,Grêmio FBPA,SC Internacional,1463.7292955537869,1507.9945859560426,10.734709597744313,0.0,1.6,0.4,0.8,1.6,0.6,1.5,1.5,2.0,2.0,0
2024-06-22 21:30:00+00:00,Campeonato Brasileiro Série A,Cuiabá EC,AC Goianiense,1475.5324741003158,1462.9165095530375,67.61596454727828,2.0,1.4,2.4,1.4,0.8,1.2,0.8,1.4,2.0,2.0,1
2024-06-23 00:30:00+00:00,Campeonato Brasileiro Série A,CR Vasco da Gama,São Paulo FC,1452.2322288456678,1510.6547510460694,-3.422522200401545,0.8,1.6,0.6,1.2,2.2,0.8,1.4,1.6,3.0,3.0,2
2024-06-23 19:00:00+00:00,European Championship,Scotland,Hungary,1487.2326146484909,1480.5558214288137,61.676793219677165,0.5,0.0,1.0,0.5,3.0,2.5,1.0,0.0,4.0,4.0,0
2024-06-23 19:00:00+00:00,Campeonato Brasileiro Série A,CA Paranaense,SC Corinthians Paulista,1531.0322962045416,1459.5859553856292,126.4463408189124,1.6,0.4,1.4,0.8,0.8,1.6,2.6,0.2,3.0,3.0,1
2024-06-23 19:00:00+00:00,Campeonato Brasileiro Série A,EC Bahia,Cruzeiro EC,1540.1230022582392,1530.7346421651675,64.3883600930717,1.6,2.0,1.2,1.0,1.0,0.6,3.0,1.0,2.0,3.0,2
2024-06-23 19:00:00+00:00,Campeonato Brasileiro Série A,Fluminense FC,CR Flamengo,1445.3057460810164,1555.0712834798564,-54.765537398840024,0.2,2.6,0.6,2.6,1.6,0.8,1.2,1.8,3.0,2.0,0
2024-06-23 19:00:00+00:00,European Championship,Switzerland,Germany,1515.907255445299,1516.3043084773965,54.602946967902426,2.0,3.0,2.0,3.5,1.0,0.5,1.0,1.0,4.0,4.0,1
2024-06-23 21:30:00+00:00,Campeonato Brasileiro Série A,CA Mineiro,Fortaleza EC,1508.6453596801607,1501.3012491260067,62.344110554153986,1.0,1.4,1.4,0.6,2.4,1.4,1.25,1.0,3.0,3.0,1
2024-06-23 21:30:00+00:00,Campeonato Brasileiro Série A,RB Bragantino,EC Vitória,1511.6884909845878,1476.6783479872465,90.01014299734129,1.2,1.6,1.2,1.4,1.2,1.2,2.0,0.5,2.0,3.0,2
2024-06-23 21:30:00+00:00,Campeonato Brasileiro Série A,SE Palmeiras,EC Juventude,1539.046104096359,1503.9422978557845,90.10380624057439,2.4,1.6,2.0,1.2,0.8,0.8,1.4,0.5,2.0,3.0,2
2024-06-24 19:00:00+00:00,European Championship,Albania,Spain,1496.473203427123,1516.8601299062102,34.61307352091285,0.5,3.0,1.5,2.0,2.0,0.0,1.0,1.0,5.0,4.0,0
2024-06-24 19:00:00+00:00,European Championship,Croatia,Italy,1486.6666666666667,1500.0,41.66666666666674,0.5,1.5,1.0,1.0,2.5,1.0,1.0,0.0,5.0,4.0,1
2024-06-25 16:00:00+00:00,European Championship,France,Poland,1516.473203427123,1476.8601299062102,94.61307352091285,2.0,0.0,0.5,1.0,0.0,2.5,1.0,1.0,3.0,4.0,1
2024-06-25 16:00:00+00:00,European Championship,Netherlands,Austria,1506.6666666666667,1500.0,61.66666666666674,2.0,1.5,1.0,1.5,0.5,1.0,1.0,3.0,3.0,4.0,0
2024-06-25 19:00:00+00:00,European Championship,England,Slovenia,1516.285508264009,1490.0068953770744,81.27861288693452,2.0,1.0,1.0,1.0,0.5,1.0,1.0,1.0,5.0,5.0,1
2024-06-25 19:00:00+00:00,European Championship,Denmark,Serbia,1500.187695163114,1493.5199011958025,61.66779396731158,1.0,0.5,1.0,0.5,1.0,1.0,1.0,1.0,5.0,5.0,1
2024-06-26 16:00:00+00:00,European Championship,Ukraine,Belgium,1503.6956915226035,1497.4260778880343,61.26961363456917,1.5,1.5,1.0,1.0,2.0,0.5,1.0,1.0,5.0,3.0,1
2024-06-26 16:00:00+00:00,European Championship,Slovakia,Romania,1499.4441785711863,1499.4340520181759,55.01012655301042,1.5,1.5,1.0,1.5,1.0,1.0,0.0,0.0,5.0,3.0,1
2024-06-26 19:00:00+00:00,European Championship,Czechia,Turkey,1496.473203427123,1496.8601299062102,54.61307352091285,0.5,1.5,1.0,1.5,1.5,2.0,1.0,1.0,4.0,4.0,0
2024-06-26 19:00:00+00:00,European Championship,Georgia,Portugal,1486.6666666666667,1520.0,21.666666666666742,0.5,3.0,1.0,2.5,2.0,0.5,1.0,3.0,4.0,4.0,2
2024-06-26 22:00:00+00:00,Campeonato Brasileiro Série A,Botafogo FR,RB Bragantino,1526.2331061188518,1519.1542361599256,62.078869958926134,2.0,1.8,1.2,1.6,0.8,1.2,2.0,1.0,4.0,3.0,2
2024-06-26 22:00:00+00:00,Campeonato Brasileiro Série A,Cruzeiro EC,CA Paranaense,1522.5669589167953,1524.2121492286108,53.35480968818456,1.4,1.2,1.0,1.2,1.4,1.0,3.0,1.0,3.0,3.0,2
2024-06-26 23:00:00+00:00,Campeonato Brasileiro Série A,SC Corinthians Paulista,Cuiabá EC,1466.40610236156,1470.2772001667076,51.128902194852344,0.6,2.0,1.0,2.4,1.4,0.8,1.2,1.2,3.0,4.0,1
2024-06-26 23:00:00+00:00,Campeonato Brasileiro Série A,EC Juventude,CR Flamengo,1496.479075213672,1563.5079311785407,-12.028855964868626,1.4,2.6,1.2,2.4,1.2,0.8,2.2,1.8,3.0,3.0,2
2024-06-26 23:00:00+00:00,Campeonato Brasileiro Série A,AC Goianiense,Grêmio FBPA,1468.1717834866456,1453.4204240541192,69.75135943252644,1.0,0.0,1.0,0.4,1.2,1.6,0.2,0.0,4.0,4.0,1
2024-06-27 00:30:00+00:00,Campeonato Brasileiro Série A,SC Internacional,CA Mineiro,1518.3034574557103,1503.5366331133846,69.76682434232566,2.0,1.0,0.8,1.2,0.4,2.2,2.0,1.6,4.0,3.0,0
2024-06-27 00:30:00+00:00,Campeonato Brasileiro Série A,Fortaleza EC,SE Palmeiras,1506.4099756927828,1546.5093267384714,14.900648954311464,1.4,3.0,0.6,2.6,1.4,0.6,1.8,2.6,3.0,3.0,2
2024-06-27 00:30:00+00:00,Campeonato Brasileiro Série A,EC Bahia,CR Vasco da Gama,1548.2906855066115,1462.3307337669212,140.95995173969027,1.6,0.8,1.8,1.0,1.2,2.2,3.0,0.0,3.0,4.0,2
2024-06-27 22:00:00+00:00,Campeonato Brasileiro Série A,Fluminense FC,EC Vitória,1436.8690983823321,1469.2126028119087,22.65649557042343,0.2,1.6,0.4,1.6,1.4,1.2,1.0,0.4,4.0,4.0,0
2024-06-27 23:00:00+00:00,Campeonato Brasileiro Série A,São Paulo FC,Criciúma EC,1500.556246124816,1497.5522735216327,58.00397260318323,1.0,1.4,1.0,1.8,1.4,2.4,1.4,1.75,4.0,5.0,2
2024-06-29 16:00:00+00:00,European Championship,Switzerland,Italy,1511.0151354972602,1504.5268798923073,61.48825560495288,1.6666666666666667,1.3333333333333333,1.6666666666666667,1.0,1.0,1.0,1.0,0.5,5.0,4.0,2
2024-06-29 19:00:00+00:00,European Championship,Germany,Denmark,1521.1964284254352,1495.097827475181,81.0986009502542,2.3333333333333335,1.0,2.6666666666666665,0.6666666666666666,0.6666666666666666,0.6666666666666666,3.0,1.0,6.0,4.0,2
2024-06-29 21:30:00+00:00,Campeonato Brasileiro Série A,Cuiabá EC,RB Bragantino,1475.0716096268118,1510.9222347873442,19.149374839467555,1.6,1.2,1.6,1.4,0.6,1.6,1.0,0.8,2.0,2.0,1
2024-06-29 21:30:00+00:00,Campeonato Brasileiro Série A,CR Vasco da Gama,Botafogo FR,1456.1790196846098,1534.4651074914332,-23.28608780682339,0.8,2.0,1.0,1.4,1.4,1.0,1.4,2.0,2.0,2.0,1
2024-06-30 14:00:00+00:00,Campeonato Brasileiro Série A,CA Mineiro,AC Goianiense,1515.5181220780096,1462.857388831765,107.66073324624449,1.4,1.2,1.4,1.2,2.2,1.2,1.2,1.6,3.0,3.0,1
2024-06-30 16:00:00+00:00,European Championship,England,Slovakia,1510.6545505246318,1494.5406259103756,71.11392461425612,1.6666666666666667,1.3333333333333333,0.6666666666666666,1.0,0.3333333333333333,1.0,1.0,3.0,4.0,4.0,2
2024-06-30 19:00:00+00:00,Campeonato Brasileiro Série A,Grêmio FBPA,Fluminense FC,1458.7348187089997,1426.217914795667,87.51690391333273,0.2,0.0,0.6,0.2,1.4,1.4,1.2,0.0,3.0,2.0,2
2024-06-30 19:00:00+00:00,Campeonato Brasileiro Série A,São Paulo FC,EC Bahia,1508.9020972132105,1554.4423995889229,9.459697624287628,1.0,2.0,1.0,2.0,1.6,1.2,2.0,1.2,2.0,3.0,2
2024-06-30 19:00:00+00:00,European Championship,Spain,Georgia,1527.8530913599889,1496.0438570259585,86.8092343340304,3.0,1.3333333333333333,1.6666666666666667,1.3333333333333333,0.0,1.3333333333333333,3.0,0.0,6.0,4.0,2
2024-06-30 19:00:00+00:00,Campeonato Brasileiro Série A,Fortaleza EC,EC Juventude,1515.9813632964144,1506.825155251383,64.15620804503146,1.4,1.4,1.0,1.4,1.4,1.4,2.2,0.4,3.0,3.0,2
2024-06-30 21:30:00+00:00,Campeonato Brasileiro Série A,EC Vitória,CA Paranaense,1479.863786398574,1515.7358649701866,19.127921428387253,2.0,1.2,1.8,1.2,1.2,1.2,1.4,1.0,2.0,3.0,0
2024-06-30 21:30:00+00:00,Campeonato Brasileiro Série A,CR Flamengo,Cruzeiro EC,1553.1618511408299,1531.0432431752195,77.11860796561041,2.0,2.0,1.4,1.4,1.0,1.0,2.4,0.8,3.0,3.0,2
2024-06-30 21:30:00+00:00,Campeonato Brasileiro Série A,Criciúma EC,SC Internacional,1489.2064224332382,1506.3219684910853,37.88445394215296,1.4,1.4,1.6,0.8,1.8,0.8,1.0,1.8,2.0,3.0,1
2024-07-01 16:00:00+00:00,European Championship,France,Belgium,1510.4820629794274,1502.5048363985584,62.977226580869,1.6666666666666667,1.3333333333333333,0.6666666666666666,0.6666666666666666,0.3333333333333333,0.3333333333333333,1.0,1.0,6.0,5.0,2
2024-07-01 19:00:00+00:00,European Championship,Portugal,Slovenia,1510.6228096407083,1495.6378531164517,69.98495652425663,2.0,1.0,1.6666666666666667,0.6666666666666666,1.0,0.6666666666666666,3.0,1.0,5.0,6.0,2
2024-07-01 23:00:00+00:00,Campeonato Brasileiro Série A,SE Palmeiras,SC Corinthians Paulista,1536.9379391348398,1461.6116929014559,130.32624623338393,2.4,0.8,2.2,1.2,1.0,1.4,2.0,0.4,4.0,5.0,2
2024-07-02 16:00:00+00:00,European Championship,Romania,Netherlands,1504.3376046789865,1494.9101637573028,64.42744092168368,1.3333333333333333,1.3333333333333333,1.3333333333333333,1.3333333333333333,1.0,1.3333333333333333,3.0,3.0,6.0,7.0,0
2024-07-02 19:00:00+00:00,European Championship,Austria,Turkey,1511.756502909364,1508.419200903171,58.337302006192886,2.0,2.0,2.0,1.6666666666666667,1.3333333333333333,1.6666666666666667,0.0,3.0,7.0,6.0,0
2024-07-03 22:00:00+00:00,Campeonato Brasileiro Série A,Cuiabá EC,Botafogo FR,1471.1876704128736,1537.1292151064397,-10.94154469356613,1.8,1.6,1.6,1.4,0.4,1.2,1.2,1.6,4.0,4.0,0
2024-07-03 23:00:00+00:00,Campeonato Brasileiro Série A,Criciúma EC,Cruzeiro EC,1484.7869879532489,1523.2271464777587,16.559841475490202,1.6,1.4,1.6,1.2,1.4,1.2,1.0,0.8,3.0,3.0,2
2024-07-03 23:00:00+00:00,Campeonato Brasileiro Série A,CR Vasco da Gama,Fortaleza EC,1453.5149120696033,1524.15550487142,-15.640592801816638,1.0,2.0,1.2,1.4,1.2,1.4,1.6,1.0,4.0,3.0,2
2024-07-04 00:30:00+00:00,Campeonato Brasileiro Série A,RB Bragantino,AC Goianiense,1514.8061740012824,1469.1939331707847,100.61224083049774,1.4,1.2,1.4,1.0,1.4,1.0,2.0,1.6,4.0,3.0,2
2024-07-04 00:30:00+00:00,Campeonato Brasileiro Série A,CA Mineiro,CR Flamengo,1509.18157773899,1560.9779478382907,3.2036299006992977,1.0,2.0,1.2,1.4,2.2,1.0,1.2,1.6,3.0,3.0,0
2024-07-04 00:30:00+00:00,Campeonato Brasileiro Série A,CA Paranaense,São Paulo FC,1526.2858552418834,1518.6298924893447,62.6559627525387,1.2,1.4,0.8,1.6,1.0,1.8,2.2,1.6,3.0,3.0,0
2024-07-04 22:00:00+00:00,Campeonato Brasileiro Série A,Grêmio FBPA,SE Palmeiras,1466.2678374386344,1543.3534143840573,-22.085576945422872,0.8,2.4,0.6,2.2,1.0,1.0,1.2,2.0,4.0,2.0,1
2024-07-04 22:00:00+00:00,Campeonato Brasileiro Série A,EC Bahia,EC Juventude,1544.7146043127887,1498.6510136763775,101.06359063641116,1.4,1.2,2.0,1.4,1.8,1.6,3.0,0.2,4.0,4.0,2
2024-07-04 23:00:00+00:00,Campeonato Brasileiro Série A,Fluminense FC,SC Internacional,1418.6848960660323,1510.7414029710746,-37.0565069050424,0.0,1.4,0.2,1.0,1.4,1.0,0.4,1.4,4.0,4.0,1
2024-07-04 23:00:00+00:00,Campeonato Brasileiro Série A,SC Corinthians Paulista,EC Vitória,1455.1962176522384,1469.3137961268772,40.882421525361224,0.6,1.8,0.8,1.6,1.4,1.2,1.2,1.0,3.0,4.0,2
2024-07-05 16:00:00+00:00,European Championship,Spain,Germany,1535.4052484294946,1528.9037122457953,61.50153618369927,3.0,2.5,2.25,2.5,0.25,0.5,3.0,1.0,4.0,5.0,2
2024-07-05 19:00:00+00:00,European Championship,Portugal,France,1518.6352895850112,1518.6890273076006,54.9462622774106,2.25,2.0,2.0,0.75,0.75,0.25,3.0,2.0,4.0,4.0,0
2024-07-06 16:00:00+00:00,European Championship,England,Switzerland,1518.6358400108638,1519.2636096866747,54.372230324189104,2.0,2.0,1.0,1.75,0.5,0.75,2.0,2.0,6.0,7.0,2
2024-07-06 19:00:00+00:00,European Championship,Netherlands,Turkey,1506.7435675580946,1520.0826798110634,41.66088774703121,1.75,2.25,1.75,1.75,1.0,1.5,0.5,3.0,4.0,4.0,2
2024-07-06 23:00:00+00:00,Campeonato Brasileiro Série A,CR Flamengo,Cuiabá EC,1571.0701531057782,1461.5024893156426,164.5676637901356,2.4,1.2,2.0,0.8,1.2,0.8,2.4,1.4,2.0,3.0,1
2024-07-06 23:00:00+00:00,Campeonato Brasileiro Série A,São Paulo FC,RB Bragantino,1530.4139772432068,1521.9886431515845,63.42533409162229,1.8,1.4,1.6,1.6,1.6,1.4,2.4,0.8,2.0,2.0,2
2024-07-07 19:00:00+00:00,Campeonato Brasileiro Série A,EC Juventude,Grêmio FBPA,1491.480499755804,1463.5693232764688,82.91117647933515,1.2,1.0,1.2,0.8,1.6,1.0,2.2,0.2,2.0,2.0,2
2024-07-07 19:00:00+00:00,Campeonato Brasileiro Série A,Fortaleza EC,Fluminense FC,1513.7056362765652,1416.4141087012144,152.29152757535076,2.0,0.2,1.4,0.2,0.8,1.2,2.6,0.0,3.0,2.0,2
2024-07-07 19:00:00+00:00,Campeonato Brasileiro Série A,Cruzeiro EC,SC Corinthians Paulista,1513.703416425827,1464.0249278856143,104.67848854021281,1.2,1.0,1.2,1.0,1.4,1.4,3.0,0.4,3.0,2.0,2
2024-07-07 21:00:00+00:00,Campeonato Brasileiro Série A,SC Internacional,CR Vasco da Gama,1513.0121903358925,1463.964780664458,104.04740967143448,1.6,1.4,1.0,1.6,0.8,1.2,1.6,0.0,2.0,3.0,0
2024-07-07 21:30:00+00:00,Campeonato Brasileiro Série A,EC Vitória,Criciúma EC,1460.4850858935013,1494.3107180051804,21.17436788832083,1.2,2.0,1.6,1.4,1.6,1.0,1.2,1.4,2.0,3.0,2
2024-07-07 21:30:00+00:00,Campeonato Brasileiro Série A,AC Goianiense,CA Paranaense,1462.0114640204827,1514.5017704880213,2.5096935324613696,0.6,1.0,0.8,0.8,1.4,1.2,0.4,1.4,3.0,3.0,0
2024-07-07 21:30:00+00:00,Campeonato Brasileiro Série A,SE Palmeiras,EC Bahia,1546.0519285462228,1551.8851182333622,49.16681031286066,2.0,1.8,1.8,2.0,1.4,1.4,2.4,1.0,2.0,2.0,2
2024-07-07 23:30:00+00:00,Campeonato Brasileiro Série A,Botafogo FR,CA Mineiro,1546.8143962036706,1499.0893724715024,102.72502373216821,1.6,1.0,1.4,1.6,1.2,2.2,2.0,2.0,4.0,3.0,2
2024-07-09 19:00:00+00:00,European Championship,Spain,France,1543.653352102306,1530.257453743243,68.39589835906281,3.0,2.2,2.2,1.6,0.4,0.8,3.0,2.3333333333333335,4.0,4.0,2
2024-07-10 19:00:00+00:00,European Championship,Netherlands,England,1515.5501849606544,1527.083533271417,43.466651689237324,2.0,2.2,1.8,2.0,1.0,1.2,1.3333333333333333,2.0,4.0,4.0,0
2024-07-10 21:30:00+00:00,Campeonato Brasileiro Série A,Grêmio FBPA,Cruzeiro EC,1455.9114077286242,1520.7784994515532,-9.86709172292899,1.0,1.2,0.8,1.4,1.4,1.4,0.8,0.2,3.0,3.0,0
2024-07-10 22:00:00+00:00,Campeonato Brasileiro Série A,CR Vasco da Gama,SC Corinthians Paulista,1476.8730788656512,1456.9498448598881,74.9232340057631,2.0,1.0,2.0,1.0,1.0,1.8,1.6,0.4,3.0,3.0,2
2024-07-10 22:00:00+00:00,Campeonato Brasileiro Série A,CA Paranaense,EC Bahia,1524.5740040181242,1543.2908813294864,36.28312268863783,1.4,1.8,1.0,1.8,1.2,1.4,1.6,0.4,3.0,3.0,0
2024-07-11 22:30:00+00:00,Campeonato Brasileiro Série A,SE Palmeiras,AC Goianiense,1554.6461654500986,1451.9392304903797,157.70693495971886,2.0,0.6,1.8,0.8,1.2,1.4,3.0,1.0,4.0,4.0,2
2024-07-11 23:00:00+00:00,Campeonato Brasileiro Série A,Criciúma EC,Fluminense FC,1484.9194118741061,1410.5367030532773,129.38270882082884,1.4,0.2,1.2,0.2,1.2,1.0,1.6,0.0,4.0,4.0,1
2024-07-11 23:00:00+00:00,Campeonato Brasileiro Série A,CR Flamengo,Fortaleza EC,1563.3252712905078,1519.5830419245024,98.7422293660054,2.0,2.0,1.8,1.4,1.2,0.8,2.6,0.4,5.0,4.0,0
2024-07-12 00:30:00+00:00,Campeonato Brasileiro Série A,CA Mineiro,São Paulo FC,1491.9627902063196,1538.6084615474056,8.354328658914028,1.0,2.4,1.2,2.0,2.0,1.4,0.6,1.6,4.0,5.0,2
2024-07-12 00:30:00+00:00,Campeonato Brasileiro Série A,EC Vitória,Botafogo FR,1469.8763920245756,1553.9409784688535,-29.064586444277893,1.2,2.0,1.2,1.8,1.4,1.0,1.8,2.0,4.0,4.0,0
2024-07-13 19:00:00+00:00,Campeonato Brasileiro Série A,EC Bahia,Cuiabá EC,1554.3314136544577,1469.247371130913,140.08404252354467,1.8,0.8,1.6,0.8,1.4,1.0,3.0,1.6,2.0,6.0,0
2024-07-13 19:00:00+00:00,Campeonato Brasileiro Série A,Cruzeiro EC,RB Bragantino,1530.4945780505382,1513.7941588473857,71.70041920315248,1.8,1.4,1.6,1.4,0.6,1.4,3.0,0.8,2.0,6.0,2
2024-07-14 19:00:00+00:00,European Championship,Spain,England,1551.7098017698788,1538.3281175193265,68.38168425055233,3.0,2.2,2.0,2.2,0.6,1.4,3.0,2.3333333333333335,5.0,4.0,2
2024-07-16 22:00:00+00:00,Campeonato Brasileiro Série A,EC Juventude,CA Mineiro,1499.1384153036486,1501.7223796313842,52.41603567226434,1.2,1.4,1.4,1.4,1.6,2.0,2.6,1.4,9.0,4.0,1
2024-07-17 00:00:00+00:00,Campeonato Brasileiro Série A,SC Corinthians Paulista,Criciúma EC,1449.0734915775288,1478.025244605679,26.04824697184972,0.8,1.0,0.8,1.0,2.0,1.2,1.2,1.2,6.0,5.0,2
2024-07-17 22:00:00+00:00,Campeonato Brasileiro Série A,AC Goianiense,CR Vasco da Gama,1446.1903654293644,1484.7494321480106,16.440933281353864,0.4,2.0,1.0,1.6,2.0,0.8,0.4,0.6,5.0,7.0,0
2024-07-17 23:00:00+00:00,Campeonato Brasileiro Série A,São Paulo FC,Grêmio FBPA,1528.848872122341,1446.1953291296393,137.65354299270166,2.4,1.0,2.0,0.8,1.0,1.6,2.4,0.2,5.0,7.0,2
2024-07-18 00:30:00+00:00,Campeonato Brasileiro Série A,Fortaleza EC,EC Vitória,1532.3509474892915,1460.710992106155,126.63995538313657,2.4,1.2,1.6,1.0,0.8,1.2,3.0,1.0,6.0,6.0,2
2024-07-18 00:30:00+00:00,Campeonato Brasileiro Série A,Botafogo FR,SE Palmeiras,1563.1063783872742,1560.3950305111139,57.71134787616029,2.6,2.0,1.8,1.8,0.6,1.2,2.0,2.0,6.0,6.0,2
2024-07-20 19:00:00+00:00,Campeonato Brasileiro Série A,CR Flamengo,Criciúma EC,1550.5573657257187,1468.7735718464219,136.7837938792968,1.4,1.0,1.8,1.0,1.6,1.2,2.0,0.6,8.0,3.0,2
2024-07-20 21:30:00+00:00,Campeonato Brasileiro Série A,Botafogo FR,SC Internacional,1571.4604225769758,1500.1038921346992,126.35653044227661,2.6,1.0,1.6,1.0,0.4,1.2,2.6,1.6,2.0,13.0,2
2024-07-21 00:00:00+00:00,Campeonato Brasileiro Série A,SE Palmeiras,Cruzeiro EC,1552.0409863214122,1538.459680316863,68.58130600454933,2.0,1.8,1.8,1.6,0.8,0.8,3.0,0.8,2.0,7.0,2
2024-07-21 14:00:00+00:00,Campeonato Brasileiro Série A,Grêmio FBPA,EC Vitória,1439.9622468548964,1454.202699953814,40.75954690108233,0.8,0.6,0.6,1.0,1.6,1.8,0.8,0.8,3.0,3.0,2
2024-07-21 19:00:00+00:00,Campeonato Brasileiro Série A,CA Mineiro,CR Vasco da Gama,1506.5530251397681,1495.2222873508656,66.33073778890252,1.0,2.6,1.2,1.6,2.0,0.4,1.0,1.2,4.0,3.0,2
2024-07-21 19:00:00+00:00,Campeonato Brasileiro Série A,EC Bahia,SC Corinthians Paulista,1540.5046257135082,1458.325164336786,137.1794613767222,1.2,1.2,1.4,1.0,1.6,2.0,2.4,0.2,8.0,4.0,0
2024-07-21 21:30:00+00:00,Campeonato Brasileiro Série A,EC Juventude,São Paulo FC,1494.3077697952647,1535.0819543970838,14.225815398180885,1.4,2.4,1.4,1.8,1.2,0.8,2.2,1.0,4.0,3.0,1
2024-07-21 21:30:00+00:00,Campeonato Brasileiro Série A,RB Bragantino,CA Paranaense,1505.829056581061,1513.533471693153,47.295584887908035,0.8,1.2,1.2,1.0,1.6,1.6,2.0,1.4,8.0,10.0,2
2024-07-21 21:30:00+00:00,Campeonato Brasileiro Série A,Fortaleza EC,AC Goianiense,1538.8592396416323,1435.7175102265094,158.14172941512288,2.4,0.2,1.6,0.8,1.0,2.0,3.0,1.0,3.0,3.0,2
2024-07-21 23:00:00+00:00,Campeonato Brasileiro Série A,Cuiabá EC,Fluminense FC,1483.0741590718626,1417.4308703217043,120.64328875015826,1.2,0.4,1.2,0.4,1.2,1.0,1.2,0.2,8.0,10.0,0
2024-07-24 22:00:00+00:00,Campeonato Brasileiro Série A,Criciúma EC,Fortaleza EC,1462.5189881046658,1544.5978573883983,-27.0788692837325,0.8,2.4,1.0,1.8,1.4,1.0,1.8,0.8,4.0,3.0,1
2024-07-24 22:00:00+00:00,Campeonato Brasileiro Série A,Cruzeiro EC,EC Juventude,1530.40836499846,1490.5652132442058,94.84315175425422,1.8,1.0,1.4,1.0,0.8,1.0,3.0,0.2,3.0,3.0,2
2024-07-24 22:30:00+00:00,Campeonato Brasileiro Série A,São Paulo FC,Botafogo FR,1538.8245109481427,1577.9758798145413,15.84863113360143,2.0,3.0,1.2,1.6,0.6,0.2,2.4,2.0,3.0,4.0,1
2024-07-24 23:00:00+00:00,Campeonato Brasileiro Série A,EC Vitória,CR Flamengo,1445.3705014796415,1556.8119494674747,-56.44144798783327,0.6,2.0,1.0,2.0,2.0,1.4,1.8,2.0,3.0,4.0,0
2024-07-25 00:30:00+00:00,Campeonato Brasileiro Série A,AC Goianiense,EC Bahia,1429.9788924797433,1526.749422964398,-41.77053048465473,0.0,1.2,0.8,1.2,2.4,1.2,0.4,0.8,3.0,3.0,1
2024-07-25 00:30:00+00:00,Campeonato Brasileiro Série A,Fluminense FC,SE Palmeiras,1430.7701197416127,1560.092301639815,-74.32218189820242,1.0,2.0,0.6,1.8,0.8,0.8,0.4,1.4,3.0,4.0,2
2024-07-25 23:00:00+00:00,Campeonato Brasileiro Série A,SC Corinthians Paulista,Grêmio FBPA,1472.0803670858961,1448.794445329069,78.28592175682707,1.8,0.8,1.2,0.8,1.6,1.6,1.6,0.2,4.0,4.0,1
2024-07-27 22:00:00+00:00,Campeonato Brasileiro Série A,SE Palmeiras,EC Vitória,1547.9851804536183,1436.980875604896,166.0043048487223,1.8,0.6,1.4,0.8,0.6,1.8,3.0,0.6,2.0,2.0,0
2024-07-27 22:00:00+00:00,Campeonato Brasileiro Série A,EC Juventude,Criciúma EC,1483.2291736715274,1459.9634729589693,78.2657007125581,1.0,0.4,0.8,1.0,1.0,1.6,2.2,0.6,3.0,3.0,0
2024-07-27 23:00:00+00:00,Campeonato Brasileiro Série A,EC Bahia,SC Internacional,1528.8862629891817,1493.5884348971338,90.2978280920479,0.8,0.4,1.0,0.8,1.4,1.4,1.8,1.0,2.0,7.0,1
2024-07-28 00:30:00+00:00,Campeonato Brasileiro Série A,Botafogo FR,Cruzeiro EC,1581.7650572873047,1537.7444045711384,99.0206527161663,2.6,2.4,1.6,1.8,0.4,0.6,2.6,0.6,3.0,3.0,0
2024-07-28 00:30:00+00:00,Campeonato Brasileiro Série A,Fortaleza EC,São Paulo FC,1547.1533725340948,1535.0353334753793,67.11803905871557,2.6,1.6,2.0,1.2,0.8,0.8,3.0,1.0,3.0,3.0,2
2024-07-28 14:00:00+00:00,Campeonato Brasileiro Série A,RB Bragantino,Fluminense FC,1514.4761268428558,1442.8772409278095,126.59888591504637,1.4,1.6,1.2,0.8,1.2,0.6,2.4,0.8,6.0,3.0,0
2024-07-28 19:00:00+00:00,Campeonato Brasileiro Série A,CR Flamengo,AC Goianiense,1565.2015753422202,1427.8420524549597,192.35952288726048,2.0,0.2,2.0,0.8,1.4,2.0,2.0,0.4,3.0,3.0,2
2024-07-28 22:00:00+00:00,Campeonato Brasileiro Série A,Grêmio FBPA,CR Vasco da Gama,1454.3436539430406,1487.1085773916207,22.23507655141998,0.8,2.4,0.8,1.4,1.6,0.6,1.4,1.2,2.0,7.0,2
2024-07-28 22:00:00+00:00,Campeonato Brasileiro Série A,Cuiabá EC,CA Paranaense,1469.7349096519542,1504.886401431358,19.84850822059616,1.0,1.2,1.0,1.0,1.2,1.4,1.0,1.4,6.0,7.0,0
2024-07-28 22:00:00+00:00,Campeonato Brasileiro Série A,CA Mineiro,SC Corinthians Paulista,1514.666735099013,1466.5311584719245,103.13557662708854,1.4,1.4,1.4,1.0,1.8,1.6,1.6,0.8,7.0,2.0,2
2024-08-03 19:00:00+00:00,Campeonato Brasileiro Série A,EC Vitória,Cuiabá EC,1451.4256657033595,1459.1642443499543,47.26142135340524,0.6,0.8,0.8,1.0,1.6,1.4,1.2,1.6,6.0,5.0,2
2024-08-03 22:00:00+00:00,Campeonato Brasileiro Série A,CR Vasco da Gama,RB Bragantino,1477.7476820493464,1500.985456993567,31.76222505577948,1.8,1.2,1.0,1.0,0.8,1.2,2.2,0.2,6.0,6.0,1
2024-08-03 23:00:00+00:00,Campeonato Brasileiro Série A,AC Goianiense,Botafogo FR,1422.874599485399,1568.9897536481353,-91.11515416273642,0.2,2.0,0.6,1.0,2.0,1.0,0.4,1.6,6.0,6.0,0
2024-08-03 23:00:00+00:00,Campeonato Brasileiro Série A,Criciúma EC,CA Mineiro,1472.1787948012475,1521.7824800329709,5.396314768276625,1.0,2.0,1.2,1.4,1.4,1.2,1.8,1.4,7.0,6.0,2
2024-08-04 00:30:00+00:00,Campeonato Brasileiro Série A,São Paulo FC,CR Flamengo,1526.9434682177916,1570.169028311781,11.774439906010684,1.0,2.0,0.8,1.6,1.0,1.0,2.6,2.0,7.0,6.0,2
2024-08-04 19:00:00+00:00,Campeonato Brasileiro Série A,CA Paranaense,Grêmio FBPA,1515.457066733358,1463.704549285315,106.75251744804314,1.2,1.4,1.2,1.0,1.6,1.0,1.0,0.4,6.0,6.0,0
2024-08-04 19:00:00+00:00,Campeonato Brasileiro Série A,SC Corinthians Paulista,EC Juventude,1459.4154135379667,1471.0138518292492,43.40156170871751,1.4,1.0,1.2,1.0,1.4,1.0,1.8,0.0,6.0,7.0,1
2024-08-04 19:00:00+00:00,Campeonato Brasileiro Série A,Fluminense FC,EC Bahia,1456.3679107770984,1523.010928010174,-11.643017233075625,2.0,1.0,0.8,1.2,0.4,1.2,0.8,0.8,7.0,7.0,2
2024-08-04 20:00:00+00:00,Campeonato Brasileiro Série A,SC Internacional,SE Palmeiras,1499.4637698761414,1533.5403903551548,20.9233795209866,0.6,1.2,0.8,1.0,1.2,1.0,1.0,0.8,7.0,7.0,1
2024-08-06 00:00:00+00:00,Campeonato Brasileiro Série A,Cruzeiro EC,Fortaleza EC,1550.5197082103077,1555.2452377916825,50.27447041862524,2.4,2.6,1.8,2.0,0.6,0.8,3.0,1.0,8.0,8.0,0
2024-08-09 18:00:00+00:00,Eredivisie,FC Groningen,NAC Breda,1500.0,1500.0,55.0,0.0,0.0,1.2,1.0,1.2,1.2,1.0,1.0,14.0,14.0,2
2024-08-09 19:00:00+00:00,Championship,Blackburn Rovers FC,Derby County FC,1500.0,1500.0,55.0,0.0,0.0,1.2,1.0,1.2,1.2,1.0,1.0,14.0,14.0,2
2024-08-09 19:00:00+00:00,Championship,Preston North End FC,Sheffield United FC,1500.0,1500.0,55.0,0.0,0.0,1.2,1.0,1.2,1.2,1.0,1.0,14.0,14.0,0
2024-08-09 19:15:00+00:00,Primeira Liga,Sporting Clube de Portugal,Rio Ave FC,1500.0,1500.0,55.0,0.0,0.0,1.2,1.0,1.2,1.2,1.0,1.0,14.0,14.0,2
2024-08-10 11:30:00+00:00,Championship,Oxford United FC,Norwich City FC,1500.0,1500.0,55.0,0.0,0.0,1.2,1.0,1.2,1.2,1.0,1.0,14.0,14.0,2
2024-08-10 11:30:00+00:00,Championship,Millwall FC,Watford FC,1500.0,1500.0,55.0,0.0,0.0,1.2,1.0,1.2,1.2,1.0,1.0,14.0,14.0,0
2024-08-10 11:30:00+00:00,Championship,Stoke City FC,Coventry City FC,1500.0,1500.0,55.0,0.0,0.0,1.2,1.0,1.2,1.2,1.0,1.0,14.0,14.0,2
2024-08-10 11:30:00+00:00,Championship,Middlesbrough FC,Swansea City AFC,1500.0,1500.0,55.0,0.0,0.0,1.2,1.0,1.2,1.2,1.0,1.0,14.0,14.0,2
2024-08-10 11:30:00+00:00,Championship,Leeds United FC,Portsmouth FC,1500.0,1500.0,55.0,0.0,0.0,1.2,1.0,1.2,1.2,1.0,1.0,14.0,14.0,1
2024-08-10 11:30:00+00:00,Championship,Hull City AFC,Bristol City FC,1500.0,1500.0,55.0,0.0,0.0,1.2,1.0,1.2,1.2,1.0,1.0,14.0,14.0,1
2024-08-10 11:30:00+00:00,Championship,Cardiff City FC,Sunderland AFC,1500.0,1500.0,55.0,0.0,0.0,1.2,1.0,1.2,1.2,1.0,1.0,14.0,14.0,0
2024-08-10 11:30:00+00:00,Championship,Queens Park Rangers FC,West Bromwich Albion FC,1500.0,1500.0,55.0,0.0,0.0,1.2,1.0,1.2,1.2,1.0,1.0,14.0,14.0,0
2024-08-10 14:30:00+00:00,Eredivisie,Feyenoord Rotterdam,Willem II Tilburg,1500.0,1500.0,55.0,0.0,0.0,1.2,1.0,1.2,1.2,1.0,1.0,14.0,14.0,1
2024-08-10 14:30:00+00:00,Primeira Liga,AVS,CD Nacional,1500.0,1500.0,55.0,0.0,0.0,1.2,1.0,1.2,1.2,1.0,1.0,14.0,14.0,1
2024-08-10 16:45:00+00:00,Eredivisie,NEC,FC Twente '65,1500.0,1500.0,55.0,0.0,0.0,1.2,1.0,1.2,1.2,1.0,1.0,14.0,14.0,0
2024-08-10 17:00:00+00:00,Primeira Liga,Casa Pia AC,Boavista FC,1500.0,1500.0,55.0,0.0,0.0,1.2,1.0,1.2,1.2,1.0,1.0,14.0,14.0,0
2024-08-10 18:00:00+00:00,Eredivisie,Almere City FC,AZ,1500.0,1500.0,55.0,0.0,0.0,1.2,1.0,1.2,1.2,1.0,1.0,14.0,14.0,0
2024-08-10 19:00:00+00:00,Campeonato Brasileiro Série A,Fortaleza EC,Criciúma EC,1566.6822377799558,1482.023488865336,139.65874891461976,2.6,1.4,2.0,1.4,0.8,1.4,3.0,0.6,4.0,6.0,2
2024-08-10 19:00:00+00:00,Eredivisie,PSV,RKC Waalwijk,1500.0,1500.0,55.0,0.0,0.0,1.2,1.0,1.2,1.2,1.0,1.0,14.0,14.0,2
2024-08-10 19:30:00+00:00,Primeira Liga,FC Porto,Gil Vicente FC,1500.0,1500.0,55.0,0.0,0.0,1.2,1.0,1.2,1.2,1.0,1.0,14.0,14.0,2
2024-08-10 22:00:00+00:00,Campeonato Brasileiro Série A,Cuiabá EC,Grêmio FBPA,1450.5162087683655,1476.6839587963545,28.832249972010914,0.8,2.0,0.8,1.4,1.2,0.6,0.4,1.0,7.0,6.0,0
2024-08-11 00:30:00+00:00,Campeonato Brasileiro Série A,SC Corinthians Paulista,RB Bragantino,1454.8393404205435,1505.2304423726996,4.6088980478439225,1.6,0.8,1.4,0.8,1.2,1.4,1.8,0.4,6.0,7.0,1
2024-08-11 00:30:00+00:00,Campeonato Brasileiro Série A,Cruzeiro EC,CA Mineiro,1539.0827082220344,1511.9377859688823,82.14492225315212,1.8,2.0,1.6,1.6,1.0,1.0,2.4,0.8,5.0,7.0,1
2024-08-11 00:30:00+00:00,Campeonato Brasileiro Série A,CR Vasco da Gama,Fluminense FC,1473.5026966702137,1466.7028983626578,61.799798307555875,1.4,2.6,1.0,1.0,1.0,0.2,2.2,1.4,7.0,6.0,2
2024-08-11 10:15:00+00:00,Eredivisie,Sparta Rotterdam,Heracles Almelo,1500.0,1500.0,55.0,0.0,0.0,1.2,1.0,1.2,1.2,1.0,1.0,14.0,14.0,1
2024-08-11 12:30:00+00:00,Eredivisie,Go Ahead Eagles,Fortuna Sittard,1500.0,1500.0,55.0,0.0,0.0,1.2,1.0,1.2,1.2,1.0,1.0,14.0,14.0,0
2024-08-11 12:30:00+00:00,Eredivisie,FC Utrecht,PEC Zwolle,1500.0,1500.0,55.0,0.0,0.0,1.2,1.0,1.2,1.2,1.0,1.0,14.0,14.0,2
2024-08-11 14:00:00+00:00,Campeonato Brasileiro Série A,EC Juventude,Botafogo FR,1475.5899249466725,1576.4257607602526,-45.83583581358016,0.6,2.0,0.6,1.6,1.2,1.2,1.6,2.2,6.0,7.0,2
2024-08-11 14:30:00+00:00,Primeira Liga,GD Estoril Praia,CD Santa Clara,1500.0,1500.0,55.0,0.0,0.0,1.2,1.0,1.2,1.2,1.0,1.0,14.0,14.0,0
2024-08-11 14:45:00+00:00,Eredivisie,AFC Ajax,SC Heerenveen,1500.0,1500.0,55.0,0.0,0.0,1.2,1.0,1.2,1.2,1.0,1.0,14.0,14.0,2
2024-08-11 15:00:00+00:00,Championship,Sheffield Wednesday FC,Plymouth Argyle FC,1500.0,1500.0,55.0,0.0,0.0,1.2,1.0,1.2,1.2,1.0,1.0,14.0,14.0,2
2024-08-11 17:00:00+00:00,Primeira Liga,FC Famalicão,Sport Lisboa e Benfica,1500.0,1500.0,55.0,0.0,0.0,1.2,1.0,1.2,1.2,1.0,1.0,14.0,14.0,2
2024-08-11 17:00:00+00:00,Primeira Liga,SC Farense,Moreirense FC,1500.0,1500.0,55.0,0.0,0.0,1.2,1.0,1.2,1.2,1.0,1.0,14.0,14.0,0
2024-08-11 19:00:00+00:00,Campeonato Brasileiro Série A,CR Flamengo,SE Palmeiras,1560.5077942531152,1537.4752199818686,78.03257427124663,1.8,0.8,1.4,0.6,1.0,1.0,2.0,0.4,7.0,6.0,1
2024-08-11 19:00:00+00:00,Campeonato Brasileiro Série A,São Paulo FC,AC Goianiense,1536.6047022764574,1415.4385923732816,176.16610990317577,1.6,0.2,0.8,0.6,0.6,2.2,2.6,0.2,7.0,7.0,2
2024-08-11 19:00:00+00:00,Campeonato Brasileiro Série A,EC Bahia,EC Vitória,1512.6759404246145,1460.0737012849484,107.60223913966615,0.4,1.2,0.6,1.0,1.2,1.4,1.4,1.2,7.0,8.0,2
2024-08-11 19:30:00+00:00,Primeira Liga,Sporting Clube de Braga,CF Estrela da Amadora,1500.0,1500.0,55.0,0.0,0.0,1.2,1.0,1.2,1.2,1.0,1.0,14.0,14.0,1
2024-08-11 22:00:00+00:00,Campeonato Brasileiro Série A,SC Internacional,CA Paranaense,1495.5289402494277,1502.4776572223184,48.05128302710932,0.6,1.2,0.8,1.0,1.2,1.6,1.0,1.8,7.0,7.0,1
2024-08-12 19:00:00+00:00,Championship,Luton Town FC,Burnley FC,1500.0,1500.0,55.0,0.0,0.0,1.2,1.0,1.2,1.2,1.0,1.0,14.0,14.0,0
2024-08-12 19:15:00+00:00,Primeira Liga,FC Arouca,Vitória SC,1500.0,1500.0,55.0,0.0,0.0,1.2,1.0,1.2,1.2,1.0,1.0,14.0,14.0,0
2024-08-14 22:30:00+00:00,Campeonato Brasileiro Série A,SC Internacional,EC Juventude,1490.8213308819643,1486.9015855629436,58.91974531902065,0.6,1.0,1.0,1.0,1.4,1.4,1.0,0.2,3.0,3.0,2
2024-08-15 17:00:00+00:00,Primera Division,Athletic Club,Getafe CF,1500.0,1500.0,55.0,0.0,0.0,1.2,1.0,1.2,1.2,1.0,1.0,14.0,14.0,1
2024-08-15 19:30:00+00:00,Primera Division,Real Betis Balompié,Girona FC,1500.0,1500.0,55.0,0.0,0.0,1.2,1.0,1.2,1.2,1.0,1.0,14.0,14.0,1
2024-08-16 16:00:00+00:00,Primeira Liga,CD Santa Clara,FC Porto,1511.569935046895,1508.430064953105,58.139870093789796,3.0,3.0,4.0,3.0,1.0,0.0,1.0,1.0,5.0,5.0,0
2024-08-16 17:00:00+00:00,Primera Division,RC Celta de Vigo,Deportivo Alavés,1500.0,1500.0,55.0,0.0,0.0,1.2,1.0,1.2,1.2,1.0,1.0,14.0,14.0,2
2024-08-16 18:00:00+00:00,Eredivisie,Fortuna Sittard,Almere City FC,1511.569935046895,1488.430064953105,78.1398700937898,3.0,0.0,2.0,0.0,0.0,1.0,1.0,1.0,5.0,6.0,2
2024-08-16 18:45:00+00:00,Ligue 1,Le Havre AC,Paris Saint-Germain FC,1500.0,1500.0,55.0,0.0,0.0,1.2,1.0,1.2,1.2,1.0,1.0,14.0,14.0,0
2024-08-16 19:00:00+00:00,Championship,Coventry City FC,Oxford United FC,1491.569935046895,1508.430064953105,38.139870093789796,0.0,3.0,0.0,2.0,1.0,0.0,1.0,1.0,6.0,6.0,2
2024-08-16 19:00:00+00:00,Premier League,Manchester United FC,Fulham FC,1500.0,1500.0,55.0,0.0,0.0,1.2,1.0,1.2,1.2,1.0,1.0,14.0,14.0,2
2024-08-16 19:15:00+00:00,Primeira Liga,Gil Vicente FC,AVS,1491.569935046895,1495.0967316197718,51.47320342712305,0.0,1.0,0.0,1.0,3.0,1.0,1.0,1.0,5.0,6.0,2
2024-08-16 19:30:00+00:00,Primera Division,UD Las Palmas,Sevilla FC,1500.0,1500.0,55.0,0.0,0.0,1.2,1.0,1.2,1.2,1.0,1.0,14.0,14.0,1
2024-08-17 11:30:00+00:00,Championship,Derby County FC,Middlesbrough FC,1491.569935046895,1508.430064953105,38.139870093789796,0.0,3.0,2.0,1.0,4.0,0.0,1.0,1.0,7.0,7.0,2
2024-08-17 11:30:00+00:00,Championship,Portsmouth FC,Luton Town FC,1504.9032683802282,1488.430064953105,71.47320342712305,1.0,0.0,3.0,1.0,3.0,4.0,1.0,1.0,7.0,4.0,1
2024-08-17 11:30:00+00:00,Championship,West Bromwich Albion FC,Leeds United FC,1511.569935046895,1495.0967316197718,71.47320342712305,3.0,1.0,3.0,3.0,1.0,3.0,1.0,1.0,7.0,7.0,1
2024-08-17 11:30:00+00:00,Premier League,Ipswich Town FC,Liverpool FC,1500.0,1500.0,55.0,0.0,0.0,1.2,1.0,1.2,1.2,1.0,1.0,14.0,14.0,0
2024-08-17 14:00:00+00:00,Premier League,Everton FC,Brighton & Hove Albion FC,1500.0,1500.0,55.0,0.0,0.0,1.2,1.0,1.2,1.2,1.0,1.0,14.0,14.0,0
2024-08-17 14:00:00+00:00,Championship,Sheffield United FC,Queens Park Rangers FC,1511.569935046895,1488.430064953105,78.1398700937898,3.0,0.0,2.0,1.0,0.0,3.0,1.0,1.0,7.0,7.0,1
2024-08-17 14:00:00+00:00,Premier League,Arsenal FC,Wolverhampton Wanderers FC,1500.0,1500.0,55.0,0.0,0.0,1.2,1.0,1.2,1.2,1.0,1.0,14.0,14.0,2
2024-08-17 14:00:00+00:00,Championship,Plymouth Argyle FC,Hull City AFC,1491.569935046895,1495.0967316197718,51.47320342712305,0.0,1.0,0.0,1.0,4.0,1.0,1.0,1.0,5.0,7.0,1
2024-08-17 14:00:00+00:00,Championship,Burnley FC,Cardiff City FC,1511.569935046895,1488.430064953105,78.1398700937898,3.0,0.0,4.0,0.0,1.0,2.0,1.0,1.0,4.0,7.0,2
2024-08-17 14:00:00+00:00,Premier League,Nottingham Forest FC,AFC Bournemouth,1500.0,1500.0,55.0,0.0,0.0,1.2,1.0,1.2,1.2,1.0,1.0,14.0,14.0,1
2024-08-17 14:00:00+00:00,Championship,Norwich City FC,Blackburn Rovers FC,1491.569935046895,1508.430064953105,38.139870093789796,0.0,3.0,0.0,4.0,2.0,2.0,1.0,1.0,7.0,7.0,1
2024-08-17 14:00:00+00:00,Championship,Watford FC,Stoke City FC,1511.569935046895,1508.430064953105,58.139870093789796,3.0,3.0,3.0,1.0,2.0,0.0,1.0,1.0,7.0,7.0,2
2024-08-17 14:00:00+00:00,Championship,Bristol City FC,Millwall FC,1504.9032683802282,1488.430064953105,71.47320342712305,1.0,0.0,1.0,2.0,1.0,3.0,1.0,1.0,7.0,7.0,2
2024-08-17 14:00:00+00:00,Premier League,Newcastle United FC,Southampton FC,1500.0,1500.0,55.0,0.0,0.0,1.2,1.0,1.2,1.2,1.0,1.0,14.0,14.0,2
2024-08-17 14:00:00+00:00,Championship,Swansea City AFC,Preston North End FC,1491.569935046895,1488.430064953105,58.139870093789796,0.0,0.0,0.0,0.0,1.0,2.0,1.0,1.0,7.0,7.0,2
2024-08-17 14:30:00+00:00,Eredivisie,SC Heerenveen,FC Utrecht,1491.569935046895,1508.430064953105,38.139870093789796,0.0,3.0,0.0,1.0,1.0,0.0,1.0,1.0,5.0,6.0,1
2024-08-17 14:30:00+00:00,Primeira Liga,Rio Ave FC,SC Farense,1491.569935046895,1488.430064953105,58.139870093789796,0.0,0.0,1.0,1.0,3.0,2.0,1.0,1.0,7.0,5.0,2
2024-08-17 15:00:00+00:00,Ligue 1,Stade Brestois 29,Olympique de Marseille,1500.0,1500.0,55.0,0.0,0.0,1.2,1.0,1.2,1.2,1.0,1.0,14.0,14.0,0
2024-08-17 16:30:00+00:00,Premier League,West Ham United FC,Aston Villa FC,1500.0,1500.0,55.0,0.0,0.0,1.2,1.0,1.2,1.2,1.0,1.0,14.0,14.0,0
2024-08-17 16:30:00+00:00,Serie A,Genoa CFC,FC Internazionale Milano,1500.0,1500.0,55.0,0.0,0.0,1.2,1.0,1.2,1.2,1.0,1.0,14.0,14.0,1
2024-08-17 16:30:00+00:00,Serie A,Parma Calcio 1913,ACF Fiorentina,1500.0,1500.0,55.0,0.0,0.0,1.2,1.0,1.2,1.2,1.0,1.0,14.0,14.0,1
2024-08-17 16:45:00+00:00,Eredivisie,FC Twente '65,Sparta Rotterdam,1511.569935046895,1495.0967316197718,71.47320342712305,3.0,1.0,2.0,0.0,1.0,0.0,1.0,1.0,7.0,6.0,1
2024-08-17 17:00:00+00:00,Ligue 1,Stade de Reims,Lille OSC,1500.0,1500.0,55.0,0.0,0.0,1.2,1.0,1.2,1.2,1.0,1.0,14.0,14.0,0
2024-08-17 17:00:00+00:00,Primera Division,CA Osasuna,CD Leganés,1500.0,1500.0,55.0,0.0,0.0,1.2,1.0,1.2,1.2,1.0,1.0,14.0,14.0,1
2024-08-17 17:00:00+00:00,Primeira Liga,CD Nacional,Sporting Clube de Portugal,1504.9032683802282,1508.430064953105,51.47320342712305,1.0,3.0,1.0,3.0,1.0,1.0,1.0,1.0,7.0,7.0,0
2024-08-17 18:00:00+00:00,Eredivisie,AZ,NEC,1511.569935046895,1488.430064953105,78.1398700937898,3.0,0.0,1.0,1.0,0.0,2.0,1.0,1.0,7.0,7.0,2
2024-08-17 18:45:00+00:00,Serie A,AC Milan,Torino FC,1500.0,1500.0,55.0,0.0,0.0,1.2,1.0,1.2,1.2,1.0,1.0,14.0,14.0,1
2024-08-17 18:45:00+00:00,Serie A,Empoli FC,AC Monza,1500.0,1500.0,55.0,0.0,0.0,1.2,1.0,1.2,1.2,1.0,1.0,14.0,14.0,1
2024-08-17 19:00:00+00:00,Campeonato Brasileiro Série A,Grêmio FBPA,EC Bahia,1487.5119179071116,1519.674261243938,22.837656663173675,2.6,1.0,2.0,0.8,0.6,0.8,2.0,0.8,6.0,6.0,0
2024-08-17 19:00:00+00:00,Campeonato Brasileiro Série A,CA Mineiro,Cuiabá EC,1517.5923482184935,1439.6882496576084,132.90409856088513,1.6,0.6,1.2,0.8,0.8,1.6,2.0,1.6,6.0,6.0,1
2024-08-17 19:00:00+00:00,Eredivisie,RKC Waalwijk,FC Groningen,1491.569935046895,1508.430064953105,38.139870093789796,0.0,3.0,1.0,4.0,5.0,1.0,1.0,1.0,7.0,8.0,0
2024-08-17 19:00:00+00:00,Ligue 1,AS Monaco FC,AS Saint-Étienne,1500.0,1500.0,55.0,0.0,0.0,1.2,1.0,1.2,1.2,1.0,1.0,14.0,14.0,2
2024-08-17 19:30:00+00:00,Primera Division,Valencia CF,FC Barcelona,1500.0,1500.0,55.0,0.0,0.0,1.2,1.0,1.2,1.2,1.0,1.0,14.0,14.0,0
2024-08-17 19:30:00+00:00,Primeira Liga,Sport Lisboa e Benfica,Casa Pia AC,1491.569935046895,1488.430064953105,58.139870093789796,0.0,0.0,0.0,0.0,2.0,1.0,1.0,1.0,6.0,7.0,2
2024-08-17 21:30:00+00:00,Campeonato Brasileiro Série A,RB Bragantino,Fortaleza EC,1508.6964226746215,1572.8659030646556,-9.169480390034096,1.0,2.6,1.0,1.6,1.2,0.6,2.4,1.6,6.0,7.0,0
2024-08-18 00:00:00+00:00,Campeonato Brasileiro Série A,Fluminense FC,SC Corinthians Paulista,1458.463114634803,1451.3733601186216,62.08975451618153,2.4,1.2,0.8,1.2,0.4,1.2,1.4,0.6,6.0,6.0,1
2024-08-18 10:15:00+00:00,Eredivisie,Heracles Almelo,PSV,1504.9032683802282,1508.430064953105,51.47320342712305,1.0,3.0,0.0,5.0,0.0,1.0,1.0,1.0,7.0,7.0,0
2024-08-18 11:00:00+00:00,Championship,Sunderland AFC,Sheffield Wednesday FC,1511.569935046895,1508.430064953105,58.139870093789796,3.0,3.0,2.0,4.0,0.0,0.0,1.0,1.0,7.0,6.0,2
2024-08-18 12:30:00+00:00,Eredivisie,Willem II Tilburg,Go Ahead Eagles,1504.9032683802282,1488.430064953105,71.47320342712305,1.0,0.0,1.0,0.0,1.0,2.0,1.0,1.0,7.0,7.0,2
2024-08-18 12:30:00+00:00,Eredivisie,PEC Zwolle,Feyenoord Rotterdam,1491.569935046895,1495.0967316197718,51.47320342712305,0.0,1.0,0.0,1.0,1.0,1.0,1.0,1.0,7.0,7.0,0
2024-08-18 13:00:00+00:00,Premier League,Brentford FC,Crystal Palace FC,1500.0,1500.0,55.0,0.0,0.0,1.2,1.0,1.2,1.2,1.0,1.0,14.0,14.0,2
2024-08-18 13:00:00+00:00,Ligue 1,AJ Auxerre,OGC Nice,1500.0,1500.0,55.0,0.0,0.0,1.2,1.0,1.2,1.2,1.0,1.0,14.0,14.0,2
2024-08-18 14:30:00+00:00,Primeira Liga,Moreirense FC,FC Arouca,1511.569935046895,1488.430064953105,78.1398700937898,3.0,0.0,2.0,0.0,1.0,1.0,1.0,1.0,6.0,5.0,2
2024-08-18 14:45:00+00:00,Eredivisie,NAC Breda,AFC Ajax,1491.569935046895,1508.430064953105,38.139870093789796,0.0,3.0,1.0,1.0,4.0,0.0,1.0,1.0,8.0,7.0,2
2024-08-18 15:00:00+00:00,Ligue 1,Toulouse FC,FC Nantes,1500.0,1500.0,55.0,0.0,0.0,1.2,1.0,1.2,1.2,1.0,1.0,14.0,14.0,1
2024-08-18 15:00:00+00:00,Ligue 1,Montpellier HSC,RC Strasbourg Alsace,1500.0,1500.0,55.0,0.0,0.0,1.2,1.0,1.2,1.2,1.0,1.0,14.0,14.0,1
2024-08-18 15:00:00+00:00,Ligue 1,Angers SCO,Racing Club de Lens,1500.0,1500.0,55.0,0.0,0.0,1.2,1.0,1.2,1.2,1.0,1.0,14.0,14.0,0
2024-08-18 15:30:00+00:00,Premier League,Chelsea FC,Manchester City FC,1500.0,1500.0,55.0,0.0,0.0,1.2,1.0,1.2,1.2,1.0,1.0,14.0,14.0,0
2024-08-18 16:30:00+00:00,Serie A,Bologna FC 1909,Udinese Calcio,1500.0,1500.0,55.0,0.0,0.0,1.2,1.0,1.2,1.2,1.0,1.0,14.0,14.0,1
2024-08-18 16:30:00+00:00,Serie A,Hellas Verona FC,SSC Napoli,1500.0,1500.0,55.0,0.0,0.0,1.2,1.0,1.2,1.2,1.0,1.0,14.0,14.0,2
2024-08-18 17:00:00+00:00,Primeira Liga,Vitória SC,GD Estoril Praia,1511.569935046895,1488.430064953105,78.1398700937898,3.0,0.0,1.0,1.0,0.0,4.0,1.0,1.0,5.0,7.0,2
2024-08-18 17:00:00+00:00,Primera Division,Real Sociedad de Fútbol,Rayo Vallecano de Madrid,1500.0,1500.0,55.0,0.0,0.0,1.2,1.0,1.2,1.2,1.0,1.0,14.0,14.0,0
2024-08-18 18:45:00+00:00,Serie A,SS Lazio,Venezia FC,1500.0,1500.0,55.0,0.0,0.0,1.2,1.0,1.2,1.2,1.0,1.0,14.0,14.0,2
2024-08-18 18:45:00+00:00,Ligue 1,Stade Rennais FC 1901,Olympique Lyonnais,1500.0,1500.0,55.0,0.0,0.0,1.2,1.0,1.2,1.2,1.0,1.0,14.0,14.0,2
2024-08-18 18:45:00+00:00,Serie A,Cagliari Calcio,AS Roma,1500.0,1500.0,55.0,0.0,0.0,1.2,1.0,1.2,1.2,1.0,1.0,14.0,14.0,1
2024-08-18 19:00:00+00:00,Campeonato Brasileiro Série A,AC Goianiense,SC Internacional,1410.1150027300073,1499.1415563564024,-34.02655362639507,0.2,1.2,0.6,1.2,2.2,1.2,0.4,1.2,7.0,3.0,2
2024-08-18 19:00:00+00:00,Campeonato Brasileiro Série A,Criciúma EC,CR Vasco da Gama,1475.8398235806362,1481.7424803980684,49.09734318256778,1.4,1.4,1.2,1.0,1.2,1.0,1.8,1.2,8.0,7.0,1
2024-08-18 19:00:00+00:00,Campeonato Brasileiro Série A,SE Palmeiras,São Paulo FC,1543.017493590851,1541.9282919197317,56.089201671119326,1.0,1.6,0.8,0.8,1.0,0.6,2.4,0.8,7.0,7.0,2
2024-08-18 19:30:00+00:00,Primera Division,RCD Mallorca,Real Madrid CF,1500.0,1500.0,55.0,0.0,0.0,1.2,1.0,1.2,1.2,1.0,1.0,14.0,14.0,1
2024-08-18 19:30:00+00:00,Primeira Liga,Boavista FC,Sporting Clube de Braga,1511.569935046895,1495.0967316197718,71.47320342712305,3.0,1.0,1.0,1.0,0.0,1.0,1.0,1.0,8.0,7.0,0
2024-08-18 21:30:00+00:00,Campeonato Brasileiro Série A,CA Paranaense,EC Juventude,1507.1852665897818,1478.5813600885056,83.60390650127624,0.8,0.8,1.0,1.2,1.8,1.8,0.4,0.2,6.0,3.0,0
2024-08-18 21:30:00+00:00,Campeonato Brasileiro Série A,Botafogo FR,CR Flamengo,1565.1141001439814,1554.9655206441328,65.14857949984867,1.4,2.0,1.8,1.4,1.8,0.8,2.4,1.8,7.0,7.0,2
2024-08-19 16:30:00+00:00,Serie A,US Lecce,Atalanta BC,1500.0,1500.0,55.0,0.0,0.0,1.2,1.0,1.2,1.2,1.0,1.0,14.0,14.0,0
2024-08-19 17:00:00+00:00,Primera Division,Real Valladolid CF,RCD Espanyol de Barcelona,1500.0,1500.0,55.0,0.0,0.0,1.2,1.0,1.2,1.2,1.0,1.0,14.0,14.0,2
2024-08-19 18:45:00+00:00,Serie A,Juventus FC,Como 1907,1500.0,1500.0,55.0,0.0,0.0,1.2,1.0,1.2,1.2,1.0,1.0,14.0,14.0,2
2024-08-19 19:00:00+00:00,Premier League,Leicester City FC,Tottenham Hotspur FC,1500.0,1500.0,55.0,0.0,0.0,1.2,1.0,1.2,1.2,1.0,1.0,14.0,14.0,1
2024-08-19 19:15:00+00:00,Primeira Liga,CF Estrela da Amadora,FC Famalicão,1504.9032683802282,1508.430064953105,51.47320342712305,1.0,3.0,1.0,2.0,1.0,0.0,1.0,1.0,7.0,8.0,0
2024-08-19 19:30:00+00:00,Primera Division,Villarreal CF,Club Atlético de Madrid,1500.0,1500.0,55.0,0.0,0.0,1.2,1.0,1.2,1.2,1.0,1.0,14.0,14.0,1
2024-08-19 23:00:00+00:00,Campeonato Brasileiro Série A,EC Vitória,Cruzeiro EC,1453.075380465625,1533.4281459724232,-25.352765506798278,1.2,1.4,0.8,1.2,1.2,0.8,1.2,1.2,8.0,8.0,1
2024-08-23 17:00:00+00:00,Primera Division,RC Celta de Vigo,Valencia CF,1508.430064953105,1488.430064953105,75.0,3.0,0.0,2.0,1.0,1.0,2.0,3.0,1.0,7.0,5.0,2
2024-08-23 18:30:00+00:00,Bundesliga,Borussia Mönchengladbach,Bayer 04 Leverkusen,1500.0,1500.0,55.0,0.0,0.0,1.2,1.0,1.2,1.2,1.0,1.0,14.0,14.0,0
2024-08-23 18:45:00+00:00,Ligue 1,Paris Saint-Germain FC,Montpellier HSC,1511.569935046895,1495.0967316197718,71.47320342712305,3.0,1.0,4.0,1.0,1.0,1.0,1.0,1.0,7.0,5.0,2
2024-08-23 19:00:00+00:00,Championship,Sheffield Wednesday FC,Leeds United FC,1500.0880180373094,1500.4586928579988,54.62932517931063,1.5,1.0,2.0,1.5,2.0,1.5,3.0,1.0,5.0,6.0,0
2024-08-23 19:15:00+00:00,Primeira Liga,SC Farense,Sporting Clube de Portugal,1480.0880180373094,1519.9008379102552,15.187180127054262,0.0,3.0,0.5,4.5,1.5,1.0,0.0,3.0,6.0,6.0,0
2024-08-23 19:30:00+00:00,Primera Division,Sevilla FC,Villarreal CF,1504.9032683802282,1495.0967316197718,64.80653676045631,1.0,1.0,2.0,2.0,2.0,2.0,1.0,1.0,7.0,4.0,0
2024-08-24 11:30:00+00:00,Premier League,Brighton & Hove Albion FC,Manchester United FC,1511.569935046895,1508.430064953105,58.139870093789796,3.0,3.0,3.0,1.0,0.0,0.0,1.0,1.0,6.0,7.0,2
2024-08-24 11:30:00+00:00,Championship,Queens Park Rangers FC,Plymouth Argyle FC,1493.9752758964025,1486.7658287564116,62.20944713999097,0.5,0.5,1.5,0.5,2.5,2.5,0.0,0.0,6.0,6.0,1
2024-08-24 11:30:00+00:00,Championship,Bristol City FC,Coventry City FC,1512.8746404753344,1500.476569732828,67.39807074250643,2.0,1.5,2.5,1.5,2.0,1.5,3.0,0.0,6.0,7.0,1
2024-08-24 11:30:00+00:00,Championship,Hull City AFC,Millwall FC,1499.9008379102552,1480.4586928579988,74.44214505225636,1.0,0.0,1.0,2.5,1.0,3.5,1.0,0.0,6.0,6.0,1
2024-08-24 13:30:00+00:00,Bundesliga,RB Leipzig,VfL Bochum 1848,1500.0,1500.0,55.0,0.0,0.0,1.2,1.0,1.2,1.2,1.0,1.0,14.0,14.0,2
2024-08-24 13:30:00+00:00,Bundesliga,TSG 1899 Hoffenheim,Holstein Kiel,1500.0,1500.0,55.0,0.0,0.0,1.2,1.0,1.2,1.2,1.0,1.0,14.0,14.0,2
2024-08-24 13:30:00+00:00,Bundesliga,SC Freiburg,VfB Stuttgart,1500.0,1500.0,55.0,0.0,0.0,1.2,1.0,1.2,1.2,1.0,1.0,14.0,14.0,2
2024-08-24 13:30:00+00:00,Bundesliga,1. FSV Mainz 05,1. FC Union Berlin,1500.0,1500.0,55.0,0.0,0.0,1.2,1.0,1.2,1.2,1.0,1.0,14.0,14.0,1
2024-08-24 13:30:00+00:00,Bundesliga,FC Augsburg,SV Werder Bremen,1500.0,1500.0,55.0,0.0,0.0,1.2,1.0,1.2,1.2,1.0,1.0,14.0,14.0,1
2024-08-24 14:00:00+00:00,Premier League,Crystal Palace FC,West Ham United FC,1491.569935046895,1488.430064953105,58.139870093789796,0.0,0.0,1.0,1.0,2.0,2.0,1.0,1.0,6.0,6.0,0
2024-08-24 14:00:00+00:00,Championship,Watford FC,Derby County FC,1519.9119819626906,1500.476569732828,74.43541222986255,3.0,1.5,3.0,1.5,1.0,2.0,3.0,0.0,7.0,7.0,2
2024-08-24 14:00:00+00:00,Championship,Blackburn Rovers FC,Oxford United FC,1512.8567636005055,1499.523430267172,68.33333333333348,2.0,1.5,3.0,2.0,2.0,1.5,3.0,0.0,7.0,7.0,2
2024-08-24 14:00:00+00:00,Championship,Middlesbrough FC,Portsmouth FC,1499.523430267172,1499.5413071420012,54.9821231251708,1.5,1.0,0.5,1.5,0.5,1.5,3.0,1.0,7.0,7.0,1
2024-08-24 14:00:00+00:00,Championship,Norwich City FC,Sheffield United FC,1487.1432363994945,1506.0247241035975,36.11851229589706,0.5,2.0,1.0,2.0,2.0,1.0,1.0,3.0,7.0,7.0,1
2024-08-24 14:00:00+00:00,Championship,Preston North End FC,Luton Town FC,1480.0880180373094,1493.792026191332,41.29599184597737,0.0,0.5,0.0,0.5,2.5,2.0,0.0,1.0,7.0,7.0,2
2024-08-24 14:00:00+00:00,Championship,Stoke City FC,West Bromwich Albion FC,1500.0880180373094,1506.207973808668,48.88004422864151,1.5,2.0,0.5,1.5,1.5,0.5,3.0,3.0,7.0,7.0,0
2024-08-24 14:00:00+00:00,Championship,Sunderland AFC,Burnley FC,1519.9119819626906,1519.3580574369307,55.55392452575984,3.0,3.0,3.0,4.5,0.0,0.5,3.0,3.0,6.0,7.0,2
2024-08-24 14:00:00+00:00,Premier League,Tottenham Hotspur FC,Everton FC,1504.9032683802282,1488.430064953105,71.47320342712305,1.0,0.0,1.0,0.0,1.0,3.0,1.0,1.0,4.0,7.0,2
2024-08-24 14:00:00+00:00,Premier League,Southampton FC,Nottingham Forest FC,1491.569935046895,1495.0967316197718,51.47320342712305,0.0,1.0,0.0,1.0,1.0,1.0,1.0,1.0,7.0,7.0,0
2024-08-24 14:00:00+00:00,Premier League,Manchester City FC,Ipswich Town FC,1511.569935046895,1488.430064953105,78.1398700937898,3.0,0.0,2.0,0.0,0.0,2.0,1.0,1.0,5.0,7.0,2
2024-08-24 14:00:00+00:00,Premier League,Fulham FC,Leicester City FC,1491.569935046895,1495.0967316197718,51.47320342712305,0.0,1.0,0.0,1.0,1.0,1.0,1.0,1.0,7.0,4.0,2
2024-08-24 14:30:00+00:00,Primeira Liga,Casa Pia AC,CD Santa Clara,1480.0880180373094,1499.9119819626906,35.17603607461888,0.0,1.5,0.0,2.0,2.0,1.5,0.0,3.0,6.0,7.0,0
2024-08-24 15:00:00+00:00,Ligue 1,Olympique Lyonnais,AS Monaco FC,1491.569935046895,1508.430064953105,38.139870093789796,0.0,3.0,0.0,1.0,3.0,0.0,1.0,1.0,5.0,6.0,0
2024-08-24 15:00:00+00:00,Primera Division,CA Osasuna,RCD Mallorca,1495.0967316197718,1495.0967316197718,55.0,1.0,1.0,1.0,1.0,1.0,1.0,1.0,1.0,6.0,5.0,2
2024-08-24 16:30:00+00:00,Premier League,Aston Villa FC,Arsenal FC,1511.569935046895,1508.430064953105,58.139870093789796,3.0,3.0,2.0,2.0,1.0,0.0,1.0,1.0,7.0,7.0,0
2024-08-24 16:30:00+00:00,Serie A,Udinese Calcio,SS Lazio,1504.9032683802282,1508.430064953105,51.47320342712305,1.0,3.0,1.0,3.0,1.0,1.0,1.0,1.0,6.0,5.0,2
2024-08-24 16:30:00+00:00,Serie A,Parma Calcio 1913,AC Milan,1495.0967316197718,1495.0967316197718,55.0,1.0,1.0,1.0,2.0,1.0,2.0,1.0,1.0,7.0,6.0,2
2024-08-24 16:30:00+00:00,Bundesliga,Borussia Dortmund,Eintracht Frankfurt,1500.0,1500.0,55.0,0.0,0.0,1.2,1.0,1.2,1.2,1.0,1.0,14.0,14.0,2
2024-08-24 16:45:00+00:00,Eredivisie,NEC,PEC Zwolle,1480.6419425630693,1480.0991620897448,55.542780473324456,0.0,0.0,0.5,0.5,1.5,3.0,0.0,0.0,6.0,6.0,2
2024-08-24 17:00:00+00:00,Ligue 1,Lille OSC,Angers SCO,1511.569935046895,1488.430064953105,78.1398700937898,3.0,0.0,2.0,0.0,0.0,1.0,1.0,1.0,7.0,6.0,2
2024-08-24 17:00:00+00:00,Primeira Liga,FC Porto,Rio Ave FC,1520.0880180373094,1499.9119819626906,75.17603607461888,3.0,1.5,2.5,1.0,0.0,1.5,3.0,0.0,8.0,7.0,2
2024-08-24 17:00:00+00:00,Primera Division,FC Barcelona,Athletic Club,1511.569935046895,1495.0967316197718,71.47320342712305,3.0,1.0,2.0,1.0,1.0,1.0,1.0,1.0,6.0,9.0,2
2024-08-24 18:00:00+00:00,Eredivisie,Almere City FC,PSV,1480.6419425630693,1519.9008379102552,15.741104652814101,0.0,3.0,0.0,4.0,2.0,1.0,0.0,3.0,8.0,6.0,0
2024-08-24 18:45:00+00:00,Serie A,FC Internazionale Milano,US Lecce,1504.9032683802282,1488.430064953105,71.47320342712305,1.0,0.0,2.0,0.0,2.0,4.0,1.0,1.0,7.0,5.0,2
2024-08-24 18:45:00+00:00,Serie A,AC Monza,Genoa CFC,1504.9032683802282,1495.0967316197718,64.80653676045631,1.0,1.0,0.0,2.0,0.0,2.0,1.0,1.0,7.0,7.0,0
2024-08-24 19:00:00+00:00,Campeonato Brasileiro Série A,AC Goianiense,EC Juventude,1421.0912464437179,1490.9422804011863,-14.851033957468417,0.8,1.4,0.6,1.6,1.6,1.6,0.8,0.8,6.0,5.0,2
2024-08-24 19:00:00+00:00,Ligue 1,AS Saint-Étienne,Le Havre AC,1491.569935046895,1488.430064953105,58.139870093789796,0.0,0.0,0.0,1.0,1.0,4.0,1.0,1.0,7.0,8.0,0
2024-08-24 19:00:00+00:00,Eredivisie,NAC Breda,FC Utrecht,1500.476569732828,1512.8567636005055,42.61980613232254,1.5,2.0,1.5,1.0,2.5,0.5,3.0,1.0,6.0,7.0,0
2024-08-24 19:30:00+00:00,Primera Division,RCD Espanyol de Barcelona,Real Sociedad de Fútbol,1491.569935046895,1488.430064953105,58.139870093789796,0.0,0.0,0.0,1.0,1.0,2.0,1.0,1.0,5.0,6.0,0
2024-08-24 19:30:00+00:00,Primera Division,Getafe CF,Rayo Vallecano de Madrid,1504.9032683802282,1511.569935046895,48.33333333333326,1.0,3.0,1.0,2.0,1.0,1.0,1.0,3.0,9.0,6.0,1
2024-08-24 19:30:00+00:00,Primeira Liga,Sport Lisboa e Benfica,CF Estrela da Amadora,1499.9119819626906,1493.432495423078,61.47948653961248,1.5,0.5,1.5,0.5,1.0,2.0,3.0,1.0,7.0,5.0,2
2024-08-24 19:30:00+00:00,Primeira Liga,FC Famalicão,Boavista FC,1519.9008379102552,1499.5413071420012,75.35953076825399,3.0,1.5,2.5,0.5,0.0,0.5,3.0,3.0,5.0,6.0,2
2024-08-24 21:30:00+00:00,Campeonato Brasileiro Série A,SE Palmeiras,Cuiabá EC,1551.4169966175261,1446.6705982141134,159.74639840341274,1.0,0.2,0.8,0.6,1.2,1.6,2.4,1.2,6.0,7.0,2
2024-08-25 00:00:00+00:00,Campeonato Brasileiro Série A,CA Mineiro,Fluminense FC,1510.6099996619885,1453.361479185643,112.24852047634545,1.6,2.0,1.2,0.6,0.8,0.4,2.0,1.4,7.0,7.0,0
2024-08-25 10:15:00+00:00,Eredivisie,FC Groningen,AZ,1519.523430267172,1519.3580574369307,55.16537283024127,3.0,3.0,3.0,1.0,1.0,0.0,3.0,3.0,7.0,7.0,1
2024-08-25 12:30:00+00:00,Eredivisie,Heracles Almelo,Willem II Tilburg,1493.432495423078,1512.8746404753344,35.557854947743635,0.5,2.0,0.5,1.5,1.5,0.5,0.0,1.0,7.0,7.0,1
2024-08-25 12:30:00+00:00,Eredivisie,Sparta Rotterdam,Feyenoord Rotterdam,1500.4586928579988,1506.567504576922,48.89118828107689,1.0,2.0,0.5,3.0,0.5,1.0,1.0,3.0,7.0,7.0,1
2024-08-25 13:00:00+00:00,Premier League,AFC Bournemouth,Newcastle United FC,1504.9032683802282,1508.430064953105,51.47320342712305,1.0,3.0,1.0,1.0,1.0,0.0,1.0,1.0,7.0,7.0,1
2024-08-25 13:00:00+00:00,Ligue 1,Racing Club de Lens,Stade Brestois 29,1511.569935046895,1488.430064953105,78.1398700937898,3.0,0.0,1.0,1.0,0.0,5.0,1.0,1.0,6.0,7.0,2
2024-08-25 13:00:00+00:00,Premier League,Wolverhampton Wanderers FC,Chelsea FC,1491.569935046895,1488.430064953105,58.139870093789796,0.0,0.0,0.0,0.0,2.0,2.0,1.0,1.0,7.0,6.0,0
2024-08-25 13:30:00+00:00,Bundesliga,VfL Wolfsburg,FC Bayern München,1500.0,1500.0,55.0,0.0,0.0,1.2,1.0,1.2,1.2,1.0,1.0,14.0,14.0,0
2024-08-25 14:00:00+00:00,Championship,Swansea City AFC,Cardiff City FC,1499.9119819626906,1480.6419425630693,74.27003939962128,1.5,0.0,1.5,0.0,0.5,3.5,3.0,0.0,8.0,8.0,1
2024-08-25 14:30:00+00:00,Primeira Liga,FC Arouca,CD Nacional,1480.6419425630693,1493.432495423078,42.2094471399912,0.0,0.5,0.5,1.0,2.0,3.5,0.0,1.0,7.0,7.0,2
2024-08-25 14:45:00+00:00,Eredivisie,Go Ahead Eagles,RKC Waalwijk,1480.4586928579988,1480.476569732828,54.9821231251708,0.0,0.0,0.0,1.0,2.0,3.5,0.0,0.0,7.0,7.0,2
2024-08-25 15:00:00+00:00,Ligue 1,OGC Nice,Toulouse FC,1491.569935046895,1495.0967316197718,51.47320342712305,0.0,1.0,1.0,0.0,2.0,0.0,1.0,1.0,7.0,7.0,1
2024-08-25 15:00:00+00:00,Ligue 1,FC Nantes,AJ Auxerre,1504.9032683802282,1508.430064953105,51.47320342712305,1.0,3.0,0.0,2.0,0.0,1.0,1.0,1.0,7.0,7.0,2
2024-08-25 15:00:00+00:00,Ligue 1,RC Strasbourg Alsace,Stade Rennais FC 1901,1504.9032683802282,1508.430064953105,51.47320342712305,1.0,3.0,1.0,3.0,1.0,0.0,1.0,1.0,7.0,6.0,2
2024-08-25 15:00:00+00:00,Primera Division,Real Madrid CF,Real Valladolid CF,1504.9032683802282,1508.430064953105,51.47320342712305,1.0,3.0,1.0,1.0,1.0,0.0,1.0,1.0,6.0,5.0,2
2024-08-25 15:30:00+00:00,Premier League,Liverpool FC,Brentford FC,1511.569935046895,1508.430064953105,58.139870093789796,3.0,3.0,2.0,2.0,0.0,1.0,1.0,1.0,8.0,7.0,2
2024-08-25 15:30:00+00:00,Bundesliga,FC St. Pauli 1910,1. FC Heidenheim 1846,1500.0,1500.0,55.0,0.0,0.0,1.2,1.0,1.2,1.2,1.0,1.0,14.0,14.0,0
2024-08-25 16:30:00+00:00,Serie A,ACF Fiorentina,Venezia FC,1504.9032683802282,1491.569935046895,68.33333333333326,1.0,0.0,1.0,1.0,1.0,3.0,1.0,0.0,8.0,6.0,1
2024-08-25 16:30:00+00:00,Serie A,Torino FC,Atalanta BC,1504.9032683802282,1511.569935046895,48.33333333333326,1.0,3.0,2.0,4.0,2.0,0.0,1.0,3.0,7.0,6.0,2
2024-08-25 17:00:00+00:00,Primeira Liga,GD Estoril Praia,Gil Vicente FC,1480.6419425630693,1500.0991620897448,35.542780473324456,0.0,1.5,0.5,2.0,2.5,2.5,0.0,0.0,7.0,8.0,1
2024-08-25 17:00:00+00:00,Primera Division,CD Leganés,UD Las Palmas,1504.9032683802282,1495.0967316197718,64.80653676045631,1.0,1.0,1.0,2.0,1.0,2.0,1.0,1.0,8.0,8.0,2
2024-08-25 17:15:00+00:00,Primera Division,Deportivo Alavés,Real Betis Balompié,1491.569935046895,1495.0967316197718,51.47320342712305,0.0,1.0,1.0,1.0,2.0,1.0,1.0,1.0,9.0,9.0,1
2024-08-25 18:45:00+00:00,Ligue 1,Olympique de Marseille,Stade de Reims,1511.569935046895,1488.430064953105,78.1398700937898,3.0,0.0,5.0,0.0,1.0,2.0,1.0,1.0,8.0,8.0,1
2024-08-25 18:45:00+00:00,Serie A,AS Roma,Empoli FC,1504.9032683802282,1495.0967316197718,64.80653676045631,1.0,1.0,0.0,0.0,0.0,0.0,1.0,1.0,7.0,8.0,0
2024-08-25 18:45:00+00:00,Serie A,SSC Napoli,Bologna FC 1909,1491.569935046895,1495.0967316197718,51.47320342712305,0.0,1.0,0.0,1.0,3.0,1.0,1.0,1.0,7.0,7.0,2
2024-08-25 19:00:00+00:00,Campeonato Brasileiro Série A,EC Bahia,Botafogo FR,1530.3306367787918,1573.2606456524497,12.069991126342074,1.6,1.4,1.2,2.4,0.6,2.0,1.4,2.0,8.0,6.0,1
2024-08-25 19:00:00+00:00,Campeonato Brasileiro Série A,Criciúma EC,Grêmio FBPA,1471.1026871189456,1476.8555423722578,49.24714474668781,1.6,2.0,1.4,1.6,1.2,1.0,1.8,1.4,7.0,8.0,0
2024-08-25 19:00:00+00:00,Campeonato Brasileiro Série A,Fortaleza EC,SC Corinthians Paulista,1582.6020454628274,1456.4749955677817,181.12704989504573,2.6,0.8,1.4,1.0,0.6,1.2,3.0,0.8,7.0,7.0,2
2024-08-25 19:30:00+00:00,Primera Division,Club Atlético de Madrid,Girona FC,1504.9032683802282,1504.9032683802282,55.0,1.0,1.0,2.0,1.0,2.0,1.0,1.0,1.0,6.0,10.0,2
2024-08-25 19:30:00+00:00,Primeira Liga,Sporting Clube de Braga,Moreirense FC,1507.1253595246656,1519.3580574369307,42.76730208773483,2.0,3.0,1.0,2.5,0.5,1.0,1.0,3.0,7.0,7.0,2
2024-08-25 19:30:00+00:00,Primeira Liga,AVS,Vitória SC,1486.567504576922,1519.3580574369307,22.209447139991198,0.5,3.0,1.5,1.0,2.5,0.0,1.0,3.0,9.0,7.0,2
2024-08-25 21:30:00+00:00,Campeonato Brasileiro Série A,São Paulo FC,EC Vitória,1533.5287888930566,1450.4704659488305,138.05832294422612,1.4,1.4,1.0,1.2,1.0,1.2,2.6,0.6,7.0,5.0,2
2024-08-25 22:00:00+00:00,Campeonato Brasileiro Série A,SC Internacional,Cruzeiro EC,1488.1653126426918,1536.0330604892176,7.132252153474155,1.2,1.6,1.2,1.6,1.2,0.8,1.0,1.4,7.0,5.0,2
2024-08-25 23:00:00+00:00,Campeonato Brasileiro Série A,CR Flamengo,RB Bragantino,1546.8189751356645,1498.9602802764498,102.85869485921467,1.4,1.0,1.2,1.0,1.4,1.2,1.6,0.6,7.0,8.0,2
2024-08-26 16:30:00+00:00,Serie A,Cagliari Calcio,Como 1907,1495.0967316197718,1491.569935046895,58.52679657287695,1.0,0.0,0.0,0.0,0.0,3.0,1.0,0.0,7.0,6.0,1
2024-08-26 18:45:00+00:00,Serie A,Hellas Verona FC,Juventus FC,1508.430064953105,1508.430064953105,55.0,3.0,3.0,3.0,3.0,0.0,0.0,3.0,1.0,8.0,7.0,0
2024-08-26 19:30:00+00:00,Primera Division,Villarreal CF,RC Celta de Vigo,1506.9406777951365,1516.3043084773965,45.63636931773999,2.0,3.0,2.0,2.5,1.5,1.0,1.0,1.0,3.0,3.0,2
2024-08-27 00:00:00+00:00,Campeonato Brasileiro Série A,CR Vasco da Gama,CA Paranaense,1486.479616859759,1494.824346277101,46.65527058265798,1.0,0.8,1.2,1.0,1.4,1.6,2.2,2.0,8.0,8.0,2
2024-08-27 17:00:00+00:00,Primera Division,RCD Mallorca,Sevilla FC,1486.6666666666667,1493.0593222048635,48.60734446180322,0.5,0.5,0.5,1.5,1.0,2.0,1.0,1.0,3.0,3.0,1
2024-08-27 19:30:00+00:00,Primera Division,Rayo Vallecano de Madrid,FC Barcelona,1516.285508264009,1519.5413071420012,51.74420112200778,2.0,3.0,1.0,2.0,0.5,1.0,1.0,3.0,3.0,3.0,0
2024-08-28 17:00:00+00:00,Primera Division,Real Valladolid CF,CD Leganés,1499.9008379102552,1513.0593222048635,41.84151570539166,1.5,2.0,0.5,1.5,1.5,1.0,3.0,1.0,3.0,3.0,1
2024-08-28 17:00:00+00:00,Primera Division,Athletic Club,Valencia CF,1487.1253595246656,1480.5558214288137,61.56953809585184,0.5,0.0,1.0,1.0,1.5,2.5,1.0,0.0,4.0,5.0,2
2024-08-28 19:30:00+00:00,Primera Division,Club Atlético de Madrid,RCD Espanyol de Barcelona,1513.3333333333333,1479.9119819626906,88.4213513706427,2.0,0.0,2.5,0.0,1.0,1.0,3.0,0.0,3.0,4.0,1
2024-08-28 19:30:00+00:00,Primera Division,Real Sociedad de Fútbol,Deportivo Alavés,1500.0880180373094,1486.7658287564116,68.32218928089787,1.5,0.5,1.0,0.5,1.0,1.0,0.0,0.0,4.0,3.0,0
2024-08-28 22:30:00+00:00,Campeonato Brasileiro Série A,Cruzeiro EC,SC Internacional,1526.2383143766185,1497.960058755291,83.27825562132762,1.0,1.6,1.2,1.2,1.0,1.0,2.0,0.6,3.0,3.0,1
2024-08-28 22:30:00+00:00,Campeonato Brasileiro Série A,Criciúma EC,RB Bragantino,1459.6946575788734,1491.8372273264622,22.857430252411177,1.4,0.4,1.2,1.0,1.2,1.6,1.2,0.4,3.0,2.0,2
2024-08-29 17:00:00+00:00,Primera Division,Girona FC,CA Osasuna,1496.473203427123,1503.526796572877,47.946406854246106,0.5,2.0,0.5,1.0,2.0,0.5,1.0,1.0,3.0,5.0,2
2024-08-29 19:30:00+00:00,Primera Division,UD Las Palmas,Real Madrid CF,1486.9406777951365,1513.432495423078,28.5081823720584,0.5,2.0,1.5,2.0,2.0,0.5,1.0,1.0,4.0,4.0,1
2024-08-30 16:30:00+00:00,Serie A,Venezia FC,Torino FC,1496.8450859077575,1513.5210284964473,38.32405741131015,0.5,2.0,0.5,2.0,1.5,1.5,1.0,1.0,5.0,5.0,0
2024-08-30 18:00:00+00:00,Eredivisie,RKC Waalwijk,AZ,1472.046002919644,1524.2659679676754,2.7800349519686733,0.0,2.3333333333333335,0.6666666666666666,0.6666666666666666,3.0,0.0,0.0,2.0,5.0,5.0,0
2024-08-30 18:30:00+00:00,Bundesliga,1. FC Union Berlin,FC St. Pauli 1910,1504.9032683802282,1488.430064953105,71.47320342712305,1.0,0.0,1.0,0.0,1.0,2.0,1.0,1.0,6.0,5.0,2
2024-08-30 18:45:00+00:00,Serie A,FC Internazionale Milano,Atalanta BC,1512.8746404753344,1502.9521749306757,64.92246554465873,2.0,1.5,2.0,2.5,1.0,1.0,3.0,1.5,6.0,5.0,2
2024-08-30 18:45:00+00:00,Ligue 1,Olympique Lyonnais,RC Strasbourg Alsace,1480.476569732828,1513.432495423078,22.04407430974993,0.0,2.0,0.0,2.0,2.5,1.0,0.0,1.0,6.0,5.0,2
2024-08-30 19:00:00+00:00,Championship,Luton Town FC,Queens Park Rangers FC,1484.975054519847,1488.870303342425,51.10475117742203,0.3333333333333333,0.6666666666666666,0.3333333333333333,1.3333333333333333,1.6666666666666667,2.0,0.0,1.0,6.0,6.0,0
2024-08-30 19:15:00+00:00,Primeira Liga,Moreirense FC,Sport Lisboa e Benfica,1510.5828196408122,1508.160700804125,57.422118836687105,2.0,2.0,2.0,1.3333333333333333,1.6666666666666667,0.6666666666666666,3.0,0.0,4.0,5.0,1
2024-08-31 11:30:00+00:00,Championship,Burnley FC,Blackburn Rovers FC,1510.943538856721,1520.9149460729761,45.0285927837449,2.0,2.3333333333333335,3.0,2.6666666666666665,0.6666666666666666,1.6666666666666667,3.0,1.0,6.0,6.0,1
2024-08-31 11:30:00+00:00,Premier League,Arsenal FC,Brighton & Hove Albion FC,1520.0880180373094,1519.9119819626906,55.17603607461888,3.0,3.0,2.0,2.5,0.0,0.5,3.0,3.0,6.0,7.0,1
2024-08-31 11:30:00+00:00,Championship,Coventry City FC,Norwich City FC,1505.725803111009,1482.7740575425973,77.95174556841175,1.3333333333333333,0.6666666666666666,1.3333333333333333,1.0,1.3333333333333333,1.6666666666666667,3.0,0.0,7.0,6.0,0
2024-08-31 11:30:00+00:00,Championship,Cardiff City FC,Middlesbrough FC,1486.0809628896118,1494.6206637470227,46.460299142589065,0.3333333333333333,1.3333333333333333,0.3333333333333333,1.0,2.6666666666666665,1.0,0.0,0.0,5.0,6.0,0
2024-08-31 13:30:00+00:00,Bundesliga,VfL Bochum 1848,Borussia Mönchengladbach,1491.569935046895,1488.430064953105,58.139870093789796,0.0,0.0,0.0,2.0,1.0,3.0,1.0,1.0,7.0,7.0,0
2024-08-31 13:30:00+00:00,Bundesliga,Holstein Kiel,VfL Wolfsburg,1491.569935046895,1488.430064953105,58.139870093789796,0.0,0.0,2.0,2.0,3.0,3.0,1.0,1.0,7.0,6.0,0
2024-08-31 13:30:00+00:00,Bundesliga,VfB Stuttgart,1. FSV Mainz 05,1491.569935046895,1495.0967316197718,51.47320342712305,0.0,1.0,1.0,1.0,3.0,1.0,1.0,1.0,7.0,7.0,1
2024-08-31 13:30:00+00:00,Bundesliga,Eintracht Frankfurt,TSG 1899 Hoffenheim,1491.569935046895,1508.430064953105,38.139870093789796,0.0,3.0,0.0,3.0,2.0,2.0,1.0,1.0,6.0,7.0,2
2024-08-31 13:30:00+00:00,Bundesliga,SV Werder Bremen,Borussia Dortmund,1504.9032683802282,1508.430064953105,51.47320342712305,1.0,3.0,2.0,2.0,2.0,0.0,1.0,1.0,7.0,6.0,1
2024-08-31 14:00:00+00:00,Championship,Portsmouth FC,Sunderland AFC,1504.4440736621505,1528.3265005429002,31.11757311925021,1.0,3.0,1.6666666666666667,2.3333333333333335,1.6666666666666667,0.0,1.0,3.0,7.0,7.0,0
2024-08-31 14:00:00+00:00,Championship,Millwall FC,Sheffield Wednesday FC,1485.902446650798,1488.5284906532092,52.37395599758884,0.3333333333333333,1.0,1.6666666666666667,1.3333333333333333,2.3333333333333335,2.0,0.0,0.0,7.0,7.0,2
2024-08-31 14:00:00+00:00,Championship,West Bromwich Albion FC,Swansea City AFC,1517.6056452853247,1494.472961636148,78.13268364917667,2.3333333333333335,1.3333333333333333,1.6666666666666667,1.3333333333333333,0.6666666666666666,0.6666666666666666,1.0,0.0,7.0,6.0,2
2024-08-31 14:00:00+00:00,Championship,Leeds United FC,Hull City AFC,1512.018220242099,1494.457084117456,72.5611361246431,1.6666666666666667,1.0,1.6666666666666667,0.6666666666666666,1.0,0.6666666666666666,1.0,1.0,7.0,7.0,2
2024-08-31 14:00:00+00:00,Championship,Derby County FC,Bristol City FC,1492.5868050363254,1507.6254070971534,39.961397939172,1.0,1.6666666666666667,1.3333333333333333,2.0,2.0,1.6666666666666667,3.0,1.0,7.0,7.0,2
2024-08-31 14:00:00+00:00,Championship,Plymouth Argyle FC,Stoke City FC,1491.8708013103892,1488.6903465606526,58.180454749736555,0.6666666666666666,1.0,0.6666666666666666,0.6666666666666666,2.0,1.6666666666666667,1.0,0.0,7.0,7.0,0
2024-08-31 14:00:00+00:00,Championship,Oxford United FC,Preston North End FC,1491.4652477947013,1488.9049897087946,57.56025808590675,1.0,1.0,1.6666666666666667,0.3333333333333333,1.6666666666666667,1.6666666666666667,3.0,0.0,7.0,7.0,2
2024-08-31 14:00:00+00:00,Premier League,Ipswich Town FC,Fulham FC,1480.6419425630693,1500.0991620897448,35.542780473324456,0.0,1.5,0.5,1.0,3.0,1.0,0.0,0.0,7.0,7.0,1
2024-08-31 14:00:00+00:00,Premier League,Nottingham Forest FC,Wolverhampton Wanderers FC,1506.567504576922,1479.9119819626906,81.65552261423136,2.0,0.0,1.0,1.0,0.5,4.0,1.0,0.0,7.0,6.0,1
2024-08-31 14:00:00+00:00,Premier League,Brentford FC,Southampton FC,1500.0880180373094,1480.0991620897448,74.98885594756462,1.5,0.0,1.0,0.0,1.5,1.0,3.0,0.0,5.0,7.0,2
2024-08-31 14:00:00+00:00,Premier League,Everton FC,AFC Bournemouth,1480.4586928579988,1500.0991620897448,35.35953076825399,0.0,1.0,0.0,1.0,3.5,1.0,0.0,1.0,7.0,6.0,0
2024-08-31 14:00:00+00:00,Premier League,Leicester City FC,Aston Villa FC,1486.567504576922,1499.9119819626906,41.65552261423136,0.5,1.5,1.0,1.0,1.5,1.5,1.0,3.0,7.0,6.0,0
2024-08-31 14:30:00+00:00,Eredivisie,Almere City FC,FC Groningen,1470.1891868970774,1514.6155197364274,10.573667160650075,0.0,2.3333333333333335,0.3333333333333333,2.0,3.6666666666666665,0.6666666666666666,0.0,3.0,6.0,6.0,1
2024-08-31 14:30:00+00:00,Primeira Liga,CD Santa Clara,AVS,1510.9209844256302,1495.9291345833535,69.99184984227668,2.0,1.3333333333333333,2.0,1.3333333333333333,1.0,1.6666666666666667,0.0,0.0,7.0,5.0,2
2024-08-31 15:00:00+00:00,Primera Division,FC Barcelona,Real Valladolid CF,1531.0197104366944,1495.3689974479541,90.65071298874022,3.0,1.3333333333333333,2.0,0.3333333333333333,1.0,1.0,3.0,0.0,3.0,2.0,2
2024-08-31 15:00:00+00:00,Ligue 1,Stade Brestois 29,AS Saint-Étienne,1480.6419425630693,1479.9119819626906,55.72996060037872,0.0,0.0,0.5,0.0,3.5,1.5,0.0,0.0,6.0,6.0,2
2024-08-31 16:30:00+00:00,Serie A,Bologna FC 1909,Empoli FC,1486.567504576922,1506.9406777951365,34.62682678178544,0.5,2.0,0.5,1.0,2.0,0.5,1.0,3.0,5.0,5.0,1
2024-08-31 16:30:00+00:00,Serie A,US Lecce,Cagliari Calcio,1480.4586928579988,1490.0946166916838,45.364076166315044,0.0,1.0,0.0,0.5,3.0,0.5,0.0,1.0,6.0,5.0,2
2024-08-31 16:30:00+00:00,Bundesliga,Bayer 04 Leverkusen,RB Leipzig,1511.569935046895,1508.430064953105,58.139870093789796,3.0,3.0,3.0,1.0,2.0,0.0,1.0,1.0,7.0,7.0,0
2024-08-31 16:30:00+00:00,Premier League,West Ham United FC,Manchester City FC,1500.0880180373094,1519.3580574369307,35.72996060037872,1.5,3.0,1.5,3.0,1.0,0.5,0.0,3.0,7.0,7.0,0
2024-08-31 16:45:00+00:00,Eredivisie,Fortuna Sittard,NEC,1519.3580574369307,1489.0567738335837,85.30128360334697,3.0,1.0,2.5,0.6666666666666666,0.0,1.0,3.0,0.0,14.0,7.0,0
2024-08-31 17:00:00+00:00,Primeira Liga,CF Estrela da Amadora,Casa Pia AC,1485.1837765816435,1469.0790155743698,71.10476100727374,0.3333333333333333,0.0,0.3333333333333333,0.0,1.6666666666666667,2.0,0.0,0.0,6.0,7.0,0
2024-08-31 17:00:00+00:00,Primeira Liga,Boavista FC,GD Estoril Praia,1491.6769419531513,1476.2891595976973,70.38778235545396,1.0,0.3333333333333333,0.3333333333333333,0.3333333333333333,0.6666666666666666,1.6666666666666667,0.0,0.0,6.0,6.0,1
2024-08-31 17:00:00+00:00,Primera Division,Athletic Club,Club Atlético de Madrid,1495.371566081016,1507.508586696968,42.862979384048,1.3333333333333333,1.6666666666666667,1.0,1.6666666666666667,1.0,0.6666666666666666,2.0,1.0,3.0,2.0,0
2024-08-31 17:00:00+00:00,Ligue 1,Montpellier HSC,FC Nantes,1487.1253595246656,1513.432495423078,28.692864101587475,0.5,2.0,0.5,1.0,3.5,0.0,1.0,1.0,7.0,6.0,0
2024-08-31 17:15:00+00:00,Primera Division,RCD Espanyol de Barcelona,Rayo Vallecano de Madrid,1485.7367285990558,1504.8071049693158,35.929623629740036,0.3333333333333333,1.3333333333333333,0.0,1.0,0.6666666666666666,1.0,0.0,2.0,2.0,3.0,2
2024-08-31 18:00:00+00:00,Eredivisie,SC Heerenveen,NAC Breda,1487.1432363994945,1489.255989340054,52.8872470594406,0.5,1.0,0.5,1.3333333333333333,1.0,2.3333333333333335,1.0,0.0,14.0,6.0,2
2024-08-31 18:45:00+00:00,Serie A,SSC Napoli,Parma Calcio 1913,1500.0991620897448,1503.526796572877,51.572365516867876,1.5,2.0,1.5,1.5,1.5,1.0,3.0,1.0,6.0,7.0,2
2024-08-31 18:45:00+00:00,Serie A,SS Lazio,AC Milan,1499.9008379102552,1486.6666666666667,68.23417124358843,1.5,0.5,2.0,1.5,1.5,2.0,3.0,0.0,7.0,7.0,1
2024-08-31 19:00:00+00:00,Ligue 1,Toulouse FC,Olympique de Marseille,1499.9008379102552,1506.0247241035975,48.87611380665771,1.0,2.0,0.5,3.5,0.5,1.5,1.0,3.0,6.0,6.0,0
2024-08-31 19:00:00+00:00,Eredivisie,Willem II Tilburg,Sparta Rotterdam,1517.2278528078587,1495.7273735636422,76.50047924421642,1.6666666666666667,1.0,1.3333333333333333,0.6666666666666666,0.6666666666666666,0.6666666666666666,3.0,1.0,6.0,6.0,0
2024-08-31 19:30:00+00:00,Primera Division,CD Leganés,RCD Mallorca,1517.5911626671646,1481.94335830192,90.64780436524461,1.6666666666666667,0.6666666666666666,1.0,0.3333333333333333,0.6666666666666666,0.6666666666666666,3.0,0.0,3.0,4.0,0
2024-08-31 19:30:00+00:00,Primeira Liga,Sporting Clube de Portugal,FC Porto,1530.3376818933743,1527.9574243147504,57.38025757862397,3.0,3.0,4.666666666666667,2.3333333333333335,0.6666666666666666,0.0,3.0,3.0,8.0,7.0,2
2024-08-31 19:30:00+00:00,Primera Division,Valencia CF,Villarreal CF,1472.3096148724633,1515.6346599373303,11.674954935132973,0.0,2.3333333333333335,0.6666666666666666,2.6666666666666665,2.0,2.0,0.0,3.0,3.0,5.0,1
2024-08-31 21:30:00+00:00,Campeonato Brasileiro Série A,Cuiabá EC,Criciúma EC,1440.9697049309646,1469.037715368464,26.931989562500576,0.2,1.4,0.6,1.0,2.4,1.0,0.2,0.6,7.0,2.0,2
2024-09-01 00:00:00+00:00,Campeonato Brasileiro Série A,Botafogo FR,Fortaleza EC,1576.9412415657116,1587.8148211421203,44.1264204235913,1.4,3.0,2.0,1.4,1.6,0.4,2.4,2.0,6.0,6.0,2
2024-09-01 10:15:00+00:00,Eredivisie,FC Utrecht,FC Twente '65,1524.0773439932796,1506.207973808668,72.86937018461163,2.3333333333333335,2.0,1.3333333333333333,1.5,0.6666666666666666,1.0,3.0,3.0,7.0,14.0,2
2024-09-01 12:30:00+00:00,Eredivisie,PEC Zwolle,Heracles Almelo,1471.6843308192304,1489.0792830905539,37.60504772867648,0.0,0.6666666666666666,0.3333333333333333,0.6666666666666666,2.3333333333333335,1.3333333333333333,0.0,1.0,7.0,7.0,2
2024-09-01 12:30:00+00:00,Premier League,Newcastle United FC,Tottenham Hotspur FC,1513.2341712435884,1512.8746404753344,55.35953076825399,2.0,2.0,1.0,2.5,0.5,0.5,3.0,1.0,6.0,7.0,2
2024-09-01 12:30:00+00:00,Premier League,Chelsea FC,Crystal Palace FC,1500.0880180373094,1479.9119819626906,75.17603607461888,1.5,0.0,3.0,0.5,2.0,2.0,0.0,0.0,6.0,7.0,1
2024-09-01 13:00:00+00:00,Ligue 1,AS Monaco FC,Racing Club de Lens,1519.523430267172,1519.3580574369307,55.16537283024127,3.0,3.0,1.5,1.5,0.0,0.0,3.0,3.0,7.0,7.0,1
2024-09-01 13:30:00+00:00,Bundesliga,1. FC Heidenheim 1846,FC Augsburg,1511.569935046895,1495.0967316197718,71.47320342712305,3.0,1.0,2.0,2.0,0.0,2.0,1.0,1.0,6.0,8.0,2
2024-09-01 14:00:00+00:00,Campeonato Brasileiro Série A,Grêmio FBPA,CA Mineiro,1488.26357191233,1497.487132689547,45.77643922278298,2.4,1.0,1.4,0.8,0.6,1.2,1.4,1.0,6.0,7.0,0
2024-09-01 14:00:00+00:00,Campeonato Brasileiro Série A,Cruzeiro EC,AC Goianiense,1520.5529132276952,1431.5184334203916,144.03447980730357,0.6,1.2,0.6,0.8,1.0,1.6,1.6,0.0,3.0,7.0,2
2024-09-01 14:00:00+00:00,Championship,Sheffield United FC,Watford FC,1510.3939029604946,1527.8017466591932,37.59215630130143,1.6666666666666667,3.0,1.6666666666666667,2.6666666666666665,1.0,1.0,1.0,3.0,8.0,8.0,2
2024-09-01 14:30:00+00:00,Primeira Liga,CD Nacional,SC Farense,1484.641439025865,1469.6511740541903,69.99026497167483,0.3333333333333333,0.0,0.6666666666666666,0.3333333333333333,2.6666666666666665,2.6666666666666665,0.0,0.0,7.0,8.0,2
2024-09-01 14:45:00+00:00,Eredivisie,PSV,Go Ahead Eagles,1530.353593576247,1488.8892596711828,96.46433390506422,3.0,1.0,5.0,0.6666666666666666,1.0,1.3333333333333333,3.0,0.0,7.0,7.0,2
2024-09-01 15:00:00+00:00,Ligue 1,Angers SCO,OGC Nice,1480.6419425630693,1486.7658287564116,48.87611380665771,0.0,0.5,0.0,1.0,1.5,1.5,0.0,0.0,7.0,7.0,0
2024-09-01 15:00:00+00:00,Ligue 1,Le Havre AC,AJ Auxerre,1500.0880180373094,1499.9008379102552,55.18718012705426,1.5,1.5,1.5,1.0,2.0,1.5,0.0,0.0,7.0,7.0,2
2024-09-01 15:00:00+00:00,Ligue 1,Stade de Reims,Stade Rennais FC 1901,1493.9752758964025,1499.9008379102552,49.07443798614736,0.5,1.5,1.0,2.0,2.0,1.5,0.0,0.0,6.0,7.0,2
2024-09-01 15:00:00+00:00,Premier League,Manchester United FC,Liverpool FC,1500.0880180373094,1519.9119819626906,35.17603607461888,1.5,3.0,1.0,2.0,1.0,0.0,3.0,3.0,8.0,6.0,0
2024-09-01 15:00:00+00:00,Primera Division,CA Osasuna,RC Celta de Vigo,1494.8981109152583,1507.6103263352027,42.287784580055586,1.3333333333333333,2.0,0.6666666666666666,2.6666666666666665,1.6666666666666667,2.0,2.0,0.0,2.0,5.0,2
2024-09-01 15:00:00+00:00,Primera Division,Deportivo Alavés,UD Las Palmas,1498.7073376248436,1482.788649538165,70.91868808667869,1.3333333333333333,0.6666666666666666,1.0,1.3333333333333333,1.0,1.6666666666666667,1.0,0.0,3.0,2.0,2
2024-09-01 15:30:00+00:00,Bundesliga,FC Bayern München,SC Freiburg,1511.569935046895,1508.430064953105,58.139870093789796,3.0,3.0,3.0,3.0,2.0,1.0,1.0,1.0,7.0,8.0,2
2024-09-01 16:30:00+00:00,Serie A,ACF Fiorentina,AC Monza,1499.6281175193656,1493.0593222048635,61.56879531450204,1.0,0.5,0.5,0.0,0.5,0.5,1.0,1.0,7.0,7.0,1
2024-09-01 16:30:00+00:00,Serie A,Genoa CFC,Hellas Verona FC,1506.9406777951365,1496.8601299062102,65.08054788892628,2.0,1.5,1.5,1.5,1.0,1.5,1.0,1.0,7.0,5.0,0
2024-09-01 17:00:00+00:00,Primeira Liga,Rio Ave FC,FC Arouca,1492.0425756852496,1489.4329989602822,57.60957672496738,1.0,1.0,0.6666666666666666,0.6666666666666666,1.6666666666666667,1.3333333333333333,3.0,0.0,8.0,7.0,2
2024-09-01 17:00:00+00:00,Primera Division,Sevilla FC,Girona FC,1497.7826305696103,1505.1018890847417,47.68074148486858,0.6666666666666666,1.3333333333333333,1.0,1.6666666666666667,1.3333333333333333,1.3333333333333333,0.0,0.5,5.0,3.0,0
2024-09-01 17:15:00+00:00,Primera Division,Getafe CF,Real Sociedad de Fútbol,1500.187695163114,1488.1465091688774,67.04118599423668,1.0,1.0,0.5,1.0,0.5,1.3333333333333333,1.0,3.0,7.0,3.0,1
2024-09-01 18:45:00+00:00,Ligue 1,Lille OSC,Paris Saint-Germain FC,1519.3580574369307,1519.5413071420012,54.816750294929534,3.0,3.0,2.0,5.0,0.0,0.5,3.0,3.0,8.0,9.0,0
2024-09-01 18:45:00+00:00,Serie A,Juventus FC,AS Roma,1520.0,1493.0593222048635,81.94067779513648,3.0,0.5,3.0,0.5,0.0,1.0,3.0,1.0,6.0,7.0,1
2024-09-01 18:45:00+00:00,Serie A,Udinese Calcio,Como 1907,1513.432495423078,1496.572049974983,71.8604454480951,2.0,0.5,1.5,0.5,1.0,2.0,3.0,0.5,8.0,6.0,2
2024-09-01 19:00:00+00:00,Campeonato Brasileiro Série A,SC Corinthians Paulista,CR Flamengo,1451.2622198884887,1553.942028085652,-47.67980819716331,0.6,1.4,0.6,1.2,1.0,1.4,1.8,1.2,7.0,6.0,2
2024-09-01 19:30:00+00:00,Primeira Liga,Gil Vicente FC,Sporting Clube de Braga,1504.4519450551168,1515.900597320784,43.551347734332694,1.3333333333333333,2.3333333333333335,1.3333333333333333,1.6666666666666667,1.6666666666666667,0.6666666666666666,3.0,3.0,7.0,7.0,1
2024-09-01 19:30:00+00:00,Primeira Liga,Vitória SC,FC Famalicão,1509.9964274304991,1527.765203099105,37.23122433139406,2.0,3.0,0.6666666666666666,2.0,0.3333333333333333,0.0,3.0,3.0,7.0,8.0,2
2024-09-01 19:30:00+00:00,Primera Division,Real Madrid CF,Real Betis Balompié,1517.5845236800496,1499.9008379102552,72.68368576979447,1.6666666666666667,1.0,1.6666666666666667,0.5,0.6666666666666666,0.5,3.0,1.0,3.0,7.0,2
2024-09-01 21:30:00+00:00,Campeonato Brasileiro Série A,RB Bragantino,EC Bahia,1482.4941695368716,1526.65004086553,10.84412867134165,0.4,1.6,1.0,1.0,1.6,0.4,1.8,1.4,3.0,7.0,2
2024-09-01 21:30:00+00:00,Campeonato Brasileiro Série A,Fluminense FC,São Paulo FC,1466.4843461580845,1539.7518782222494,-18.267532064164925,2.0,1.8,0.8,1.0,0.4,0.8,1.6,0.8,7.0,7.0,2
2024-09-01 21:30:00+00:00,Campeonato Brasileiro Série A,EC Juventude,SC Internacional,1480.5150934245125,1503.6454599042142,31.869633520298294,1.4,1.6,1.6,1.0,1.6,0.8,1.6,0.6,8.0,3.0,0
2024-09-01 21:30:00+00:00,Campeonato Brasileiro Série A,EC Vitória,CR Vasco da Gama,1444.2473766196376,1495.1447839993343,4.102592620303312,1.4,1.6,1.2,1.6,1.2,1.2,1.4,1.4,7.0,5.0,0
2024-09-01 21:30:00+00:00,Campeonato Brasileiro Série A,CA Paranaense,SE Palmeiras,1486.1591791375258,1557.117889900675,-15.958710763149156,0.8,1.6,1.2,1.8,1.8,1.0,0.2,0.6,5.0,8.0,0
2024-09-05 23:00:00+00:00,Campeonato Brasileiro Série A,Cuiabá EC,EC Juventude,1450.1960888428064,1469.600375694547,35.59571314825939,0.8,1.2,0.8,1.6,2.2,2.0,0.6,0.8,5.0,4.0,1
2024-09-11 22:30:00+00:00,Campeonato Brasileiro Série A,SC Internacional,Fortaleza EC,1514.5601776341798,1579.078096472633,-9.51791883845317,2.0,2.4,1.2,1.2,0.6,0.8,1.6,2.0,10.0,10.0,2
2024-09-13 18:30:00+00:00,Bundesliga,Borussia Dortmund,1. FC Heidenheim 1846,1513.2341712435884,1519.5413071420012,48.69286410158725,2.0,3.0,1.0,3.0,0.0,0.0,3.0,3.0,13.0,12.0,2
2024-09-13 18:45:00+00:00,Ligue 1,AS Saint-Étienne,Lille OSC,1471.5024023459368,1507.7932671693482,18.70913517658869,0.0,2.0,0.0,1.6666666666666667,2.3333333333333335,1.0,0.0,3.0,13.0,12.0,2
2024-09-13 19:00:00+00:00,Championship,Hull City AFC,Sheffield United FC,1486.515717441409,1519.3161163328903,22.199601108518664,0.75,2.0,0.5,1.5,1.0,0.75,1.0,2.0,13.0,12.0,0
2024-09-13 19:00:00+00:00,Primera Division,Real Betis Balompié,CD Leganés,1491.9628487667796,1505.0397412123625,41.92310755441713,0.6666666666666666,1.25,0.3333333333333333,0.75,1.0,0.75,1.0,1.0,11.0,12.0,2
2024-09-13 19:15:00+00:00,Primeira Liga,FC Arouca,Sporting Clube de Portugal,1481.076104781331,1538.7009989079063,-2.6248941265753274,0.75,3.0,0.5,4.0,1.25,0.5,1.5,3.0,12.0,12.0,0
2024-09-14 11:30:00+00:00,Championship,Oxford United FC,Stoke City FC,1499.8235231866604,1500.3494356337594,54.47408755290098,1.5,1.5,2.0,0.75,1.5,1.25,3.0,1.5,13.0,13.0,2
2024-09-14 11:30:00+00:00,Championship,Millwall FC,Luton Town FC,1494.4063184942984,1473.5146586830685,75.89165981122983,1.0,0.25,2.0,0.5,1.75,1.75,1.5,0.5,13.0,14.0,0
2024-09-14 11:30:00+00:00,Premier League,Southampton FC,Manchester United FC,1472.2246123060067,1489.0790155743698,38.14559673163694,0.0,1.0,0.3333333333333333,0.6666666666666666,1.6666666666666667,1.6666666666666667,0.0,0.0,13.0,12.0,0
2024-09-14 11:30:00+00:00,Championship,Leeds United FC,Burnley FC,1519.959586918146,1506.3213864134502,68.63820050469576,2.0,1.75,1.75,2.5,0.75,0.75,2.0,1.5,13.0,14.0,0
2024-09-14 12:00:00+00:00,Primera Division,RCD Mallorca,Villarreal CF,1494.494779756722,1519.3038990628097,30.190880693912277,1.25,2.0,0.5,2.25,0.5,1.75,1.0,2.0,13.0,13.0,0
2024-09-14 13:00:00+00:00,Serie A,Como 1907,Bologna FC 1909,1488.6113624975715,1482.240817843661,61.37054465391043,0.3333333333333333,0.6666666666666666,0.3333333333333333,0.6666666666666666,1.6666666666666667,1.6666666666666667,1.0,0.0,12.0,13.0,1
2024-09-14 13:30:00+00:00,Bundesliga,Borussia Mönchengladbach,VfB Stuttgart,1500.0880180373094,1486.7658287564116,68.32218928089787,1.5,0.5,2.0,2.0,1.5,3.0,0.0,0.0,14.0,14.0,0
2024-09-14 13:30:00+00:00,Bundesliga,RB Leipzig,1. FC Union Berlin,1520.0880180373094,1512.8746404753344,62.213377561974994,3.0,2.0,2.0,1.0,1.0,0.5,3.0,1.0,13.0,14.0,1
2024-09-14 13:30:00+00:00,Bundesliga,TSG 1899 Hoffenheim,Bayer 04 Leverkusen,1499.523430267172,1499.9119819626906,54.61144830448143,1.5,1.5,2.0,2.5,2.5,2.5,3.0,3.0,14.0,13.0,0
2024-09-14 13:30:00+00:00,Bundesliga,SC Freiburg,VfL Bochum 1848,1500.0880180373094,1479.9119819626906,75.17603607461888,1.5,0.0,1.5,0.0,1.5,1.5,3.0,0.0,12.0,14.0,2
2024-09-14 13:30:00+00:00,Bundesliga,VfL Wolfsburg,Eintracht Frankfurt,1500.0880180373094,1500.476569732828,54.61144830448143,1.5,1.5,2.0,1.5,1.5,1.5,0.0,0.0,14.0,14.0,0
2024-09-14 14:00:00+00:00,Championship,Blackburn Rovers FC,Bristol City FC,1525.537098516247,1498.7705432994271,81.76655521681982,2.0,1.25,2.25,1.5,1.5,2.0,3.0,0.5,14.0,14.0,2
2024-09-14 14:00:00+00:00,Championship,Middlesbrough FC,Preston North End FC,1505.9499844545812,1480.5467143168355,80.40327013774572,1.75,0.75,1.25,0.5,0.75,2.0,2.0,0.0,14.0,14.0,1
2024-09-14 14:00:00+00:00,Championship,Derby County FC,Cardiff City FC,1501.4416688340516,1474.7516421820533,81.69002665199832,1.5,0.25,1.75,0.25,1.5,2.5,3.0,0.5,14.0,14.0,2
2024-09-14 14:00:00+00:00,Premier League,Manchester City FC,Brentford FC,1530.382838261938,1507.9625678210475,77.42027044089059,3.0,2.0,3.0,1.6666666666666667,0.6666666666666666,1.3333333333333333,3.0,0.0,13.0,14.0,2
2024-09-14 14:00:00+00:00,Premier League,Liverpool FC,Nottingham Forest FC,1530.9209844256302,1500.9262737601903,84.99471066543992,3.0,1.6666666666666667,2.3333333333333335,1.0,0.0,0.6666666666666666,3.0,3.0,12.0,14.0,0
2024-09-14 14:00:00+00:00,Premier League,Fulham FC,West Ham United FC,1504.4519450551168,1489.063237212302,70.38870784281471,1.3333333333333333,1.0,1.0,1.3333333333333333,1.0,1.6666666666666667,3.0,3.0,14.0,13.0,1
2024-09-14 14:00:00+00:00,Premier League,Crystal Palace FC,Leicester City FC,1485.3759090185831,1475.3742742014929,65.00163481709023,0.3333333333333333,0.3333333333333333,0.6666666666666666,1.0,1.6666666666666667,1.6666666666666667,0.0,0.0,13.0,14.0,1
2024-09-14 14:00:00+00:00,Premier League,Brighton & Hove Albion FC,Ipswich Town FC,1524.8201917955635,1476.2891595976973,103.53103219786612,2.3333333333333335,0.3333333333333333,2.0,0.6666666666666666,0.6666666666666666,2.3333333333333335,3.0,0.0,14.0,14.0,1
2024-09-14 14:00:00+00:00,Championship,Plymouth Argyle FC,Sunderland AFC,1480.2117122372824,1539.2197491313962,-4.008036894113729,0.5,3.0,0.5,2.5,1.75,0.25,0.5,3.0,14.0,14.0,2
2024-09-14 14:00:00+00:00,Championship,Sheffield Wednesday FC,Queens Park Rangers FC,1480.024618809709,1500.3306991792033,34.69391963050566,0.75,1.25,1.0,1.5,2.25,1.75,1.5,2.0,14.0,14.0,1
2024-09-14 14:00:00+00:00,Championship,Swansea City AFC,Norwich City FC,1486.6846425222773,1494.9807847840511,46.703857738226134,1.0,1.25,1.0,1.0,0.75,1.25,2.0,1.5,14.0,14.0,2
2024-09-14 14:00:00+00:00,Championship,Watford FC,Coventry City FC,1518.8795332867976,1493.5190758695553,80.36045741724229,2.25,1.0,2.0,1.0,1.0,1.25,3.0,0.5,13.0,14.0,1
2024-09-14 14:15:00+00:00,Primera Division,RCD Espanyol de Barcelona,Deportivo Alavés,1494.70626169672,1506.6940180813524,43.01224361536765,1.0,1.75,0.5,1.25,0.75,0.75,1.5,1.5,13.0,12.0,2
2024-09-14 14:30:00+00:00,Eredivisie,PSV,NEC,1537.6463373191955,1501.4637719535365,91.182565365659,3.0,1.5,4.5,1.25,0.75,0.75,3.0,1.5,12.0,13.0,2
2024-09-14 14:30:00+00:00,Primeira Liga,Casa Pia AC,Moreirense FC,1481.0974730852918,1505.6116307563434,30.485842328948365,0.75,1.75,0.25,1.75,1.5,1.5,0.0,1.5,13.0,14.0,2
2024-09-14 14:30:00+00:00,Eredivisie,FC Twente '65,PEC Zwolle,1498.2751012888148,1480.6061774581356,72.6689238306792,1.3333333333333333,0.75,1.3333333333333333,1.0,1.3333333333333333,1.75,1.0,0.0,13.0,13.0,1
2024-09-14 15:00:00+00:00,Ligue 1,Olympique de Marseille,OGC Nice,1517.4222846633531,1498.1633893161672,74.2588953471859,2.3333333333333335,1.3333333333333333,3.3333333333333335,2.0,1.3333333333333333,1.3333333333333333,1.0,1.5,13.0,13.0,2
2024-09-14 16:00:00+00:00,Serie A,Empoli FC,Juventus FC,1511.2673645283974,1514.3510003902857,51.9163641381117,1.6666666666666667,2.3333333333333335,1.0,2.0,0.6666666666666666,0.0,1.0,3.0,13.0,12.0,1
2024-09-14 16:30:00+00:00,Premier League,Aston Villa FC,Everton FC,1511.1052123381196,1469.4444630414916,96.66074929662796,2.0,0.0,1.3333333333333333,0.6666666666666666,1.3333333333333333,3.3333333333333335,0.0,0.0,14.0,14.0,2
2024-09-14 16:30:00+00:00,Primera Division,Sevilla FC,Getafe CF,1486.418819684561,1494.9483586475449,46.47046103701609,0.5,1.0,0.75,0.3333333333333333,1.5,0.3333333333333333,0.0,1.0,12.0,12.0,2
2024-09-14 16:30:00+00:00,Bundesliga,Holstein Kiel,FC Bayern München,1479.9119819626906,1519.9119819626906,15.0,0.0,3.0,1.0,2.5,2.5,1.0,0.0,3.0,14.0,13.0,0
2024-09-14 16:45:00+00:00,Eredivisie,FC Groningen,Feyenoord Rotterdam,1518.2530937515546,1511.2988238712785,61.954269880276115,2.0,1.6666666666666667,1.75,2.3333333333333335,0.75,1.0,2.0,2.0,14.0,20.0,1
2024-09-14 17:00:00+00:00,Primeira Liga,AVS,Rio Ave FC,1487.9168452064496,1500.399469864201,42.51737534224867,1.0,1.5,1.25,0.75,1.75,1.25,2.0,0.0,14.0,13.0,2
2024-09-14 17:00:00+00:00,Ligue 1,AJ Auxerre,AS Monaco FC,1491.4760272044302,1514.6155197364274,31.86050746800288,1.0,2.3333333333333335,1.0,1.3333333333333333,2.0,0.3333333333333333,3.0,3.0,13.0,13.0,0
2024-09-14 18:00:00+00:00,Eredivisie,NAC Breda,Fortuna Sittard,1480.7665573041902,1506.951059316978,28.81549798721221,0.75,2.0,1.0,1.6666666666666667,2.75,1.0,1.5,3.0,14.0,14.0,2
2024-09-14 18:45:00+00:00,Serie A,AC Milan,Venezia FC,1491.9390708798246,1485.7464829353394,61.19258794448524,0.6666666666666666,0.3333333333333333,1.6666666666666667,0.3333333333333333,2.0,1.3333333333333333,1.0,0.5,14.0,15.0,2
2024-09-14 19:00:00+00:00,Premier League,AFC Bournemouth,Chelsea FC,1511.113391906252,1494.6240909814169,71.4893009248351,1.6666666666666667,1.3333333333333333,1.6666666666666667,2.3333333333333335,1.3333333333333333,1.6666666666666667,1.0,3.0,14.0,13.0,0
2024-09-14 19:00:00+00:00,Ligue 1,Paris Saint-Germain FC,Stade Brestois 29,1531.1060974095838,1489.051522179823,97.05457522976076,3.0,1.0,4.333333333333333,1.6666666666666667,0.6666666666666666,2.3333333333333335,3.0,0.0,13.0,14.0,2
2024-09-14 19:00:00+00:00,Eredivisie,AZ,SC Heerenveen,1534.3459820980186,1495.6326684353583,93.71331366266031,2.5,1.3333333333333333,1.25,1.6666666666666667,0.0,0.6666666666666666,3.0,0.0,15.0,14.0,2
2024-09-14 19:00:00+00:00,Campeonato Brasileiro Série A,AC Goianiense,EC Vitória,1425.441848506998,1434.1292999999189,46.3125485070791,1.2,0.8,1.0,0.8,1.8,1.4,1.4,0.6,13.0,12.0,0
2024-09-14 19:00:00+00:00,Primera Division,Real Sociedad de Fútbol,Real Madrid CF,1493.3858456844466,1525.5225128235252,22.863332860921446,1.0,2.0,0.75,1.75,1.0,0.5,0.0,1.0,13.0,12.0,0
2024-09-14 19:30:00+00:00,Primeira Liga,FC Famalicão,Gil Vicente FC,1518.8327207982834,1499.8716275590723,73.9610932392111,2.25,1.25,1.75,1.0,0.5,1.25,3.0,0.5,13.0,13.0,1
2024-09-14 19:30:00+00:00,Primeira Liga,Sport Lisboa e Benfica,CD Santa Clara,1513.131889688594,1518.9332738025341,49.19861588605977,1.75,2.25,1.25,2.0,0.75,1.0,3.0,3.0,15.0,14.0,2
2024-09-14 21:30:00+00:00,Campeonato Brasileiro Série A,CA Paranaense,Fortaleza EC,1476.618184993982,1568.8042172568205,-37.18603226283858,0.2,1.8,0.8,1.0,2.0,1.0,0.0,1.4,13.0,2.0,1
2024-09-15 00:00:00+00:00,Campeonato Brasileiro Série A,Botafogo FR,SC Corinthians Paulista,1585.677966235199,1462.6260044109802,178.05196182421878,2.0,1.2,2.4,0.8,1.0,0.8,2.4,0.8,14.0,13.0,2
2024-09-15 10:15:00+00:00,Eredivisie,Sparta Rotterdam,Go Ahead Eagles,1507.894327662115,1481.5965159282343,81.29781173388074,1.5,0.75,1.0,0.5,0.75,1.75,1.0,0.0,14.0,13.0,0
2024-09-15 10:30:00+00:00,Serie A,Genoa CFC,AS Roma,1495.089114212642,1498.7083218145779,51.38079239806416,1.3333333333333333,0.6666666666666666,1.0,0.3333333333333333,1.3333333333333333,0.6666666666666666,0.5,1.0,13.0,13.0,1
2024-09-15 12:00:00+00:00,Primera Division,RC Celta de Vigo,Real Valladolid CF,1498.821491656237,1487.9204971697397,65.90099448649721,1.5,1.0,2.5,0.25,2.25,2.5,3.0,0.0,13.0,14.0,2
2024-09-15 12:30:00+00:00,Eredivisie,Willem II Tilburg,RKC Waalwijk,1505.0608987093858,1461.9659887893008,98.094909920085,1.25,0.0,1.25,0.5,1.0,3.0,1.5,0.0,14.0,15.0,2
2024-09-15 13:00:00+00:00,Serie A,Torino FC,US Lecce,1524.6196314688655,1489.1603793358704,90.45925213299506,2.3333333333333335,1.0,1.6666666666666667,0.3333333333333333,1.0,2.0,3.0,0.0,15.0,14.0,1
2024-09-15 13:00:00+00:00,Premier League,Tottenham Hotspur FC,Arsenal FC,1504.4546669566412,1515.1798082044365,44.274858752204636,1.3333333333333333,2.3333333333333335,2.0,1.6666666666666667,1.0,0.3333333333333333,3.0,3.0,14.0,15.0,0
2024-09-15 13:00:00+00:00,Serie A,Atalanta BC,ACF Fiorentina,1494.7993441539047,1494.541011463784,55.258332690120824,1.0,1.0,1.6666666666666667,1.0,2.0,1.0,1.0,1.0,15.0,13.0,2
2024-09-15 13:00:00+00:00,Ligue 1,Stade Rennais FC 1901,Montpellier HSC,1491.3039947599682,1476.301384892017,70.00260986795115,1.0,0.3333333333333333,1.6666666666666667,0.6666666666666666,1.6666666666666667,3.3333333333333335,3.0,0.0,13.0,14.0,2
2024-09-15 13:30:00+00:00,Bundesliga,FC Augsburg,FC St. Pauli 1910,1487.1253595246656,1480.4586928579988,61.66666666666674,0.5,0.0,1.0,0.0,3.0,1.5,1.0,0.0,14.0,15.0,2
2024-09-15 14:00:00+00:00,Championship,Portsmouth FC,West Bromwich Albion FC,1493.5508250736546,1525.3939643991955,23.15686067445904,0.75,2.5,1.5,1.5,2.0,0.5,0.5,3.0,15.0,15.0,0
2024-09-15 14:15:00+00:00,Primera Division,Girona FC,FC Barcelona,1516.465699969791,1538.4682107149088,32.99748925488234,1.75,3.0,1.75,3.25,1.0,0.75,3.0,3.0,13.0,14.0,0
2024-09-15 14:30:00+00:00,Primeira Liga,FC Porto,SC Farense,1519.5941073002184,1461.6388408632986,112.95526643691983,2.25,0.0,1.75,0.25,0.5,2.5,3.0,0.0,14.0,14.0,2
2024-09-15 14:45:00+00:00,Eredivisie,Heracles Almelo,Almere City FC,1480.1574364516487,1466.5516128819502,68.60582356969849,0.5,0.25,0.5,0.5,1.75,3.0,0.5,0.0,14.0,15.0,1
2024-09-15 15:00:00+00:00,Ligue 1,RC Strasbourg Alsace,Angers SCO,1504.0661248573003,1469.2443820033136,89.82174285398673,1.3333333333333333,0.0,2.3333333333333335,0.3333333333333333,2.0,2.3333333333333335,3.0,0.0,15.0,14.0,1
2024-09-15 15:00:00+00:00,Ligue 1,FC Nantes,Stade de Reims,1524.2564700557266,1502.5721190466895,76.68435100903707,2.3333333333333335,1.3333333333333333,1.6666666666666667,1.3333333333333333,0.3333333333333333,1.6666666666666667,3.0,1.0,14.0,14.0,0
2024-09-15 15:00:00+00:00,Ligue 1,Toulouse FC,Le Havre AC,1488.5032773504995,1508.5128287431344,34.990448607365124,0.6666666666666666,2.0,0.6666666666666666,2.0,1.3333333333333333,1.6666666666666667,0.5,3.0,14.0,14.0,2
2024-09-15 15:30:00+00:00,Premier League,Wolverhampton Wanderers FC,Newcastle United FC,1485.5532127794222,1521.6541447622817,18.899068017140507,0.3333333333333333,2.3333333333333335,1.0,1.3333333333333333,3.0,0.6666666666666666,0.0,1.0,15.0,14.0,0
2024-09-15 15:30:00+00:00,Bundesliga,1. FSV Mainz 05,SV Werder Bremen,1499.9008379102552,1500.0991620897448,54.801675820510354,1.0,1.0,2.0,1.0,2.0,1.0,1.0,1.0,15.0,15.0,0
2024-09-15 16:00:00+00:00,Serie A,Cagliari Calcio,SSC Napoli,1481.3929302138122,1508.6255968749463,27.76733333886591,0.6666666666666666,2.0,0.3333333333333333,1.6666666666666667,0.6666666666666666,1.3333333333333333,1.0,0.0,14.0,14.0,0
2024-09-15 16:30:00+00:00,Primera Division,UD Las Palmas,Athletic Club,1474.8019690816561,1484.144091463112,45.657877618544035,0.5,1.0,1.0,0.75,1.75,1.0,1.0,0.0,14.0,14.0,0
2024-09-15 17:00:00+00:00,Primeira Liga,GD Estoril Praia,CD Nacional,1481.6211466749298,1492.6537722167568,43.967374458173026,0.5,1.0,0.25,1.0,1.25,2.0,0.5,0.5,15.0,14.0,2
2024-09-15 18:45:00+00:00,Ligue 1,Racing Club de Lens,Olympique Lyonnais,1524.2659679676754,1489.8429402986058,89.4230276690696,2.3333333333333335,1.0,1.3333333333333333,1.3333333333333333,0.3333333333333333,2.6666666666666665,3.0,0.0,14.0,16.0,1
2024-09-15 18:45:00+00:00,Serie A,AC Monza,FC Internazionale Milano,1498.1464282604452,1521.0274712521054,32.11895700833975,0.6666666666666666,2.3333333333333335,0.6666666666666666,2.6666666666666665,1.0,0.6666666666666666,0.0,1.0,14.0,16.0,1
2024-09-15 19:00:00+00:00,Campeonato Brasileiro Série A,RB Bragantino,Grêmio FBPA,1492.1821517383314,1476.9535914926448,70.2285602456866,0.8,1.8,1.0,1.6,1.4,1.2,1.8,2.0,13.0,14.0,1
2024-09-15 19:00:00+00:00,Campeonato Brasileiro Série A,EC Juventude,Fluminense FC,1473.954666327692,1477.0096440290495,51.94502229864247,0.8,2.0,1.0,1.0,1.6,0.4,1.0,2.0,9.0,13.0,2
2024-09-15 19:00:00+00:00,Campeonato Brasileiro Série A,SE Palmeiras,Criciúma EC,1566.658884044219,1459.8113314566222,161.84755258759674,2.2,0.8,2.2,0.8,0.6,1.2,2.4,0.6,13.0,14.0,2
2024-09-15 19:00:00+00:00,Primera Division,Club Atlético de Madrid,Valencia CF,1518.736061314872,1468.6403757469839,105.09568556788804,2.0,0.25,1.5,0.75,0.5,1.75,2.0,0.0,15.0,14.0,2
2024-09-15 19:30:00+00:00,Primeira Liga,Sporting Clube de Braga,Vitória SC,1520.4809148168285,1518.9289097313208,56.552005085507744,2.0,2.25,1.25,1.0,0.5,0.5,2.0,1.5,14.0,14.0,0
2024-09-15 21:30:00+00:00,Campeonato Brasileiro Série A,CR Flamengo,CR Vasco da Gama,1542.5782435631606,1505.262860619053,92.31538294410757,0.8,2.2,1.0,1.8,1.8,1.0,2.0,1.4,14.0,14.0,1
2024-09-15 21:30:00+00:00,Campeonato Brasileiro Série A,EC Bahia,CA Mineiro,1516.9620586640701,1508.7971131092322,63.164945554837914,1.4,1.0,1.0,1.0,0.6,1.4,1.0,1.0,14.0,14.0,2
2024-09-15 21:30:00+00:00,Campeonato Brasileiro Série A,Cruzeiro EC,São Paulo FC,1526.6294981410888,1529.2265803512844,52.402917789804405,1.2,1.8,1.0,1.0,0.8,1.0,1.6,0.2,14.0,14.0,0
2024-09-16 16:30:00+00:00,Serie A,Parma Calcio 1913,Udinese Calcio,1495.0003617876755,1521.3931829004896,28.60717888718591,1.3333333333333333,2.3333333333333335,1.3333333333333333,1.3333333333333333,1.3333333333333333,0.6666666666666666,2.0,1.0,15.0,14.0,0
2024-09-16 18:45:00+00:00,Serie A,SS Lazio,Hellas Verona FC,1494.6284336970973,1508.7116934887044,40.916740208392866,1.3333333333333333,2.0,2.0,1.6666666666666667,1.6666666666666667,1.0,2.0,3.0,16.0,15.0,2
2024-09-16 19:00:00+00:00,Primera Division,Rayo Vallecano de Madrid,CA Osasuna,1495.8375718716516,1503.686945594224,47.15062627742759,1.0,1.75,1.0,1.25,1.25,1.75,0.0,0.0,16.0,15.0,2
2024-09-16 19:15:00+00:00,Primeira Liga,CF Estrela da Amadora,Boavista FC,1473.1653190707216,1486.3449548759188,41.82036419480278,0.25,1.0,0.25,0.25,1.5,0.5,0.0,1.5,16.0,16.0,1
2024-09-16 23:00:00+00:00,Campeonato Brasileiro Série A,SC Internacional,Cuiabá EC,1524.8340568499923,1445.8417982096614,133.99225864033087,2.0,1.0,1.2,0.8,0.6,2.0,2.2,1.0,5.0,11.0,2
2024-09-17 16:45:00+00:00,UEFA Champions League,BSC Young Boys,Aston Villa FC,1500.0,1518.3927179368584,36.60728206314161,0.0,2.25,1.2,1.75,1.2,1.5,1.0,3.0,14.0,3.0,0
2024-09-17 16:45:00+00:00,UEFA Champions League,Juventus FC,PSV,1519.1675836070685,1545.0805318243374,29.087051782731123,2.0,3.0,1.5,4.0,0.0,0.6,2.0,3.0,3.0,3.0,2
2024-09-17 17:00:00+00:00,Primera Division,RCD Mallorca,Real Sociedad de Fútbol,1483.6279969461618,1482.728734316699,55.89926262946278,1.0,0.8,0.6,0.6,0.8,1.2,0.6666666666666666,2.0,3.0,2.0,2
2024-09-17 18:00:00+00:00,Eredivisie,FC Twente '65,SC Heerenveen,1492.8801639197404,1488.2663912161656,59.613772703574796,1.25,1.0,1.25,1.5,1.25,2.75,1.0,0.0,3.0,2.0,2
2024-09-17 19:00:00+00:00,UEFA Champions League,AC Milan,Liverpool FC,1500.1957952229257,1518.5223007241354,36.673494498790205,1.25,2.25,2.25,1.75,1.5,0.25,2.0,3.0,3.0,3.0,0
2024-09-17 19:00:00+00:00,UEFA Champions League,Sporting Clube de Portugal,Lille OSC,1548.6254498192368,1498.3312394738543,105.29421034538245,3.0,1.5,3.8,1.25,0.4,1.0,3.0,1.5,3.0,4.0,2
2024-09-17 19:00:00+00:00,UEFA Champions League,FC Bayern München,GNK Dinamo Zagreb,1530.3434486237134,1500.0,85.34344862371336,3.0,0.0,3.6666666666666665,1.0,1.0,1.2,3.0,1.0,3.0,14.0,2
2024-09-17 19:00:00+00:00,UEFA Champions League,Real Madrid CF,VfB Stuttgart,1536.1796241912728,1498.7073376248436,92.47228656642915,2.2,1.3333333333333333,1.8,2.3333333333333335,0.4,2.3333333333333335,3.0,1.5,3.0,3.0,2
2024-09-18 16:45:00+00:00,UEFA Champions League,Bologna FC 1909,FK Shakhtar Donetsk,1487.322392737609,1500.0,42.32239273760911,0.75,0.0,1.0,1.0,1.75,1.2,1.0,1.0,4.0,14.0,1
2024-09-18 16:45:00+00:00,UEFA Champions League,AC Sparta Praha,FC Red Bull Salzburg,1500.0,1500.0,55.0,0.0,0.0,1.2,1.0,1.2,1.2,1.0,1.0,14.0,14.0,2
2024-09-18 17:00:00+00:00,Primera Division,Real Betis Balompié,Getafe CF,1500.762027033713,1486.2779666683737,69.48406036533925,1.25,0.75,0.75,0.25,0.75,0.5,2.0,0.5,4.0,4.0,2
2024-09-18 18:00:00+00:00,Eredivisie,AFC Ajax,Fortuna Sittard,1499.523430267172,1497.7785395702342,56.74489069693777,1.5,1.5,1.0,1.25,1.0,1.0,3.0,1.5,31.0,4.0,2
2024-09-18 19:00:00+00:00,UEFA Champions League,Manchester City FC,FC Internazionale Milano,1538.1906680932152,1525.2826379108458,67.90803018236943,3.0,2.0,2.75,2.25,0.75,0.75,3.0,1.0,4.0,3.0,1
2024-09-18 19:00:00+00:00,UEFA Champions League,Paris Saint-Germain FC,Girona FC,1538.3831050222627,1505.5188012259373,87.86430379632543,3.0,1.4,4.0,1.6,0.75,1.6,3.0,1.3333333333333333,4.0,3.0,2
2024-09-18 19:00:00+00:00,UEFA Champions League,Club Brugge KV,Borussia Dortmund,1500.0,1521.8417823977393,33.15821760226072,0.0,2.3333333333333335,1.2,2.0,1.2,0.6666666666666666,1.0,1.0,14.0,5.0,0
2024-09-18 19:00:00+00:00,UEFA Champions League,Celtic FC,ŠK Slovan Bratislava,1500.0,1500.0,55.0,0.0,0.0,1.2,1.0,1.2,1.2,1.0,1.0,14.0,14.0,2
2024-09-19 16:45:00+00:00,UEFA Champions League,FK Crvena Zvezda,Sport Lisboa e Benfica,1500.0,1521.7252292566457,33.27477074335434,0.0,2.0,1.2,1.8,1.2,0.8,1.0,0.5,14.0,4.0,0
2024-09-19 16:45:00+00:00,UEFA Champions League,Feyenoord Rotterdam,Bayer 04 Leverkusen,1516.3966814339194,1511.4710073191504,59.92567411476898,1.5,2.0,2.25,3.0,1.25,2.0,1.0,3.0,5.0,5.0,0
2024-09-19 17:00:00+00:00,Primera Division,CD Leganés,Athletic Club,1496.2405629454292,1495.4507178154818,55.78984512994748,1.0,1.4,0.6,1.2,1.0,1.2,1.5,1.5,5.0,4.0,0
2024-09-19 19:00:00+00:00,UEFA Champions League,Atalanta BC,Arsenal FC,1503.2221578026017,1526.4472875246347,31.77487027796701,1.5,2.5,2.0,1.5,2.0,0.25,3.0,3.0,4.0,4.0,1
2024-09-19 19:00:00+00:00,UEFA Champions League,Club Atlético de Madrid,RB Leipzig,1525.8001675976323,1514.9829359076252,65.81723169000702,2.2,2.3333333333333335,1.8,1.3333333333333333,0.4,0.6666666666666666,2.3333333333333335,3.0,4.0,5.0,2
2024-09-19 19:00:00+00:00,UEFA Champions League,Stade Brestois 29,SK Sturm Graz,1481.774514567144,1500.0,36.774514567144024,0.75,0.0,1.5,1.0,2.5,1.2,1.5,1.0,5.0,14.0,2
2024-09-19 19:00:00+00:00,UEFA Champions League,AS Monaco FC,FC Barcelona,1525.5299769946405,1549.4151094587626,31.11486753587792,2.5,3.0,1.75,3.4,0.25,0.8,2.0,3.0,5.0,4.0,2
2024-09-20 16:30:00+00:00,Serie A,Cagliari Calcio,Empoli FC,1470.5954193833168,1506.4507813116145,19.144638071702275,0.5,1.5,0.25,0.75,1.5,0.5,0.6666666666666666,2.0,5.0,6.0,0
2024-09-20 18:00:00+00:00,Eredivisie,PEC Zwolle,AZ,1486.00111482721,1541.7122593172112,-0.7111444900012884,0.8,2.6,1.0,2.8,1.6,0.2,1.5,2.3333333333333335,6.0,5.0,0
2024-09-20 18:30:00+00:00,Bundesliga,FC Augsburg,1. FSV Mainz 05,1495.3688566153016,1488.3364708999904,62.03238571531119,1.3333333333333333,0.6666666666666666,1.6666666666666667,1.6666666666666667,2.3333333333333335,2.0,2.0,1.0,5.0,5.0,0
2024-09-20 18:45:00+00:00,Ligue 1,OGC Nice,AS Saint-Étienne,1490.268769777556,1480.9644300414307,64.30433973612526,1.0,0.75,1.5,0.25,1.5,1.75,1.0,0.0,6.0,7.0,2
2024-09-20 18:45:00+00:00,Serie A,Hellas Verona FC,Torino FC,1499.8839574637273,1518.7399510701225,36.14400639360474,1.5,2.0,1.5,1.25,1.25,0.75,1.5,2.0,4.0,5.0,0
2024-09-20 19:00:00+00:00,Championship,Stoke City FC,Hull City AFC,1491.9046032860622,1475.8776296850506,71.0269736010116,1.2,0.6,0.6,0.4,1.2,1.2,1.5,0.5,6.0,7.0,0
2024-09-20 19:00:00+00:00,Primera Division,Deportivo Alavés,Sevilla FC,1497.925723915658,1495.0892116637322,57.8365122519258,1.4,1.0,1.4,0.8,1.2,1.2,2.0,1.0,6.0,6.0,2
2024-09-20 19:15:00+00:00,Primeira Liga,CD Nacional,Sporting Clube de Braga,1483.912542630271,1508.8674412827095,30.045101347561513,0.8,1.6,0.8,1.0,1.8,0.8,1.5,2.0,5.0,4.0,0
2024-09-21 11:30:00+00:00,Premier League,West Ham United FC,Chelsea FC,1494.3952498631156,1506.6531631380776,42.74208672503801,1.0,1.75,1.25,2.0,1.5,1.25,0.0,3.0,6.0,6.0,0
2024-09-21 11:30:00+00:00,Championship,Norwich City FC,Watford FC,1486.3169911522807,1513.2736222529682,28.043368899312554,1.0,2.0,0.8,1.8,1.2,1.0,1.0,1.5,6.0,6.0,2
2024-09-21 11:30:00+00:00,Championship,Sunderland AFC,Middlesbrough FC,1529.104393673486,1500.3429048451876,83.7614888282983,2.4,1.6,2.4,1.2,0.8,0.8,3.0,1.5,6.0,6.0,2
2024-09-21 11:30:00+00:00,Championship,Queens Park Rangers FC,Millwall FC,1504.659297908156,1482.256071117834,77.40322679032215,1.2,0.8,1.4,1.6,1.6,1.6,0.5,0.5,6.0,7.0,1
2024-09-21 12:00:00+00:00,Primera Division,Real Valladolid CF,Real Sociedad de Fútbol,1479.7948555266094,1474.3239039785676,60.47095154804174,0.8,0.8,0.4,0.4,2.6,1.0,2.0,1.3333333333333333,6.0,3.0,1
2024-09-21 13:00:00+00:00,Serie A,Venezia FC,Genoa CFC,1477.4897585922383,1490.2876102909777,42.20214830126065,0.25,1.25,0.25,1.0,2.0,1.25,0.0,3.0,6.0,6.0,2
2024-09-21 13:30:00+00:00,Bundesliga,VfL Bochum 1848,Holstein Kiel,1472.0425756852496,1469.4805153016678,57.562060383581866,0.0,0.0,0.3333333333333333,1.0,1.6666666666666667,3.6666666666666665,0.0,0.0,7.0,6.0,1
2024-09-21 13:30:00+00:00,Bundesliga,1. FC Union Berlin,TSG 1899 Hoffenheim,1517.9797226050187,1487.9644049107121,85.01531769430653,1.6666666666666667,1.0,0.6666666666666666,1.6666666666666667,0.3333333333333333,3.0,3.0,0.0,7.0,7.0,2
2024-09-21 13:30:00+00:00,Bundesliga,SV Werder Bremen,FC Bayern München,1511.6635291000096,1537.9353072423316,28.72822185767791,1.6666666666666667,3.0,1.3333333333333333,5.0,1.0,1.25,1.0,3.0,5.0,3.0,0
2024-09-21 13:30:00+00:00,Bundesliga,1. FC Heidenheim 1846,SC Freiburg,1510.9336959878503,1507.9574243147504,57.97627167309997,2.0,2.0,2.6666666666666665,1.6666666666666667,1.3333333333333333,1.3333333333333333,3.0,0.0,7.0,7.0,0
2024-09-21 14:00:00+00:00,Premier League,Southampton FC,Ipswich Town FC,1461.1310841367538,1482.5171798233773,33.61390431337645,0.0,0.5,0.25,0.5,2.0,1.75,0.0,0.5,7.0,7.0,1
2024-09-21 14:00:00+00:00,Championship,West Bromwich Albion FC,Plymouth Argyle FC,1536.0594872277338,1490.3270676951927,100.73241953254114,2.6,1.0,1.8,1.0,0.4,1.8,2.0,0.5,6.0,7.0,2
2024-09-21 14:00:00+00:00,Championship,Sheffield United FC,Derby County FC,1529.9542040892486,1509.1328311628763,75.8213729263723,2.2,1.8,1.6,1.6,0.6,1.2,2.0,0.0,7.0,7.0,2
2024-09-21 14:00:00+00:00,Premier League,Tottenham Hotspur FC,Brentford FC,1493.187187636443,1500.1547379897704,48.0324496466726,1.0,1.5,1.5,1.5,1.0,1.5,1.5,0.0,6.0,7.0,2
2024-09-21 14:00:00+00:00,Championship,Luton Town FC,Sheffield Wednesday FC,1485.664906059533,1475.6960200807562,64.96888597877683,0.8,0.8,0.6,1.0,1.4,2.0,0.0,0.0,7.0,7.0,2
2024-09-21 14:00:00+00:00,Championship,Cardiff City FC,Leeds United FC,1467.0604798532286,1508.0093269155518,14.051152937676761,0.2,1.6,0.2,1.4,2.2,0.8,0.0,2.0,7.0,7.0,0
2024-09-21 14:00:00+00:00,Championship,Coventry City FC,Swansea City AFC,1499.1249869033848,1495.3484361540477,58.77655074933705,1.0,1.4,1.0,1.0,1.2,0.6,1.5,0.0,7.0,7.0,0
2024-09-21 14:00:00+00:00,Championship,Bristol City FC,Oxford United FC,1491.0814661153072,1508.2683555343576,37.81311058094957,1.0,1.8,1.2,1.8,2.2,1.2,2.0,0.0,7.0,7.0,2
2024-09-21 14:00:00+00:00,Premier League,Liverpool FC,AFC Bournemouth,1529.5739458981943,1499.0843197495913,85.48962614860307,2.4,1.25,2.0,1.25,0.4,1.25,1.5,2.0,3.0,6.0,2
2024-09-21 14:00:00+00:00,Premier League,Leicester City FC,Everton FC,1480.5569775910503,1462.1569574427529,73.40002014829747,0.5,0.0,1.25,1.0,1.75,3.25,0.5,0.0,7.0,6.0,1
2024-09-21 14:00:00+00:00,Premier League,Fulham FC,Newcastle United FC,1499.1199324043032,1532.197567791109,21.922364613194304,1.25,2.5,1.0,1.5,1.0,0.75,2.0,2.0,7.0,5.0,2
2024-09-21 14:00:00+00:00,Championship,Burnley FC,Portsmouth FC,1518.2716464160444,1482.8853022451162,90.38634417092817,2.0,0.6,2.2,1.2,0.6,2.2,2.0,1.0,7.0,6.0,2
2024-09-21 14:00:00+00:00,Premier League,Aston Villa FC,Wolverhampton Wanderers FC,1529.4424784028304,1475.009789750595,109.43268865223536,2.4,0.25,2.0,1.0,1.2,2.75,1.5,0.5,3.0,5.0,2
2024-09-21 14:15:00+00:00,Primera Division,CA Osasuna,UD Las Palmas,1495.0357792268023,1463.4953427292864,86.54043649751588,1.4,0.4,1.2,1.2,2.0,2.0,2.3333333333333335,0.0,4.0,5.0,2
2024-09-21 14:30:00+00:00,Eredivisie,FC Utrecht,Willem II Tilburg,1532.0102165131327,1512.3102059486785,74.70001056445426,2.5,1.6,1.5,1.6,0.75,0.8,3.0,1.0,20.0,6.0,2
2024-09-21 14:30:00+00:00,Primeira Liga,Rio Ave FC,GD Estoril Praia,1491.6171458801136,1490.3623762614156,56.25476961869799,1.2,1.0,0.6,0.4,1.2,1.0,3.0,0.5,6.0,5.0,1
2024-09-21 14:30:00+00:00,Primeira Liga,CD Santa Clara,CF Estrela da Amadora,1510.3399342344824,1468.6340786574413,96.70585557704112,1.8,0.4,1.8,0.6,1.6,1.6,1.5,0.5,6.0,4.0,2
2024-09-21 15:00:00+00:00,Ligue 1,Lille OSC,RC Strasbourg Alsace,1491.2723538003138,1498.2036117251228,48.06874207519104,1.2,1.25,1.0,2.0,1.2,1.75,1.5,0.5,3.0,6.0,1
2024-09-21 16:00:00+00:00,Serie A,Juventus FC,SSC Napoli,1528.3323414285078,1519.4231077054417,63.90923372306611,2.2,2.25,1.8,2.25,0.2,1.0,2.3333333333333335,1.5,3.0,6.0,1
2024-09-21 16:30:00+00:00,Premier League,Crystal Palace FC,Manchester United FC,1480.1932056290257,1500.1725437436228,35.02066188540289,0.5,1.5,1.0,1.25,1.75,1.25,0.5,1.5,7.0,7.0,1
2024-09-21 16:30:00+00:00,Primera Division,Valencia CF,Girona FC,1461.5762694642235,1497.9951706126606,18.581098851562956,0.2,1.2,0.6,1.4,2.0,1.6,0.5,1.0,5.0,2.0,2
2024-09-21 16:30:00+00:00,Bundesliga,Eintracht Frankfurt,Borussia Mönchengladbach,1512.0355950892879,1488.1465091688774,78.88908592041048,2.0,1.0,1.6666666666666667,1.6666666666666667,1.3333333333333333,2.0,3.0,3.0,7.0,7.0,2
2024-09-21 16:45:00+00:00,Eredivisie,RKC Waalwijk,Sparta Rotterdam,1454.7166815500082,1495.596179846993,14.12050170301518,0.0,1.2,0.4,1.0,3.0,1.0,0.0,2.0,6.0,6.0,0
2024-09-21 17:00:00+00:00,Primeira Liga,Vitória SC,FC Porto,1530.5423832654399,1526.4528940150144,59.08948925042546,2.4,2.4,1.2,1.8,0.4,0.6,3.0,1.5,5.0,6.0,0
2024-09-21 17:00:00+00:00,Ligue 1,Stade Rennais FC 1901,Racing Club de Lens,1499.3159866764345,1518.4141998073972,35.90178686903732,1.5,2.0,2.0,1.0,1.25,0.25,3.0,2.0,6.0,5.0,1
2024-09-21 18:00:00+00:00,Eredivisie,Go Ahead Eagles,AFC Ajax,1493.8946637433564,1507.9045500508228,40.99011369253367,1.2,2.0,0.8,2.3333333333333335,1.6,0.6666666666666666,1.5,0.0,6.0,3.0,1
2024-09-21 18:45:00+00:00,Serie A,US Lecce,Parma Calcio 1913,1495.0400597346134,1484.1788366794692,65.86122305514414,1.0,1.0,0.25,1.5,1.5,1.75,1.5,0.0,6.0,5.0,1
2024-09-21 19:00:00+00:00,Primera Division,Real Madrid CF,RCD Espanyol de Barcelona,1543.5791745113008,1503.4745558624145,95.10461864888634,2.6,1.4,2.2,1.0,0.4,1.0,3.0,0.5,4.0,7.0,2
2024-09-21 19:00:00+00:00,Ligue 1,Stade de Reims,Paris Saint-Germain FC,1514.7441163132628,1545.9067356355395,23.83738067772333,1.75,3.0,1.5,3.4,1.5,0.6,1.5,3.0,6.0,3.0,1
2024-09-21 19:00:00+00:00,Eredivisie,NEC,Heracles Almelo,1494.0295774483945,1474.8747395708046,74.1548378775899,1.2,0.6,1.0,0.4,1.0,1.4,1.5,0.5,7.0,6.0,0
2024-09-21 19:00:00+00:00,Campeonato Brasileiro Série A,SC Corinthians Paulista,AC Goianiense,1457.3447159468253,1414.1167054929801,98.22801045384517,1.0,1.2,0.8,0.8,1.0,1.4,1.8,0.0,6.0,7.0,2
2024-09-21 19:00:00+00:00,Campeonato Brasileiro Série A,EC Vitória,EC Juventude,1445.4544430139367,1482.4706097528572,17.983833261079553,0.8,1.4,1.0,1.2,1.4,1.4,0.8,1.0,7.0,6.0,2
2024-09-21 19:30:00+00:00,Primeira Liga,Moreirense FC,FC Famalicão,1496.486838839177,1513.402199974076,38.08463886510094,1.4,2.0,1.6,1.6,1.8,0.6,2.0,1.5,7.0,7.0,1
2024-09-21 21:30:00+00:00,Campeonato Brasileiro Série A,Fluminense FC,Botafogo FR,1468.4937006038842,1590.9592546993538,-67.46555409546954,1.4,2.0,1.0,2.0,0.8,1.0,2.2,1.6,6.0,6.0,0
2024-09-22 00:00:00+00:00,Campeonato Brasileiro Série A,Fortaleza EC,EC Bahia,1571.0713188180487,1525.1637942176787,100.90752460036992,1.4,2.0,1.0,1.6,1.2,0.4,3.0,1.4,7.0,6.0,2
2024-09-22 10:15:00+00:00,Eredivisie,SC Heerenveen,FC Groningen,1479.9655712750975,1513.1552361889137,21.81033508618384,0.8,1.8,1.2,1.8,2.6,1.0,2.0,2.0,4.0,7.0,2
2024-09-22 10:30:00+00:00,Serie A,ACF Fiorentina,SS Lazio,1486.118197815087,1503.4561697220745,37.662028093012395,0.75,1.75,1.25,2.0,1.5,1.5,1.0,0.0,6.0,5.0,2
2024-09-22 11:00:00+00:00,Championship,Preston North End FC,Blackburn Rovers FC,1486.1537939262291,1533.2261757003669,7.927618225862261,0.8,2.2,0.6,2.4,1.8,1.2,1.5,1.0,7.0,7.0,1
2024-09-22 12:00:00+00:00,Primera Division,Getafe CF,CD Leganés,1478.2516353178894,1484.6484625907021,48.60317272718726,0.6,0.8,0.4,0.4,0.8,1.2,1.0,0.6666666666666666,3.0,2.0,1
2024-09-22 12:30:00+00:00,Eredivisie,Almere City FC,FC Twente '65,1471.8343097627942,1501.1809838608085,25.65332590198568,0.4,1.6,0.4,1.4,2.4,1.0,0.3333333333333333,1.5,6.0,4.0,0
2024-09-22 12:30:00+00:00,Eredivisie,Feyenoord Rotterdam,NAC Breda,1504.6887846548764,1489.939077050934,69.7497076039424,1.2,1.2,1.8,1.0,1.8,2.2,0.5,0.0,2.0,7.0,2
2024-09-22 13:00:00+00:00,Premier League,Brighton & Hove Albion FC,Nottingham Forest FC,1518.5921715698835,1513.324957461685,60.26721410819846,2.0,2.0,1.5,1.0,0.5,0.5,2.0,3.0,7.0,7.0,1
2024-09-22 13:00:00+00:00,Serie A,AC Monza,Bologna FC 1909,1493.8912616017049,1482.7769126042858,66.11434899741903,0.75,0.8,0.75,0.8,1.0,1.4,0.5,0.5,6.0,3.0,0
2024-09-22 13:00:00+00:00,Ligue 1,AS Monaco FC,Le Havre AC,1534.6368056578049,1499.5165436673526,90.12026199045226,2.6,1.5,1.8,1.5,0.4,1.75,2.3333333333333335,1.5,2.0,6.0,2
2024-09-22 13:30:00+00:00,Bundesliga,Bayer 04 Leverkusen,VfL Wolfsburg,1523.1789040981935,1488.5289926808496,89.6499114173439,2.25,1.0,3.25,1.6666666666666667,1.5,1.6666666666666667,0.0,3.0,2.0,8.0,2
2024-09-22 14:15:00+00:00,Primera Division,Athletic Club,RC Celta de Vigo,1507.0428181702089,1506.9471332993674,55.095684870841524,1.8,1.8,1.4,2.6,1.0,2.0,1.3333333333333333,0.0,2.0,7.0,2
2024-09-22 14:30:00+00:00,Primeira Liga,Gil Vicente FC,Casa Pia AC,1505.3021483832797,1490.2222650024582,70.07988338082146,1.2,1.2,1.0,0.8,1.2,1.4,2.0,1.5,7.0,8.0,1
2024-09-22 14:45:00+00:00,Eredivisie,Fortuna Sittard,PSV,1489.3974197865834,1535.9157740028982,8.48164578368528,1.2,2.4,1.0,3.2,1.8,1.0,1.5,2.0,3.0,4.0,0
2024-09-22 15:00:00+00:00,Ligue 1,Stade Brestois 29,Toulouse FC,1490.7199940465196,1497.4995624262813,48.22043162023829,1.2,1.25,1.6,1.0,2.2,1.0,2.0,1.0,2.0,7.0,2
2024-09-22 15:00:00+00:00,Ligue 1,Angers SCO,FC Nantes,1475.1068951354912,1512.0844727891533,18.022422346337862,0.25,1.75,0.5,1.5,2.0,0.75,0.0,2.0,7.0,7.0,1
2024-09-22 15:00:00+00:00,Ligue 1,Montpellier HSC,AJ Auxerre,1468.2893929755508,1480.561569946217,42.72782302933365,0.25,0.75,0.5,0.75,3.25,2.25,0.5,0.0,7.0,7.0,2
2024-09-22 15:30:00+00:00,Premier League,Manchester City FC,Arsenal FC,1532.927299662081,1530.6926338364253,57.23466582565561,2.6,2.2,2.2,1.2,0.6,0.2,2.3333333333333335,2.3333333333333335,3.0,2.0,1
2024-09-22 15:30:00+00:00,Bundesliga,VfB Stuttgart,Borussia Dortmund,1491.3077873048155,1532.7932655954417,13.514521709373867,1.0,2.5,2.0,2.25,2.5,0.5,1.0,2.0,4.0,3.0,2
2024-09-22 16:00:00+00:00,Serie A,AS Roma,Udinese Calcio,1503.5098257362422,1532.2147080086959,26.295117727546312,0.75,2.5,0.5,1.75,0.75,1.0,0.0,2.0,7.0,5.0,2
2024-09-22 16:30:00+00:00,Primera Division,Villarreal CF,FC Barcelona,1530.1706818733699,1540.3082807955982,44.862401077771665,2.2,2.4,2.2,3.2,1.6,1.0,2.0,2.25,8.0,2.0,0
2024-09-22 17:00:00+00:00,Primeira Liga,SC Farense,FC Arouca,1454.7800541485026,1471.1516538700005,38.62840027850211,0.0,0.6,0.4,0.4,2.4,1.6,0.0,0.0,7.0,8.0,0
2024-09-22 17:30:00+00:00,Bundesliga,FC St. Pauli 1910,RB Leipzig,1472.2151957673627,1506.8549679720852,20.360227795277524,0.0,1.75,0.3333333333333333,1.25,2.0,1.0,0.0,1.5,7.0,2.0,1
2024-09-22 18:45:00+00:00,Serie A,FC Internazionale Milano,AC Milan,1530.54600634198,1489.1441500488668,96.40185629311327,1.8,1.0,1.8,2.0,0.6,1.8,3.0,0.5,3.0,4.0,0
2024-09-22 18:45:00+00:00,Ligue 1,Olympique Lyonnais,Olympique de Marseille,1495.694708458884,1525.3169042019645,25.37780425691949,1.0,2.5,1.0,3.0,2.0,1.0,1.5,3.0,7.0,8.0,0
2024-09-22 19:00:00+00:00,Campeonato Brasileiro Série A,CA Mineiro,RB Bragantino,1500.5953775556236,1486.8545647799929,68.74081277563073,1.0,0.8,0.8,1.2,1.6,1.6,2.0,0.4,6.0,7.0,2
2024-09-22 19:00:00+00:00,Campeonato Brasileiro Série A,CR Vasco da Gama,SE Palmeiras,1511.192432479365,1572.31060706885,-6.118174589485079,2.2,2.6,1.6,3.0,0.8,0.4,2.6,1.0,6.0,7.0,0
2024-09-22 19:00:00+00:00,Primera Division,Rayo Vallecano de Madrid,Club Atlético de Madrid,1504.4887382390732,1533.9281355331723,25.56060270590092,1.4,2.6,1.4,1.8,1.2,0.2,1.5,2.0,6.0,3.0,1
2024-09-22 19:30:00+00:00,Primeira Liga,Sporting Clube de Portugal,AVS,1555.6843354927773,1496.6991691905368,113.98516630224049,3.0,1.4,3.6,1.2,0.2,1.4,3.0,0.0,5.0,8.0,2
2024-09-22 21:30:00+00:00,Campeonato Brasileiro Série A,São Paulo FC,SC Internacional,1540.7235234259913,1531.1579232677595,64.56560015823175,1.8,2.6,1.0,1.8,1.0,0.4,2.6,1.0,7.0,5.0,0
2024-09-22 21:30:00+00:00,Campeonato Brasileiro Série A,Grêmio FBPA,CR Flamengo,1482.2811784509834,1536.6486717028488,0.6325067481345741,1.4,1.0,1.6,1.2,1.6,1.8,1.2,1.2,7.0,7.0,2
2024-09-22 21:30:00+00:00,Campeonato Brasileiro Série A,Cuiabá EC,Cruzeiro EC,1439.5179317918942,1515.1325550663819,-20.614623274487712,1.0,1.0,0.6,1.0,2.0,1.0,0.8,1.4,5.0,7.0,1
2024-09-22 23:00:00+00:00,Campeonato Brasileiro Série A,Criciúma EC,CA Paranaense,1454.159608431991,1474.3510834327537,34.80852499923731,0.8,0.4,0.8,1.0,2.0,1.8,1.6,1.4,7.0,8.0,1
2024-09-23 19:00:00+00:00,Primera Division,Real Betis Balompié,RCD Mallorca,1508.7883583841972,1492.0328272842933,71.75553109990392,1.6,1.4,1.0,0.6,0.8,0.6,2.3333333333333335,1.5,5.0,6.0,0
2024-09-23 19:15:00+00:00,Primeira Liga,Boavista FC,Sport Lisboa e Benfica,1490.8761952891991,1532.6800366466841,13.196158642515002,1.0,2.6,0.6,2.2,0.8,0.6,0.5,1.3333333333333333,7.0,4.0,0
2024-09-24 17:00:00+00:00,Primera Division,Valencia CF,CA Osasuna,1471.0419717486288,1502.595210722672,23.446761025956903,0.8,1.8,0.8,1.4,1.6,2.0,1.3333333333333333,0.0,3.0,3.0,1
2024-09-24 17:00:00+00:00,Primera Division,Sevilla FC,Real Valladolid CF,1486.7386721879675,1474.7383929537523,67.00027923421521,0.8,0.4,0.6,0.2,1.2,2.6,1.0,0.0,3.0,3.0,2
2024-09-24 18:45:00+00:00,Serie A,Atalanta BC,Como 1907,1498.976811490811,1483.5297876036234,70.4470238871877,1.4,0.5,1.6,0.75,1.6,1.75,2.0,0.3333333333333333,4.0,10.0,0
2024-09-24 19:00:00+00:00,Primera Division,Real Madrid CF,Deportivo Alavés,1550.9082239342194,1506.2762633914226,99.63196054279683,2.6,2.0,2.4,1.6,0.6,1.0,3.0,1.0,3.0,4.0,2
2024-09-25 17:00:00+00:00,Primera Division,Girona FC,Rayo Vallecano de Madrid,1488.5294683282552,1500.4210360540433,43.108432274211964,1.2,1.0,1.4,1.2,1.4,1.2,1.5,1.3333333333333333,4.0,2.0,1
2024-09-25 19:00:00+00:00,Primera Division,FC Barcelona,Getafe CF,1551.5923956886625,1473.5284447056822,133.06395098298026,2.4,0.6,3.8,0.4,1.0,0.8,3.0,0.3333333333333333,3.0,3.0,2
2024-09-25 22:00:00+00:00,Campeonato Brasileiro Série A,Grêmio FBPA,Criciúma EC,1492.2629734634768,1449.8277438771674,97.43522958630933,1.4,0.8,1.6,0.4,1.8,1.6,1.8,0.6,3.0,2.0,0
2024-09-25 22:00:00+00:00,Campeonato Brasileiro Série A,RB Bragantino,SC Internacional,1478.807665703746,1542.995169664396,-9.18750396065002,0.8,2.6,1.0,2.2,1.8,0.6,1.4,1.6,3.0,3.0,1
2024-09-26 17:00:00+00:00,Primera Division,UD Las Palmas,Real Betis Balompié,1455.9359112334168,1496.751940135208,14.183971098208758,0.2,1.4,1.0,1.0,2.0,1.0,0.6666666666666666,0.5,5.0,2.0,1
2024-09-26 17:00:00+00:00,Primera Division,RCD Espanyol de Barcelona,Villarreal CF,1496.1455064394959,1518.8865669803056,32.25893945919029,1.4,2.0,1.2,2.0,1.6,2.2,2.0,2.3333333333333335,4.0,4.0,0
2024-09-26 19:00:00+00:00,Primera Division,RC Celta de Vigo,Club Atlético de Madrid,1498.5197543835077,1537.9958377182022,15.523916665305478,1.2,2.2,2.4,1.4,2.4,0.4,3.0,1.6666666666666667,4.0,4.0,0
2024-09-27 17:00:00+00:00,Ligue 1,AJ Auxerre,Stade Brestois 29,1471.7852128808468,1499.340941792411,27.4442710884357,0.6,1.8,1.0,1.8,2.4,1.2,1.5,0.0,5.0,5.0,2
2024-09-27 18:00:00+00:00,Eredivisie,Heracles Almelo,SC Heerenveen,1486.9772575948832,1489.3386426709421,52.63861492394108,1.0,1.4,0.8,1.6,1.6,2.6,0.6666666666666666,0.0,5.0,5.0,2
2024-09-27 18:30:00+00:00,Bundesliga,Borussia Dortmund,VfL Bochum 1848,1523.1820487355108,1467.0674672677683,111.11458146774248,2.0,0.25,2.0,0.75,1.4,1.75,3.0,0.0,5.0,6.0,2
2024-09-27 18:45:00+00:00,Serie A,AC Milan,US Lecce,1501.8497397725907,1489.8334725656102,67.0162672069805,1.4,1.0,2.0,0.6,1.6,1.6,1.3333333333333333,0.5,5.0,6.0,2
2024-09-27 19:00:00+00:00,Ligue 1,Paris Saint-Germain FC,Stade Rennais FC 1901,1549.9250894164416,1494.95297914598,109.9721102704616,2.6,1.4,2.8,1.8,0.6,1.2,3.0,0.0,6.0,6.0,2
2024-09-27 19:00:00+00:00,Championship,Plymouth Argyle FC,Luton Town FC,1483.1477826618395,1493.8164463684266,44.33133629341296,1.0,1.4,1.0,0.8,1.2,0.8,1.3333333333333333,1.3333333333333333,6.0,6.0,2
2024-09-27 19:00:00+00:00,Primera Division,Real Valladolid CF,RCD Mallorca,1466.6432614921669,1504.0692455332824,17.5740159588845,0.4,2.0,0.4,1.0,2.4,0.6,1.6666666666666667,2.0,3.0,4.0,0
2024-09-27 19:15:00+00:00,Primeira Liga,GD Estoril Praia,Sporting Clube de Portugal,1495.3008495714284,1562.5164291704477,-12.215579599019293,1.2,3.0,0.6,3.0,0.6,0.0,1.3333333333333333,3.0,6.0,4.0,0
2024-09-28 11:30:00+00:00,Championship,Derby County FC,Norwich City FC,1501.2811489718463,1495.511586413236,60.76956255861023,1.8,1.6,1.2,1.6,0.6,1.0,3.0,1.0,6.0,7.0,0
2024-09-28 11:30:00+00:00,Championship,Blackburn Rovers FC,Queens Park Rangers FC,1536.7876446373348,1499.1342613926242,92.65338324471054,1.8,1.4,1.6,1.4,0.8,1.2,3.0,1.6666666666666667,6.0,7.0,2
2024-09-28 11:30:00+00:00,Championship,Sheffield Wednesday FC,West Bromwich Albion FC,1467.5444797718626,1543.238772261087,-20.69429248922438,0.2,2.6,0.4,1.4,2.4,0.2,1.3333333333333333,3.0,6.0,6.0,2
2024-09-28 11:30:00+00:00,Premier League,Newcastle United FC,Manchester City FC,1522.8277081257775,1527.9613618389035,49.86634628687398,2.0,2.2,1.4,2.2,1.2,1.0,3.0,3.0,6.0,5.0,1
2024-09-28 12:00:00+00:00,Primera Division,Getafe CF,Deportivo Alavés,1467.1814475544518,1499.0677987311205,23.113648823331232,0.4,1.8,0.4,2.0,1.0,1.6,1.0,0.75,2.0,3.0,2
2024-09-28 13:00:00+00:00,Serie A,Udinese Calcio,FC Internazionale Milano,1522.9701005936784,1517.840416618256,60.12968397542227,2.0,1.6,1.4,1.6,1.4,0.6,3.0,1.0,5.0,5.0,0
2024-09-28 13:30:00+00:00,Bundesliga,RB Leipzig,FC Augsburg,1510.773645871731,1483.6021541215277,82.17149175020336,1.6,1.0,1.0,1.75,0.8,2.5,2.0,0.0,5.0,7.0,2
2024-09-28 13:30:00+00:00,Bundesliga,SC Freiburg,FC St. Pauli 1910,1519.6107977349768,1468.2965178677168,106.31427986725998,2.25,0.25,2.0,0.25,1.0,1.5,3.0,0.0,7.0,5.0,0
2024-09-28 13:30:00+00:00,Bundesliga,VfL Wolfsburg,VfB Stuttgart,1481.0535425591181,1500.9190041647464,35.1345383943717,0.75,1.4,2.0,2.6,2.25,2.2,0.0,1.0,6.0,5.0,1
2024-09-28 13:30:00+00:00,Bundesliga,1. FSV Mainz 05,1. FC Heidenheim 1846,1500.1031733937643,1499.280322567624,55.82285082614044,1.25,1.5,2.0,2.0,2.0,1.75,0.5,1.5,7.0,7.0,0
2024-09-28 13:30:00+00:00,Bundesliga,Borussia Mönchengladbach,1. FC Union Berlin,1480.3788861285973,1525.5804799196394,9.798406208957886,0.75,2.0,1.25,1.0,2.0,0.5,0.0,1.0,6.0,7.0,2
2024-09-28 14:00:00+00:00,Championship,Hull City AFC,Cardiff City FC,1487.8939394140918,1456.656275509339,86.23766390475294,1.0,0.2,0.8,0.2,1.2,2.2,0.6666666666666666,0.3333333333333333,7.0,7.0,2
2024-09-28 14:00:00+00:00,Premier League,Everton FC,Crystal Palace FC,1467.572034331995,1475.8552965317558,46.716737800239116,0.2,0.6,1.0,0.8,2.8,1.4,0.0,0.5,7.0,6.0,2
2024-09-28 14:00:00+00:00,Championship,Watford FC,Sunderland AFC,1504.0790269920128,1536.7391910466345,22.339835945378354,1.4,2.4,1.4,2.2,1.4,0.8,2.3333333333333335,2.0,7.0,7.0,2
2024-09-28 14:00:00+00:00,Championship,Portsmouth FC,Sheffield United FC,1475.4296868075457,1537.8058862802786,-7.376199472732878,0.4,2.2,0.8,1.4,2.0,0.6,0.3333333333333333,2.3333333333333335,7.0,7.0,1
2024-09-28 14:00:00+00:00,Championship,Oxford United FC,Burnley FC,1499.3524274313327,1525.727261853615,28.62516557771778,1.2,2.0,1.6,1.8,1.6,0.6,3.0,2.0,7.0,7.0,1
2024-09-28 14:00:00+00:00,Championship,Millwall FC,Preston North End FC,1487.7811076333658,1482.5923249892612,60.18878264410455,1.0,1.0,1.4,0.6,1.2,1.4,1.0,0.3333333333333333,7.0,6.0,2
2024-09-28 14:00:00+00:00,Championship,Middlesbrough FC,Stoke City FC,1492.708107472039,1479.888293557021,67.81981391501813,1.0,0.6,1.0,0.6,1.0,1.8,1.6666666666666667,1.0,7.0,7.0,2
2024-09-28 14:00:00+00:00,Championship,Leeds United FC,Coventry City FC,1518.4135312594415,1487.4492178327428,85.96431342669871,2.0,1.0,1.2,1.2,0.2,1.4,1.3333333333333333,0.6666666666666666,7.0,7.0,2
2024-09-28 14:00:00+00:00,Premier League,Chelsea FC,Brighton & Hove Albion FC,1517.877210465783,1513.5413994928465,59.33581097293654,2.0,1.8,2.2,1.6,1.0,0.8,0.5,2.0,7.0,6.0,2
2024-09-28 14:00:00+00:00,Premier League,Brentford FC,West Ham United FC,1491.528482189365,1483.1712025354102,63.35727965395472,1.2,0.8,1.4,1.0,1.8,1.8,3.0,2.0,7.0,7.0,1
2024-09-28 14:00:00+00:00,Premier League,Arsenal FC,Leicester City FC,1535.6585716596028,1475.1419007018083,115.51667095779453,1.8,0.6,1.2,1.2,0.6,1.6,2.0,0.5,5.0,7.0,2
2024-09-28 14:00:00+00:00,Premier League,Nottingham Forest FC,Fulham FC,1518.375729538722,1508.4897920696346,64.88593746908737,1.8,1.6,1.2,1.4,0.8,1.0,1.0,0.5,6.0,7.0,0
2024-09-28 14:15:00+00:00,Primera Division,Rayo Vallecano de Madrid,CD Leganés,1504.9888016594093,1489.3716532029093,70.61714845649999,1.0,0.4,1.2,0.2,1.2,1.2,1.3333333333333333,0.75,2.0,6.0,1
2024-09-28 14:30:00+00:00,Eredivisie,Willem II Tilburg,PSV,1504.4277166972574,1546.1598469088556,13.267869788401867,1.4,2.4,1.8,3.2,1.2,1.0,2.0,2.25,7.0,5.0,0
2024-09-28 14:30:00+00:00,Primeira Liga,CF Estrela da Amadora,Moreirense FC,1461.3477757581106,1492.0617108977883,24.286064860322313,0.2,1.0,0.4,1.2,1.6,1.6,0.3333333333333333,1.0,7.0,6.0,2
2024-09-28 15:00:00+00:00,Ligue 1,Racing Club de Lens,OGC Nice,1522.7772073378517,1498.4387902380718,79.33841709977992,1.8,1.4,1.0,2.8,0.4,1.2,2.0,1.0,6.0,7.0,1
2024-09-28 16:00:00+00:00,Serie A,Genoa CFC,Juventus FC,1481.4963468861492,1523.1800220733955,13.316324812753692,1.0,1.8,0.8,1.2,1.4,0.2,0.6666666666666666,2.0,7.0,7.0,0
2024-09-28 16:30:00+00:00,Bundesliga,FC Bayern München,Bayer 04 Leverkusen,1548.760292635163,1530.654354219925,73.10593841523814,3.0,2.4,5.0,3.4,1.0,1.8,3.0,3.0,7.0,6.0,1
2024-09-28 16:30:00+00:00,Premier League,Wolverhampton Wanderers FC,Liverpool FC,1468.0593304502288,1537.1618415802043,-14.102511129975483,0.2,2.4,1.0,2.2,2.8,0.4,0.0,3.0,7.0,7.0,0
2024-09-28 16:30:00+00:00,Primera Division,Real Sociedad de Fútbol,Valencia CF,1479.3803665514247,1467.0348090044226,67.34555754700204,0.4,1.0,0.2,0.6,1.0,1.0,0.0,0.0,7.0,3.0,2
2024-09-28 16:45:00+00:00,Eredivisie,NEC,Feyenoord Rotterdam,1481.927059424316,1512.7077690109286,24.219290413387398,1.2,1.6,1.0,2.0,1.0,1.6,1.0,1.6666666666666667,6.0,6.0,1
2024-09-28 17:00:00+00:00,Ligue 1,Le Havre AC,Lille OSC,1492.0537641749527,1486.5642514150693,60.48951275988338,1.2,0.8,1.4,1.2,2.0,1.8,1.5,1.0,6.0,7.0,0
2024-09-28 17:00:00+00:00,Primeira Liga,Casa Pia AC,Vitória SC,1495.545742534562,1518.8578613616,31.687881172961852,1.4,1.8,1.0,1.0,1.4,1.0,1.0,2.0,6.0,7.0,1
2024-09-28 18:45:00+00:00,Serie A,Bologna FC 1909,Atalanta BC,1494.6571953739094,1486.9765208069095,62.68067456699987,1.2,0.8,1.0,1.2,1.4,2.2,1.0,1.0,6.0,4.0,1
2024-09-28 19:00:00+00:00,Ligue 1,AS Monaco FC,Montpellier HSC,1542.0995851502048,1477.065750040921,120.0338351092837,2.6,0.8,2.2,1.0,0.6,3.0,2.5,0.0,6.0,6.0,2
2024-09-28 19:00:00+00:00,Eredivisie,Sparta Rotterdam,Fortuna Sittard,1506.0023769315778,1479.153346880626,81.8490300509518,1.6,0.6,1.4,0.8,1.2,2.4,0.6666666666666666,1.0,7.0,6.0,1
2024-09-28 19:00:00+00:00,Primera Division,CA Osasuna,FC Barcelona,1506.6023734668781,1557.939392839893,3.662980626985245,1.4,2.4,1.2,3.6,2.0,0.8,2.5,2.4,4.0,3.0,2
2024-09-28 19:30:00+00:00,Primeira Liga,Sport Lisboa e Benfica,Gil Vicente FC,1543.0596700881356,1499.978670851176,98.08099923695954,2.6,1.4,2.2,1.2,0.6,0.8,3.0,0.6666666666666666,5.0,6.0,2
2024-09-28 21:30:00+00:00,Campeonato Brasileiro Série A,SE Palmeiras,CA Mineiro,1582.1345300486146,1508.6422766318706,128.492253416744,3.0,1.4,3.0,1.4,0.2,1.6,2.4,1.0,6.0,6.0,2
2024-09-29 00:00:00+00:00,Campeonato Brasileiro Série A,Botafogo FR,Grêmio FBPA,1599.0414836935952,1479.5298403540016,174.51164333959355,2.6,1.4,1.8,1.8,0.4,1.8,2.4,2.2,7.0,3.0,1
2024-09-29 10:15:00+00:00,Eredivisie,PEC Zwolle,Almere City FC,1476.021583182396,1461.0972865677795,69.92429661461642,0.8,0.4,1.2,0.4,1.8,3.2,1.0,0.5,8.0,6.0,2
2024-09-29 10:30:00+00:00,Serie A,Torino FC,SS Lazio,1529.776522494011,1494.535944017301,90.24057847670997,2.2,1.4,1.6,1.8,1.0,1.6,2.0,0.0,8.0,7.0,0
2024-09-29 12:00:00+00:00,Primera Division,RC Celta de Vigo,Girona FC,1488.0732372519149,1483.9617027228892,59.111534529025676,0.6,0.8,1.8,0.6,2.4,1.4,2.25,0.8,2.0,3.0,1
2024-09-29 12:30:00+00:00,Eredivisie,FC Twente '65,NAC Breda,1511.9180070558232,1481.9200926948818,84.99791436094142,1.6,1.2,2.0,0.8,0.8,1.8,1.6666666666666667,0.0,7.0,7.0,2
2024-09-29 12:30:00+00:00,Eredivisie,FC Groningen,Go Ahead Eagles,1503.7821647930691,1489.38698364918,69.3951811438892,1.2,1.4,1.2,1.0,1.2,1.4,1.6666666666666667,1.0,7.0,7.0,0
2024-09-29 13:00:00+00:00,Ligue 1,Toulouse FC,Olympique Lyonnais,1488.8786146803898,1484.965572796798,58.91304188359186,1.0,0.8,0.8,1.2,1.2,2.2,1.3333333333333333,0.5,6.0,6.0,0
2024-09-29 13:00:00+00:00,Premier League,Ipswich Town FC,Aston Villa FC,1486.8149917038197,1536.3929377031966,5.42205400062312,0.6,2.4,0.6,2.2,1.6,1.2,0.5,3.0,7.0,7.0,1
2024-09-29 13:00:00+00:00,Serie A,AS Roma,Venezia FC,1512.7544331512597,1486.2810219970668,81.47341115419295,1.2,0.8,1.0,0.6,0.6,1.6,1.5,0.3333333333333333,6.0,8.0,2
2024-09-29 13:00:00+00:00,Serie A,Como 1907,Hellas Verona FC,1495.530078287525,1488.8473860398387,61.68269224768619,1.0,1.2,1.2,1.6,1.8,1.6,1.0,1.5,4.0,8.0,2
2024-09-29 13:30:00+00:00,Bundesliga,Holstein Kiel,Eintracht Frankfurt,1474.4556237191491,1519.803218129568,9.652405589581122,0.25,2.25,1.25,1.75,3.25,1.0,0.0,1.5,8.0,7.0,0
2024-09-29 14:00:00+00:00,Championship,Swansea City AFC,Bristol City FC,1507.0242052246897,1499.9973942183321,62.02681100635755,2.0,1.4,1.4,1.4,0.6,2.2,2.3333333333333335,0.3333333333333333,8.0,8.0,1
2024-09-29 14:00:00+00:00,Campeonato Brasileiro Série A,EC Juventude,RB Bragantino,1472.9877643001298,1475.7387083704286,52.24905592970117,0.8,1.0,0.8,1.2,1.4,1.8,1.4,0.4,7.0,3.0,1
2024-09-29 14:15:00+00:00,Primera Division,Athletic Club,Sevilla FC,1515.4701970860685,1494.833803649553,75.63639343651562,2.4,1.4,1.8,0.8,0.8,1.0,1.75,0.6666666666666666,7.0,4.0,1
2024-09-29 14:30:00+00:00,Primeira Liga,FC Famalicão,CD Nacional,1517.8273279154646,1473.0499243137276,99.77740360173698,1.6,0.6,1.2,0.6,0.6,2.2,2.3333333333333335,0.3333333333333333,7.0,8.0,1
2024-09-29 14:45:00+00:00,Eredivisie,RKC Waalwijk,AFC Ajax,1444.3104844654233,1512.4122301449993,-13.10174567957597,0.0,1.75,0.4,2.0,2.4,0.75,0.0,0.5,7.0,7.0,0
2024-09-29 15:00:00+00:00,Ligue 1,FC Nantes,AS Saint-Étienne,1515.9360683760387,1472.7944095809148,98.14165879512393,1.6,0.6,1.4,0.2,0.8,3.0,1.5,0.0,7.0,8.0,1
2024-09-29 15:00:00+00:00,Ligue 1,Angers SCO,Stade de Reims,1471.2552995486058,1510.7257625323607,15.529537016245058,0.4,1.6,0.6,1.4,1.8,1.4,0.3333333333333333,2.0,7.0,7.0,0
2024-09-29 15:30:00+00:00,Premier League,Manchester United FC,Tottenham Hotspur FC,1504.5104528408926,1501.8134434368485,57.69700940404414,1.4,1.4,1.0,1.8,1.0,1.0,1.5,0.5,7.0,8.0,0
2024-09-29 15:30:00+00:00,Bundesliga,TSG 1899 Hoffenheim,SV Werder Bremen,1480.3636475960914,1500.8385437071781,34.525103888913236,0.75,1.25,1.5,1.0,2.75,2.0,1.5,2.0,8.0,8.0,0
2024-09-29 16:00:00+00:00,Serie A,Empoli FC,ACF Fiorentina,1517.0012512703047,1495.0384235198603,76.96282775044438,1.8,1.2,1.0,1.4,0.4,1.4,1.0,0.5,8.0,7.0,1
2024-09-29 16:30:00+00:00,Primera Division,Real Betis Balompié,RCD Espanyol de Barcelona,1500.4932943214717,1485.2196784815237,70.27361583994798,1.4,1.4,1.2,1.4,1.2,1.8,1.75,0.3333333333333333,2.0,2.0,2
2024-09-29 17:00:00+00:00,Primeira Liga,FC Porto,FC Arouca,1538.1374159188542,1482.258909976125,110.87850594272913,2.4,1.2,1.8,0.6,0.6,1.4,3.0,1.0,8.0,7.0,2
2024-09-29 18:00:00+00:00,Eredivisie,AZ,FC Utrecht,1551.6917909620252,1539.8927057645537,66.79908519747141,2.6,2.6,3.0,1.8,0.4,1.0,3.0,2.0,9.0,8.0,0
2024-09-29 18:45:00+00:00,Serie A,SSC Napoli,AC Monza,1524.575427060554,1482.0109788320813,97.56444822847266,2.0,0.6,1.8,0.8,0.8,1.2,3.0,1.0,8.0,7.0,2
2024-09-29 18:45:00+00:00,Ligue 1,RC Strasbourg Alsace,Olympique de Marseille,1502.9117141103673,1536.0460398640505,21.865674246316757,1.2,2.6,2.2,3.0,2.0,1.2,2.0,3.0,8.0,7.0,2
2024-09-29 19:00:00+00:00,Campeonato Brasileiro Série A,São Paulo FC,SC Corinthians Paulista,1528.886277029355,1464.5904824790114,119.29579455034354,1.2,1.4,1.0,1.2,1.6,0.8,2.0,0.8,6.0,8.0,2
2024-09-29 19:00:00+00:00,Campeonato Brasileiro Série A,Fortaleza EC,Cuiabá EC,1578.2459655807636,1436.777239713763,196.46872586700056,1.4,1.0,1.4,0.4,1.2,1.8,3.0,0.8,7.0,6.0,2
2024-09-29 19:00:00+00:00,Campeonato Brasileiro Série A,AC Goianiense,Fluminense FC,1406.870938960794,1460.4114716096428,1.459467351151261,1.2,1.4,0.8,1.0,1.8,0.6,1.4,1.8,8.0,7.0,2
2024-09-29 19:00:00+00:00,Primera Division,Club Atlético de Madrid,Real Madrid CF,1548.442354849795,1558.1166885945215,45.32566625527352,2.6,3.0,1.6,2.8,0.4,0.8,2.5,1.6666666666666667,3.0,5.0,1
2024-09-29 19:30:00+00:00,Primeira Liga,Sporting Clube de Braga,Rio Ave FC,1519.7300595992529,1486.6786725701008,88.05138702915201,2.0,1.4,1.4,0.8,0.6,1.0,1.3333333333333333,0.0,9.0,8.0,2
2024-09-29 19:30:00+00:00,Primeira Liga,CD Santa Clara,Boavista FC,1517.626237133813,1480.4965618477477,92.12967528606532,1.8,0.4,1.2,0.4,1.4,1.4,2.0,1.3333333333333333,8.0,6.0,2
2024-09-29 21:30:00+00:00,Campeonato Brasileiro Série A,Cruzeiro EC,CR Vasco da Gama,1517.873247144513,1501.3685094996003,71.50473764491267,1.0,1.6,0.6,1.2,0.6,1.0,1.0,1.0,7.0,7.0,1
2024-09-29 21:30:00+00:00,Campeonato Brasileiro Série A,EC Bahia,Criciúma EC,1517.9891474549638,1462.5608769866426,110.42827046832122,1.4,1.4,1.4,0.8,1.2,1.6,1.6,1.2,7.0,3.0,2
2024-09-29 21:30:00+00:00,Campeonato Brasileiro Série A,SC Internacional,EC Vitória,1546.0641269977132,1454.937288466664,146.1268385310491,2.6,1.4,2.6,1.2,1.0,1.0,2.6,1.2,3.0,8.0,2
2024-09-29 23:00:00+00:00,Campeonato Brasileiro Série A,CR Flamengo,CA Paranaense,1526.6668766903554,1478.6829479875773,102.98392870277803,0.8,0.4,1.4,0.6,2.2,1.4,2.2,1.0,7.0,7.0,2
2024-09-30 18:45:00+00:00,Serie A,Parma Calcio 1913,Cagliari Calcio,1489.3854238484723,1460.0449494246266,84.34047442384576,1.0,0.4,1.6,0.2,1.8,1.6,1.3333333333333333,0.0,9.0,10.0,0
2024-09-30 19:00:00+00:00,Premier League,AFC Bournemouth,Southampton FC,1491.4964240675813,1456.8332722563114,89.66315181126993,1.0,0.2,1.0,0.4,1.6,1.8,0.5,0.0,9.0,9.0,2
2024-09-30 19:00:00+00:00,Primera Division,Villarreal CF,UD Las Palmas,1529.8123949382777,1452.1945570471532,132.6178378911245,2.0,0.4,2.0,1.0,2.2,1.8,1.3333333333333333,0.0,4.0,4.0,2
2024-09-30 19:15:00+00:00,Primeira Liga,AVS,SC Farense,1489.8670755128664,1443.672798042378,101.19427747048849,1.2,0.0,1.0,0.2,1.8,2.2,2.3333333333333335,0.0,7.0,8.0,1
2024-10-01 16:45:00+00:00,UEFA Champions League,VfB Stuttgart,AC Sparta Praha,1505.260157707539,1508.430064953105,51.83009275443396,1.6,3.0,2.8,3.0,2.0,0.0,2.0,1.0,3.0,13.0,1
2024-10-01 16:45:00+00:00,UEFA Champions League,FC Red Bull Salzburg,Stade Brestois 29,1491.569935046895,1490.1292126018527,56.440722445042184,0.0,1.8,0.0,1.8,3.0,1.4,1.0,0.0,13.0,3.0,0
2024-10-01 18:45:00+00:00,Championship,Burnley FC,Plymouth Argyle FC,1529.88263449757,1491.8787039348952,93.0039305626749,1.6,1.4,0.8,1.4,0.6,1.2,2.3333333333333335,0.3333333333333333,3.0,3.0,2
2024-10-01 18:45:00+00:00,Championship,Norwich City FC,Leeds United FC,1507.2430539394934,1525.9885635142855,36.254490425207905,2.0,2.4,1.8,1.8,1.0,0.2,1.6666666666666667,2.3333333333333335,3.0,3.0,1
2024-10-01 18:45:00+00:00,Championship,Sunderland AFC,Derby County FC,1527.3812985483387,1489.549681445589,92.83161710274976,1.8,1.2,1.6,1.4,1.2,1.2,3.0,0.0,3.0,3.0,2
2024-10-01 18:45:00+00:00,Championship,Cardiff City FC,Millwall FC,1449.088646844423,1496.0658598282416,8.022787016181383,0.2,1.6,0.4,1.4,2.0,0.6,0.0,0.6666666666666666,3.0,3.0,2
2024-10-01 18:45:00+00:00,Championship,Queens Park Rangers FC,Hull City AFC,1491.7395703160298,1495.4615680790077,51.278002237022065,1.2,1.4,1.0,1.4,1.2,1.2,0.6666666666666666,1.3333333333333333,3.0,3.0,0
2024-10-01 18:45:00+00:00,Championship,Coventry City FC,Blackburn Rovers FC,1479.8741855778987,1544.1823357139292,-9.308150136030463,0.4,2.2,0.6,1.6,1.6,0.4,1.0,1.0,3.0,3.0,2
2024-10-01 18:45:00+00:00,Championship,Luton Town FC,Oxford United FC,1485.085525095371,1495.1970547873775,44.88847030799343,1.2,1.4,1.0,1.2,1.4,1.0,1.0,0.0,3.0,3.0,1
2024-10-01 19:00:00+00:00,Championship,West Bromwich Albion FC,Middlesbrough FC,1532.6438460264335,1500.780516981066,86.86332904536744,2.4,1.6,1.8,1.4,0.8,0.8,2.3333333333333335,1.0,3.0,3.0,0
2024-10-01 19:00:00+00:00,UEFA Champions League,Borussia Dortmund,Celtic FC,1530.0886662023952,1508.430064953105,76.65860124929009,2.0,3.0,2.4,5.0,1.8,1.0,3.0,1.0,4.0,13.0,2
2024-10-01 19:00:00+00:00,UEFA Champions League,FC Barcelona,BSC Young Boys,1548.0448179911648,1488.950239534028,114.09457845713678,1.8,0.0,2.6,0.0,1.6,3.0,3.0,1.0,3.0,14.0,2
2024-10-01 19:00:00+00:00,UEFA Champions League,Arsenal FC,Paris Saint-Germain FC,1542.4510643767383,1556.861473442856,40.589590933882164,1.8,2.6,1.6,2.2,1.0,0.8,2.3333333333333335,2.3333333333333335,3.0,4.0,2
2024-10-01 19:00:00+00:00,UEFA Champions League,Bayer 04 Leverkusen,AC Milan,1536.0613321472788,1509.944427764627,81.11690438265168,2.0,2.0,3.0,2.4,1.6,1.2,1.5,1.3333333333333333,3.0,4.0,2
2024-10-01 19:00:00+00:00,UEFA Champions League,ŠK Slovan Bratislava,Manchester City FC,1491.569935046895,1532.7201890336667,13.849746013228241,0.0,1.8,1.0,1.6,5.0,1.0,1.0,2.3333333333333335,13.0,3.0,0
2024-10-01 19:00:00+00:00,UEFA Champions League,FC Internazionale Milano,FK Crvena Zvezda,1529.554013423398,1489.0451926099615,95.50882081343639,1.6,0.0,1.8,1.0,1.0,2.0,2.0,1.0,3.0,12.0,2
2024-10-01 19:00:00+00:00,UEFA Champions League,PSV,Sporting Clube de Portugal,1556.541541372135,1572.1649813318056,39.37656004032942,2.4,3.0,2.2,2.6,0.8,0.0,3.0,3.0,3.0,3.0,1
2024-10-02 16:45:00+00:00,UEFA Champions League,Girona FC,Feyenoord Rotterdam,1488.9801744625336,1516.7370626280222,27.24311183451141,0.4,1.2,0.4,1.2,1.6,1.6,1.3333333333333333,1.5,3.0,4.0,0
2024-10-02 16:45:00+00:00,UEFA Champions League,FK Shakhtar Donetsk,Atalanta BC,1504.5454801333233,1492.0946275093488,67.45085262397447,1.0,1.0,0.0,1.2,0.0,2.0,1.0,1.0,14.0,3.0,0
2024-10-02 18:45:00+00:00,Championship,Sheffield United FC,Swansea City AFC,1540.926947418293,1501.9243248429245,94.00262257536838,2.2,1.6,1.0,1.0,0.2,0.8,2.3333333333333335,1.0,4.0,3.0,2
2024-10-02 18:45:00+00:00,Championship,Preston North End FC,Watford FC,1474.3075727943854,1513.4369194903086,15.870653304076768,1.0,1.4,0.8,1.2,1.4,1.6,1.3333333333333333,1.0,4.0,4.0,2
2024-10-02 18:45:00+00:00,Championship,Stoke City FC,Portsmouth FC,1471.815884047994,1472.3086256695315,54.50725837846244,0.6,0.4,0.6,0.8,1.6,2.0,1.0,0.6666666666666666,4.0,4.0,2
2024-10-02 19:00:00+00:00,UEFA Champions League,Aston Villa FC,FC Bayern München,1539.8823176275578,1543.3533147078092,51.529002919748564,2.6,2.6,2.6,4.6,1.2,0.8,2.0,3.0,3.0,4.0,2
2024-10-02 19:00:00+00:00,UEFA Champions League,SK Sturm Graz,Club Brugge KV,1491.0545205206245,1489.0485168022976,57.00600371832684,0.0,0.0,1.0,0.0,2.0,3.0,1.0,1.0,13.0,14.0,0
2024-10-02 19:00:00+00:00,UEFA Champions League,Liverpool FC,Bologna FC 1909,1546.7561614526558,1489.5390886714702,112.2170727811856,2.4,1.4,2.2,1.2,0.6,1.0,2.0,1.3333333333333333,4.0,4.0,2
2024-10-02 19:00:00+00:00,UEFA Champions League,RB Leipzig,Juventus FC,1518.451693441231,1533.5631091450907,39.88858429614038,1.6,1.8,1.6,1.2,0.8,0.2,2.3333333333333335,2.3333333333333335,4.0,4.0,0
2024-10-02 19:00:00+00:00,UEFA Champions League,Sport Lisboa e Benfica,Club Atlético de Madrid,1550.3093474190298,1543.8117949010898,61.497552517939994,2.6,2.2,3.0,1.6,0.8,0.6,3.0,2.0,3.0,3.0,2
2024-10-02 19:00:00+00:00,UEFA Champions League,Lille OSC,Real Madrid CF,1498.2878990220843,1562.7472485432268,-9.459349521142485,0.8,2.6,1.4,2.6,1.8,1.0,1.3333333333333333,1.5,4.0,3.0,2
2024-10-02 19:00:00+00:00,UEFA Champions League,GNK Dinamo Zagreb,AS Monaco FC,1492.4081413813817,1548.775930356183,-1.3677889748012149,0.0,2.6,2.0,2.2,9.0,0.8,1.0,3.0,15.0,4.0,1
2024-10-02 19:00:00+00:00,Championship,Bristol City FC,Sheffield Wednesday FC,1505.0972746000973,1478.139406006516,81.95786859358122,1.0,0.8,0.8,1.0,1.8,2.0,2.3333333333333335,0.0,3.0,4.0,1
2024-10-03 22:00:00+00:00,Campeonato Brasileiro Série A,Criciúma EC,AC Goianiense,1455.6363852291884,1416.8289323607924,93.80745286839601,0.8,1.2,0.6,0.8,1.8,1.8,1.6,0.0,4.0,4.0,2
2024-10-04 00:30:00+00:00,Campeonato Brasileiro Série A,Fluminense FC,Cruzeiro EC,1450.4534782096446,1512.5104156464522,-7.05693743680763,1.2,1.2,1.0,0.8,0.8,0.6,2.0,1.0,4.0,4.0,2
2024-10-04 16:30:00+00:00,Serie A,SSC Napoli,Como 1907,1531.8388529152478,1503.7731283595429,83.06572455570495,2.6,1.6,2.2,1.8,0.2,1.6,3.0,1.0,4.0,5.0,2
2024-10-04 18:00:00+00:00,Eredivisie,Almere City FC,Willem II Tilburg,1453.0831296012093,1494.046022233978,14.037107367231329,0.4,0.8,0.4,1.4,2.8,1.6,0.25,0.6666666666666666,5.0,6.0,0
2024-10-04 18:30:00+00:00,Bundesliga,FC Augsburg,Borussia Mönchengladbach,1475.9241065520278,1490.0969400730226,40.8271664790052,0.8,1.2,1.4,1.2,2.8,1.6,1.3333333333333333,1.5,6.0,6.0,2
2024-10-04 18:45:00+00:00,Ligue 1,Olympique de Marseille,Angers SCO,1526.674554981125,1460.8086209729524,120.86593400817264,2.0,0.4,2.0,0.8,1.2,2.2,2.0,0.5,5.0,5.0,1
2024-10-04 18:45:00+00:00,Serie A,Hellas Verona FC,Venezia FC,1480.6043359678208,1478.5839564789012,57.020379488919616,0.6,0.8,1.4,0.6,2.2,1.4,1.0,0.25,5.0,5.0,2
2024-10-04 19:00:00+00:00,Championship,Sunderland AFC,Leeds United FC,1534.771208486041,1530.3616139854378,59.409594500603134,1.8,2.0,1.8,1.6,1.2,0.4,3.0,2.0,3.0,3.0,1
2024-10-04 19:00:00+00:00,Primera Division,CD Leganés,Valencia CF,1494.7099774180324,1458.9492530362872,90.76072438174515,0.4,1.0,0.4,0.6,1.4,1.4,1.0,0.0,6.0,6.0,1
2024-10-04 19:15:00+00:00,Primeira Liga,Rio Ave FC,FC Famalicão,1479.1600957598137,1511.6985997217132,22.46149603810045,0.8,1.2,0.6,0.6,1.8,0.6,2.3333333333333335,1.3333333333333333,4.0,5.0,1
2024-10-05 00:30:00+00:00,Campeonato Brasileiro Série A,Grêmio FBPA,Fortaleza EC,1487.5022957063663,1583.1256271058849,-40.62333139951852,1.0,1.4,1.6,1.4,1.8,1.2,1.2,1.4,6.0,5.0,2
2024-10-05 11:30:00+00:00,Championship,Norwich City FC,Hull City AFC,1502.870003468341,1506.9268437750598,50.94315969328136,2.0,1.8,1.8,2.0,1.0,1.4,1.5,1.75,3.0,3.0,2
2024-10-05 11:30:00+00:00,Premier League,Crystal Palace FC,Liverpool FC,1467.1918669971917,1553.6341113690282,-31.442244371836523,0.6,2.4,0.8,2.0,1.4,0.6,0.6666666666666666,3.0,6.0,2.0,0
2024-10-05 11:30:00+00:00,Championship,Portsmouth FC,Oxford United FC,1463.8647249504413,1499.8152409668046,19.04948398363672,0.2,1.6,0.6,1.4,2.8,1.0,0.5,0.25,2.0,3.0,1
2024-10-05 11:30:00+00:00,Championship,Burnley FC,Preston North End FC,1537.2679233286685,1483.8510961248649,108.41682720380368,2.2,1.0,1.0,1.2,0.4,1.4,2.5,0.25,3.0,2.0,1
2024-10-05 12:00:00+00:00,Primera Division,RCD Espanyol de Barcelona,RCD Mallorca,1477.2151773040443,1514.57463542512,17.640541878924296,1.2,2.4,1.4,1.4,2.0,0.8,1.5,2.25,5.0,7.0,2
2024-10-05 13:00:00+00:00,Serie A,Udinese Calcio,US Lecce,1511.2565037885365,1481.7387845735739,84.51771921496265,1.8,1.0,1.6,0.6,1.8,1.4,2.0,0.3333333333333333,7.0,7.0,2
2024-10-05 13:30:00+00:00,Bundesliga,1. FC Union Berlin,Borussia Dortmund,1515.8624259752141,1537.9173751211465,32.94505085406763,1.6,2.4,0.8,3.8,0.6,2.0,3.0,1.3333333333333333,7.0,3.0,2
2024-10-05 13:30:00+00:00,Bundesliga,SV Werder Bremen,SC Freiburg,1511.82899809296,1506.6428863457938,60.18611174716625,1.6,1.8,1.6,1.6,2.2,1.4,0.5,1.5,5.0,7.0,0
2024-10-05 13:30:00+00:00,Bundesliga,Bayer 04 Leverkusen,Holstein Kiel,1543.768116850823,1464.177876608191,134.59024024263204,2.6,0.2,2.8,1.4,1.0,3.4,2.0,0.5,3.0,6.0,1
2024-10-05 13:30:00+00:00,Bundesliga,VfL Bochum 1848,VfL Wolfsburg,1460.1608498008839,1476.7123890163255,38.44846078455839,0.2,0.8,1.0,2.0,2.2,2.2,0.5,1.5,7.0,7.0,0
2024-10-05 14:00:00+00:00,Championship,Plymouth Argyle FC,Blackburn Rovers FC,1484.4934151037967,1533.9144896969226,5.5789254068740775,1.2,1.6,1.2,1.2,1.2,0.8,1.75,0.75,3.0,3.0,2
2024-10-05 14:00:00+00:00,Championship,Coventry City FC,Sheffield Wednesday FC,1490.1420315949053,1483.7888738695917,61.35315772531362,0.8,1.0,1.0,1.0,1.4,1.6,1.5,0.25,3.0,2.0,0
2024-10-05 14:00:00+00:00,Championship,West Bromwich Albion FC,Millwall FC,1520.1945394734712,1486.296733167045,88.89780630642622,1.8,1.4,1.4,1.4,0.8,0.8,1.75,0.5,3.0,3.0,1
2024-10-05 14:00:00+00:00,Championship,Watford FC,Middlesbrough FC,1503.893396159829,1513.2298235340284,45.663572625800725,0.8,2.0,0.8,1.2,2.0,0.4,2.5,1.5,2.0,3.0,2
2024-10-05 14:00:00+00:00,Championship,Sheffield United FC,Luton Town FC,1548.2854769591447,1480.4673389159439,122.81813804320086,2.6,1.4,1.0,1.4,0.0,1.6,2.5,1.0,2.0,3.0,2
2024-10-05 14:00:00+00:00,Premier League,West Ham United FC,Ipswich Town FC,1488.3081565868777,1483.3256117794585,59.98254480741912,1.0,0.8,1.0,1.0,1.6,1.6,0.0,0.6666666666666666,7.0,6.0,2
2024-10-05 14:00:00+00:00,Premier League,Manchester City FC,Fulham FC,1543.118605756454,1520.3359457834656,77.78265997298831,1.8,2.2,1.8,1.6,0.8,0.8,2.0,1.3333333333333333,3.0,7.0,2
2024-10-05 14:00:00+00:00,Premier League,Leicester City FC,AFC Bournemouth,1468.3494079846728,1498.9715173917293,24.37789059294346,0.4,1.4,1.4,1.4,2.2,1.6,0.6666666666666666,1.3333333333333333,7.0,4.0,2
2024-10-05 14:00:00+00:00,Premier League,Brentford FC,Wolverhampton Wanderers FC,1486.3915281378975,1458.4650105777773,82.92651756012015,0.8,0.2,1.2,1.2,1.8,2.8,2.3333333333333335,0.3333333333333333,7.0,6.0,2
2024-10-05 14:00:00+00:00,Championship,Swansea City AFC,Stoke City FC,1494.5657953020727,1480.259784767084,69.30601053498867,1.4,1.2,0.8,1.6,0.8,1.4,2.0,0.75,2.0,2.0,1
2024-10-05 14:00:00+00:00,Championship,Derby County FC,Queens Park Rangers FC,1482.1597715078867,1480.2742946199778,56.88547688790891,1.2,1.0,1.2,1.0,1.2,1.6,2.25,1.25,3.0,3.0,2
2024-10-05 14:00:00+00:00,Premier League,Arsenal FC,Southampton FC,1551.2880881407089,1449.3581789321634,156.9299092085455,2.2,0.2,1.8,0.6,0.8,2.2,2.5,0.0,3.0,4.0,2
2024-10-05 14:15:00+00:00,Primera Division,Getafe CF,CA Osasuna,1476.5171629644415,1516.4969483156062,15.020214648835235,0.8,2.0,0.8,2.0,1.0,1.6,1.5,0.3333333333333333,7.0,6.0,1
2024-10-05 14:30:00+00:00,Primeira Liga,Gil Vicente FC,CF Estrela da Amadora,1492.7289935202818,1470.6499028859203,77.07909063436159,0.8,0.8,0.6,0.8,1.4,1.2,1.6666666666666667,0.3333333333333333,6.0,7.0,2
2024-10-05 14:30:00+00:00,Primeira Liga,Moreirense FC,CD Santa Clara,1482.7595837699787,1525.034984110501,12.72459965947769,0.4,2.4,0.8,1.4,1.8,1.0,1.6666666666666667,2.0,7.0,5.0,2
2024-10-05 15:00:00+00:00,Ligue 1,AS Saint-Étienne,AJ Auxerre,1478.879679361906,1480.996942071405,52.88273729050093,0.8,0.6,0.6,1.2,3.2,2.2,1.5,0.0,6.0,7.0,2
2024-10-05 16:00:00+00:00,Serie A,Atalanta BC,Genoa CFC,1504.0119909319592,1471.113259814454,87.89873111750512,1.6,0.8,1.8,0.4,1.2,1.6,1.3333333333333333,1.5,2.0,7.0,2
2024-10-05 16:30:00+00:00,Primera Division,UD Las Palmas,RC Celta de Vigo,1445.8364279607142,1483.0547655122705,17.78166244844374,0.2,0.8,1.0,1.4,2.2,1.8,0.75,0.0,4.0,6.0,0
2024-10-05 16:30:00+00:00,Primera Division,Real Valladolid CF,Rayo Vallecano de Madrid,1456.1378716003292,1499.6504774442863,11.48739415604291,0.2,1.2,0.6,1.2,2.8,1.0,1.25,1.25,7.0,7.0,0
2024-10-05 16:30:00+00:00,Premier League,Everton FC,Newcastle United FC,1476.235463866559,1518.0688809310143,13.166582935544739,0.8,1.6,1.4,1.4,2.4,1.4,1.0,1.3333333333333333,7.0,7.0,1
2024-10-05 16:30:00+00:00,Bundesliga,FC St. Pauli 1910,1. FSV Mainz 05,1481.2644292568998,1488.5101471526875,47.75428210421228,0.8,1.0,0.8,1.6,1.2,2.0,0.5,2.0,7.0,7.0,0
2024-10-05 16:45:00+00:00,Eredivisie,NAC Breda,NEC,1474.3188633004947,1477.8977658072224,51.42109749327233,0.6,1.4,0.4,1.2,1.8,1.0,2.0,1.0,6.0,7.0,2
2024-10-05 17:00:00+00:00,Ligue 1,Lille OSC,Toulouse FC,1508.5600937341596,1477.199027651729,86.36106608243063,1.4,0.8,1.4,1.0,1.2,1.6,1.75,0.5,2.0,6.0,2
2024-10-05 17:00:00+00:00,Primeira Liga,FC Arouca,AVS,1475.3461466140238,1483.7007961419877,46.64535047203617,1.2,1.4,0.4,0.6,1.6,1.0,1.0,0.0,6.0,4.0,1
2024-10-05 18:00:00+00:00,Eredivisie,PSV,Sparta Rotterdam,1552.0796872742985,1500.3558738595714,106.72381341472715,2.0,1.6,1.8,1.4,1.0,1.2,2.5,2.3333333333333335,3.0,6.0,2
2024-10-05 18:45:00+00:00,Serie A,FC Internazionale Milano,Torino FC,1536.8722622916735,1517.2360622137116,74.6362000779618,1.6,2.0,1.8,1.6,1.0,1.2,2.25,2.3333333333333335,3.0,6.0,2
2024-10-05 19:00:00+00:00,Ligue 1,Stade Rennais FC 1901,AS Monaco FC,1488.0165951195654,1552.0698957616005,-9.053300642035083,0.8,2.6,1.4,2.4,1.8,1.0,2.3333333333333335,2.3333333333333335,8.0,3.0,0
2024-10-05 19:00:00+00:00,Eredivisie,FC Utrecht,RKC Waalwijk,1551.7919929797172,1434.6874043718278,172.10458860788935,2.6,0.0,2.0,0.2,1.2,2.4,3.0,0.0,6.0,6.0,2
2024-10-05 19:00:00+00:00,Primera Division,Real Madrid CF,Villarreal CF,1552.4750538311514,1536.1705240247168,71.30452980643463,2.0,2.0,2.2,1.8,1.2,1.8,3.0,2.5,3.0,5.0,2
2024-10-05 19:30:00+00:00,Primeira Liga,Sporting Clube de Portugal,Casa Pia AC,1576.6268354296421,1491.3028792017585,140.32395622788363,2.6,1.6,2.4,1.2,0.2,1.0,3.0,1.3333333333333333,4.0,7.0,2
2024-10-05 19:30:00+00:00,Campeonato Brasileiro Série A,RB Bragantino,SE Palmeiras,1480.5646552269616,1588.5960961885803,-53.03144096161873,1.2,3.0,1.4,3.0,1.8,0.2,1.0,1.6,6.0,6.0,1
2024-10-05 19:30:00+00:00,Campeonato Brasileiro Série A,CA Paranaense,Botafogo FR,1471.5632008746286,1591.0690283412305,-64.50582746660189,0.4,2.2,0.4,1.0,1.2,0.2,0.2,1.6,5.0,6.0,0
2024-10-05 19:30:00+00:00,Campeonato Brasileiro Série A,CA Mineiro,EC Vitória,1502.1807104919048,1448.9115355314304,108.2691749604744,1.2,1.2,1.4,1.0,1.8,1.2,2.0,1.2,6.0,5.0,1
2024-10-05 22:00:00+00:00,Campeonato Brasileiro Série A,Cuiabá EC,São Paulo FC,1431.8975781886418,1535.5815314793133,-48.683953290671525,1.0,1.8,0.4,1.4,1.0,1.4,1.0,0.8,6.0,6.0,2
2024-10-05 22:00:00+00:00,Campeonato Brasileiro Série A,SC Corinthians Paulista,SC Internacional,1457.895228029053,1552.0898799329468,-39.19465190389383,1.2,2.6,1.4,2.6,1.4,1.0,1.8,1.6,6.0,6.0,1
2024-10-05 22:00:00+00:00,Campeonato Brasileiro Série A,EC Bahia,CR Flamengo,1524.913639212418,1533.786623803304,46.12701540911394,1.4,1.4,1.2,1.4,1.2,1.4,2.2,0.6,6.0,5.0,0
2024-10-06 00:00:00+00:00,Campeonato Brasileiro Série A,CR Vasco da Gama,EC Juventude,1506.7313409976612,1468.1618174435969,93.56952355406429,1.6,1.0,1.0,0.8,0.8,1.2,2.0,0.8,6.0,6.0,1
2024-10-06 10:15:00+00:00,Eredivisie,Go Ahead Eagles,Heracles Almelo,1501.3581936743253,1495.4736833022039,60.88451037212144,2.0,1.6,1.2,1.0,1.0,1.2,1.3333333333333333,1.3333333333333333,6.0,8.0,2
2024-10-06 10:30:00+00:00,Serie A,Juventus FC,Cagliari Calcio,1544.706177034924,1472.4258781382744,127.28029889664958,2.2,0.8,1.8,0.8,0.6,2.0,2.0,1.5,3.0,5.0,1
2024-10-06 12:00:00+00:00,Primera Division,Girona FC,Athletic Club,1478.1976577674973,1509.9936249386174,23.204032828879917,0.4,2.0,0.6,1.8,1.4,1.0,1.0,2.0,3.0,6.0,2
2024-10-06 12:30:00+00:00,Eredivisie,Feyenoord Rotterdam,FC Twente '65,1527.5195793230585,1519.5192364502102,63.00034287284825,1.6,2.0,1.6,2.0,1.8,0.6,1.3333333333333333,2.0,3.0,7.0,2
2024-10-06 12:30:00+00:00,Eredivisie,SC Heerenveen,PEC Zwolle,1480.8422169636215,1484.0357401489662,51.8064768146553,1.2,1.4,1.6,1.2,2.8,0.8,2.3333333333333335,0.3333333333333333,8.0,7.0,1
2024-10-06 13:00:00+00:00,Serie A,SS Lazio,Empoli FC,1507.0764042976004,1511.4882849194955,50.58811937810492,1.4,1.8,1.8,1.0,1.8,0.4,2.3333333333333335,2.3333333333333335,7.0,6.0,2
2024-10-06 13:00:00+00:00,Serie A,Bologna FC 1909,Parma Calcio 1913,1482.6611387550977,1477.0044951348245,60.656643620273144,1.2,0.8,1.0,1.8,1.2,2.2,1.0,0.5,3.0,5.0,1
2024-10-06 13:00:00+00:00,Premier League,Aston Villa FC,Manchester United FC,1548.40997341043,1492.8648985471284,110.54507486330158,2.6,0.8,2.4,0.8,1.0,1.6,2.25,1.3333333333333333,3.0,6.0,1
2024-10-06 13:00:00+00:00,Premier League,Chelsea FC,Nottingham Forest FC,1526.1858008551815,1506.529575824891,74.65622503029044,2.6,1.6,3.0,1.0,1.0,0.8,1.3333333333333333,2.3333333333333335,7.0,7.0,1
2024-10-06 13:00:00+00:00,Ligue 1,Olympique Lyonnais,FC Nantes,1496.6451598254587,1509.8507985950475,41.79436123041114,1.4,1.6,1.6,1.8,1.8,1.2,1.0,1.6666666666666667,7.0,6.0,2
2024-10-06 13:30:00+00:00,Bundesliga,1. FC Heidenheim 1846,RB Leipzig,1510.8733488087007,1507.3086255513979,58.56472325730283,1.8,1.0,2.0,1.4,1.4,1.0,1.5,1.3333333333333333,8.0,3.0,0
2024-10-06 14:00:00+00:00,Championship,Bristol City FC,Cardiff City FC,1499.4478067370217,1458.8577735056197,95.590033231402,1.0,0.6,0.6,0.4,1.6,1.8,2.0,0.25,3.0,4.0,1
2024-10-06 14:15:00+00:00,Primera Division,Deportivo Alavés,FC Barcelona,1489.7320833211309,1554.8740788521222,-10.14199553099138,1.2,1.8,1.6,2.8,1.8,1.4,2.3333333333333335,1.8,8.0,4.0,0
2024-10-06 14:30:00+00:00,Primeira Liga,SC Farense,GD Estoril Praia,1449.8390774132567,1485.6522974100706,19.186780003186186,0.2,1.2,0.2,0.6,2.0,1.0,0.0,0.6666666666666666,5.0,8.0,2
2024-10-06 14:30:00+00:00,Primeira Liga,Vitória SC,Boavista FC,1523.1007246944034,1473.0878148710597,105.01290982334376,1.4,0.4,1.0,0.4,1.2,1.4,2.0,1.0,7.0,6.0,1
2024-10-06 14:45:00+00:00,Eredivisie,AFC Ajax,FC Groningen,1522.0353102385948,1491.8109547679237,85.22435547067107,2.0,0.6,2.0,0.8,0.6,1.2,3.0,1.3333333333333333,7.0,7.0,2
2024-10-06 15:00:00+00:00,Ligue 1,RC Strasbourg Alsace,Racing Club de Lens,1512.2831989932927,1517.1992123139403,50.08398667935239,1.6,1.4,2.2,0.8,1.8,0.4,2.3333333333333335,1.6666666666666667,6.0,8.0,1
2024-10-06 15:00:00+00:00,Ligue 1,Stade Brestois 29,Le Havre AC,1501.739566385855,1480.3301165679377,76.40944981791722,1.8,1.2,1.8,1.2,1.4,1.8,2.25,1.0,4.0,7.0,2
2024-10-06 15:00:00+00:00,Ligue 1,Stade de Reims,Montpellier HSC,1521.172441108014,1470.389404834943,105.78303627307105,2.2,0.6,2.0,1.0,1.2,3.2,1.3333333333333333,0.0,7.0,7.0,2
2024-10-06 15:30:00+00:00,Premier League,Brighton & Hove Albion FC,Tottenham Hotspur FC,1505.232809103448,1513.4589977306127,46.773811372835326,1.2,1.8,1.4,2.2,1.6,0.8,1.6666666666666667,1.3333333333333333,8.0,7.0,2
2024-10-06 15:30:00+00:00,Bundesliga,Eintracht Frankfurt,FC Bayern München,1530.0809652405262,1534.825658924937,50.25530631558922,2.4,2.0,2.2,4.2,1.2,1.0,3.0,2.25,7.0,3.0,1
2024-10-06 16:00:00+00:00,Serie A,AC Monza,AS Roma,1474.7475529773874,1520.4514986694253,9.296054307962095,0.4,1.6,0.8,1.4,1.6,0.8,0.3333333333333333,1.0,6.0,7.0,1
2024-10-06 16:30:00+00:00,Primera Division,Sevilla FC,Real Betis Balompié,1500.310375797004,1508.497795498951,46.812580298053035,1.4,2.0,1.0,1.4,1.2,0.8,1.5,0.6666666666666666,7.0,7.0,2
2024-10-06 17:30:00+00:00,Bundesliga,VfB Stuttgart,TSG 1899 Hoffenheim,1500.446003041445,1469.3731932103094,86.0728098311356,1.6,0.6,2.4,1.8,1.6,3.0,1.6666666666666667,0.0,5.0,7.0,1
2024-10-06 18:00:00+00:00,Eredivisie,Fortuna Sittard,AZ,1484.7998499526325,1539.7925037468617,0.00734620577077294,0.2,2.0,0.4,3.0,2.6,0.8,1.0,2.5,7.0,7.0,2
2024-10-06 18:45:00+00:00,Ligue 1,OGC Nice,Paris Saint-Germain FC,1504.0167852619832,1548.0244496788855,10.992335583097656,1.6,2.0,2.6,1.6,0.8,1.0,2.0,1.75,8.0,4.0,1
2024-10-06 18:45:00+00:00,Serie A,ACF Fiorentina,AC Milan,1500.5513898706695,1502.237643061083,53.31374680958652,1.2,1.8,1.2,2.0,1.2,1.0,1.6666666666666667,1.0,7.0,4.0,2
2024-10-06 19:00:00+00:00,Primera Division,Real Sociedad de Fútbol,Club Atlético de Madrid,1487.46592251956,1535.5635800879875,6.902342431572606,1.0,1.6,0.6,1.0,0.6,1.4,0.75,1.6,8.0,4.0,1
2024-10-06 19:30:00+00:00,Primeira Liga,FC Porto,Sporting Clube de Braga,1545.0501792809555,1527.24863640954,72.80154287141545,2.4,2.0,2.2,2.0,0.6,0.6,3.0,2.3333333333333335,7.0,7.0,2
2024-10-09 22:30:00+00:00,Campeonato Brasileiro Série A,CA Mineiro,Grêmio FBPA,1495.8282416722789,1498.6662299255897,52.16201174668913,1.4,1.6,1.8,1.8,1.8,1.4,1.6,2.2,4.0,4.0,2
2024-10-17 00:45:00+00:00,Campeonato Brasileiro Série A,São Paulo FC,CR Vasco da Gama,1524.1893941357405,1500.768136840526,78.42125729521445,1.2,1.2,1.0,0.8,1.6,0.8,2.4,1.2,11.0,11.0,2
2024-10-17 00:45:00+00:00,Campeonato Brasileiro Série A,Fortaleza EC,CA Mineiro,1571.9616928866615,1504.3380777574175,122.62361512924394,1.4,1.4,1.6,1.6,1.4,1.6,3.0,0.8,12.0,7.0,1
2024-10-17 23:00:00+00:00,Campeonato Brasileiro Série A,SC Corinthians Paulista,CA Paranaense,1455.685246098422,1463.3987848939155,47.28646120450662,1.4,0.4,1.8,0.2,1.6,1.0,1.8,1.0,12.0,12.0,2
2024-10-17 23:00:00+00:00,Campeonato Brasileiro Série A,CR Flamengo,Fluminense FC,1545.1065201466022,1460.656565268887,139.44995487771507,1.4,1.2,1.4,0.8,1.2,0.8,2.2,1.2,12.0,13.0,0
2024-10-18 18:30:00+00:00,Bundesliga,Borussia Dortmund,FC St. Pauli 1910,1528.8627780777647,1469.898541132299,113.9642369454657,1.8,0.8,3.2,0.8,2.0,1.4,3.0,1.0,13.0,13.0,2
2024-10-18 18:45:00+00:00,Ligue 1,AS Monaco FC,Lille OSC,1561.8093797830131,1516.1243810274852,100.68499875552789,2.6,2.0,2.2,1.8,1.2,1.2,2.6,1.5,12.0,13.0,1
2024-10-18 19:00:00+00:00,Championship,Leeds United FC,Sheffield United FC,1535.3884197607865,1554.8907270354616,35.497692725324896,1.6,2.6,1.6,1.2,0.8,0.0,1.75,2.0,14.0,13.0,2
2024-10-18 19:00:00+00:00,Primera Division,Deportivo Alavés,Real Valladolid CF,1480.0239105322562,1445.8073582474206,89.21655228483564,0.6,0.2,1.2,0.8,2.4,1.8,1.75,0.0,12.0,13.0,0
2024-10-18 22:00:00+00:00,Campeonato Brasileiro Série A,AC Goianiense,Cuiabá EC,1409.4651765583396,1443.2897155322146,21.17546102612505,0.6,1.0,0.4,0.4,2.0,0.8,1.8,0.2,15.0,13.0,1
2024-10-18 23:00:00+00:00,Campeonato Brasileiro Série A,Botafogo FR,Criciúma EC,1599.2334443219436,1463.000141031641,191.2333032903025,2.6,1.4,1.2,0.8,0.2,1.4,2.0,0.6,13.0,15.0,1
2024-10-19 00:30:00+00:00,Campeonato Brasileiro Série A,Cruzeiro EC,EC Bahia,1502.3073285872097,1513.59374286912,43.71358571808969,1.0,1.2,0.8,1.2,0.8,1.6,1.2,0.8,15.0,13.0,1
2024-10-19 11:30:00+00:00,Championship,Oxford United FC,West Bromwich Albion FC,1503.69631376182,1514.3569349774177,44.33937878440224,1.2,1.4,1.0,1.2,1.0,0.8,2.5,2.25,14.0,13.0,1
2024-10-19 11:30:00+00:00,Championship,Luton Town FC,Watford FC,1473.862088839627,1512.5866086908031,16.275480148823817,1.4,1.4,1.2,1.2,1.6,2.0,1.0,0.75,13.0,13.0,2
2024-10-19 11:30:00+00:00,Championship,Cardiff City FC,Plymouth Argyle FC,1464.8750272092204,1494.332854522317,25.54217268690354,0.8,1.8,0.6,1.6,1.6,1.2,0.75,0.25,12.0,13.0,2
2024-10-19 11:30:00+00:00,Championship,Preston North End FC,Coventry City FC,1490.2074268474958,1478.3942751794978,66.813151667998,1.2,0.8,1.0,1.2,0.8,1.6,1.75,0.5,14.0,13.0,2
2024-10-19 11:30:00+00:00,Premier League,Tottenham Hotspur FC,West Ham United FC,1504.7971815243798,1496.5986707282104,63.19851079616933,1.2,1.0,1.8,1.4,1.4,1.8,2.0,1.6666666666666667,12.0,13.0,2
2024-10-19 12:00:00+00:00,Primera Division,Athletic Club,RCD Espanyol de Barcelona,1500.6604994650395,1486.7078775514995,68.95262191354004,2.0,1.2,2.0,1.4,1.2,2.0,1.6,0.25,13.0,14.0,2
2024-10-19 13:00:00+00:00,Serie A,Genoa CFC,Bologna FC 1909,1463.5905593104287,1477.5994907047275,40.99106860570123,0.2,1.2,0.4,0.6,2.6,0.8,0.5,1.0,13.0,13.0,1
2024-10-19 13:00:00+00:00,Serie A,Como 1907,Parma Calcio 1913,1496.1194166220964,1482.0661431851947,69.05327343690169,1.4,0.4,1.8,1.4,2.0,2.0,2.0,0.6666666666666666,14.0,13.0,1
2024-10-19 13:30:00+00:00,Bundesliga,TSG 1899 Hoffenheim,VfL Bochum 1848,1475.1344332097415,1449.0587095663375,81.07572364340399,0.2,0.2,1.4,1.2,2.8,2.6,1.0,0.0,12.0,14.0,2
2024-10-19 13:30:00+00:00,Bundesliga,SC Freiburg,FC Augsburg,1518.3580595379344,1484.754385364112,88.60367417382236,1.8,1.2,1.2,1.4,1.2,2.6,2.0,0.0,14.0,14.0,2
2024-10-19 13:30:00+00:00,Bundesliga,Bayer 04 Leverkusen,Eintracht Frankfurt,1536.7437739951301,1525.3111721203204,66.43260187480973,2.2,2.6,2.4,2.8,1.2,1.4,1.75,2.0,14.0,12.0,2
2024-10-19 13:30:00+00:00,Bundesliga,Borussia Mönchengladbach,1. FC Heidenheim 1846,1481.2666612609382,1499.2035060152743,37.06315524566389,1.2,1.2,1.0,1.6,1.4,1.6,1.0,2.0,14.0,13.0,2
2024-10-19 13:30:00+00:00,Bundesliga,1. FSV Mainz 05,RB Leipzig,1499.8760352772883,1518.9784683448243,35.89756693246409,1.4,1.4,2.0,1.6,1.8,1.0,0.3333333333333333,1.75,13.0,13.0,0
2024-10-19 14:00:00+00:00,Premier League,Manchester United FC,Brentford FC,1499.276783715115,1494.049026358963,60.2277573561521,1.0,1.4,0.6,2.2,1.2,2.0,1.0,0.0,13.0,14.0,2
2024-10-19 14:00:00+00:00,Championship,Stoke City FC,Norwich City FC,1485.5618611914851,1511.41415972322,29.14770146826504,0.8,2.0,1.4,2.4,1.4,1.0,1.5,1.5,14.0,14.0,1
2024-10-19 14:00:00+00:00,Premier League,Ipswich Town FC,Everton FC,1475.0350976381258,1472.523347124949,57.51175051317682,0.8,1.0,1.0,1.4,1.6,1.6,0.6666666666666666,0.3333333333333333,14.0,13.0,0
2024-10-19 14:00:00+00:00,Championship,Millwall FC,Derby County FC,1492.1343376630984,1490.5369512008642,56.597386462234226,1.0,1.2,0.8,1.0,0.8,1.2,1.5,0.0,14.0,14.0,1
2024-10-19 14:00:00+00:00,Championship,Middlesbrough FC,Bristol City FC,1504.5366110030543,1493.430553033421,66.10605796963341,1.4,1.2,1.0,0.8,0.8,1.2,2.0,0.5,14.0,13.0,0
2024-10-19 14:00:00+00:00,Championship,Blackburn Rovers FC,Swansea City AFC,1524.0750502784024,1489.2637188776716,89.81133140073075,1.4,1.6,1.2,0.8,1.0,0.6,3.0,0.75,14.0,14.0,2
2024-10-19 14:00:00+00:00,Championship,Sheffield Wednesday FC,Burnley FC,1495.5366302849993,1530.9115926060376,19.62503767896169,1.6,2.2,1.4,0.8,1.2,0.2,1.75,1.75,14.0,14.0,0
2024-10-19 14:00:00+00:00,Premier League,Newcastle United FC,Brighton & Hove Albion FC,1521.7809976726244,1513.894625309681,62.88637236294335,1.6,1.2,1.2,1.6,1.2,1.8,2.3333333333333335,1.3333333333333333,13.0,12.0,0
2024-10-19 14:00:00+00:00,Premier League,Southampton FC,Leicester City FC,1443.5909736293322,1477.6489050759171,20.942068553415083,0.2,1.0,0.8,1.4,2.6,1.8,0.3333333333333333,0.3333333333333333,14.0,14.0,0
2024-10-19 14:00:00+00:00,Championship,Queens Park Rangers FC,Portsmouth FC,1471.8971149270003,1459.983652155426,66.91346277157436,0.4,0.4,0.6,0.6,1.8,2.4,0.5,0.5,14.0,14.0,0
2024-10-19 14:00:00+00:00,Premier League,Fulham FC,Aston Villa FC,1512.5380428431708,1541.9980882424434,25.53995460072747,1.6,2.2,1.6,1.8,1.2,0.6,2.3333333333333335,2.5,14.0,13.0,0
2024-10-19 14:15:00+00:00,Primera Division,CA Osasuna,Real Betis Balompié,1520.262329049723,1499.837075153622,75.42525389610091,1.6,1.4,1.6,1.0,1.4,1.0,2.6,0.5,14.0,12.0,0
2024-10-19 14:30:00+00:00,Eredivisie,Sparta Rotterdam,Almere City FC,1493.334530521585,1442.6793288615017,105.65520166008332,1.4,0.4,1.4,0.2,1.4,1.6,0.75,0.3333333333333333,13.0,14.0,1
2024-10-19 15:00:00+00:00,Ligue 1,Stade Brestois 29,Stade Rennais FC 1901,1509.5751094377604,1478.2771110981528,86.2979983396076,2.4,0.8,2.0,1.4,0.8,1.6,2.4,0.0,13.0,13.0,1
2024-10-19 16:00:00+00:00,Serie A,AC Milan,Udinese Calcio,1493.7602043371523,1518.870763340374,29.889440996778376,1.2,1.8,1.4,1.4,1.4,1.6,1.75,1.3333333333333333,12.0,14.0,2
2024-10-19 16:30:00+00:00,Premier League,AFC Bournemouth,Arsenal FC,1489.672020300485,1557.05529344354,-12.383273143055021,1.2,2.2,1.2,2.2,1.6,1.0,1.3333333333333333,2.0,14.0,14.0,2
2024-10-19 16:30:00+00:00,Primera Division,Girona FC,Real Sociedad de Fútbol,1487.5307832410751,1483.9339499336054,58.59683330746975,1.0,1.0,1.0,0.8,1.4,0.8,1.4,1.25,13.0,12.0,0
2024-10-19 16:30:00+00:00,Bundesliga,FC Bayern München,VfB Stuttgart,1539.5954520451428,1494.684763042013,99.91068900312985,1.6,1.2,3.6,2.0,1.4,1.6,2.3333333333333335,1.0,13.0,12.0,2
2024-10-19 16:45:00+00:00,Eredivisie,AZ,PSV,1529.7927151876604,1559.1010306122848,25.691684575375575,1.8,2.0,3.0,1.8,1.0,1.2,2.0,2.4,12.0,13.0,0
2024-10-19 17:00:00+00:00,Ligue 1,AS Saint-Étienne,Racing Club de Lens,1487.3692382377699,1521.9641758635182,20.405062374251656,1.4,1.0,1.2,0.8,3.0,0.8,2.0,1.5,14.0,13.0,0
2024-10-19 18:00:00+00:00,Eredivisie,RKC Waalwijk,FC Twente '65,1429.2719815442335,1511.3129160641813,-27.04093451994777,0.0,2.0,0.6,2.0,2.6,0.6,0.0,1.5,13.0,13.0,1
2024-10-19 18:00:00+00:00,Eredivisie,NEC,SC Heerenveen,1469.3670714444274,1476.0287271204575,48.33834432396998,0.8,0.8,1.0,1.0,1.2,3.0,1.0,0.0,14.0,13.0,2
2024-10-19 18:45:00+00:00,Serie A,Juventus FC,SS Lazio,1537.8649627716372,1515.6305643317257,77.2343984399115,2.2,2.0,2.0,2.0,0.8,1.6,1.8,1.0,13.0,13.0,2
2024-10-19 19:00:00+00:00,Ligue 1,Paris Saint-Germain FC,RC Strasbourg Alsace,1551.6740623386877,1507.5182354437147,99.15582689497296,1.6,1.2,1.2,2.0,1.0,2.0,3.0,0.6666666666666666,13.0,13.0,2
2024-10-19 19:00:00+00:00,Primera Division,RC Celta de Vigo,Real Madrid CF,1493.566116504506,1560.45108140965,-11.884964905143988,1.4,2.0,1.2,2.0,1.2,1.0,2.0,1.2,14.0,14.0,0
2024-10-19 19:00:00+00:00,Eredivisie,Go Ahead Eagles,Feyenoord Rotterdam,1509.6235170550774,1535.7258997090873,28.897617345990056,2.0,2.0,1.6,1.6,1.2,1.6,1.75,1.8,13.0,13.0,0
2024-10-19 19:00:00+00:00,Campeonato Brasileiro Série A,SC Internacional,Grêmio FBPA,1554.2998618635777,1490.156393840451,119.14346802312662,2.2,1.4,2.6,1.6,1.2,1.4,3.0,1.6,13.0,9.0,2
2024-10-19 19:00:00+00:00,Campeonato Brasileiro Série A,EC Vitória,RB Bragantino,1455.2640043510564,1478.74594513673,31.518059214326513,1.4,0.8,1.2,1.0,1.2,1.6,1.4,0.4,13.0,13.0,2
2024-10-20 10:15:00+00:00,Eredivisie,Willem II Tilburg,Fortuna Sittard,1504.4498229736855,1494.7996385118338,64.65018446185172,1.2,0.8,1.4,0.6,1.4,2.0,1.5,1.0,15.0,13.0,1
2024-10-20 10:30:00+00:00,Serie A,Empoli FC,SSC Napoli,1502.9341248853702,1539.4925646526942,18.44156023267601,1.2,2.6,0.8,2.2,0.6,0.4,1.0,1.3333333333333333,13.0,15.0,0
2024-10-20 12:00:00+00:00,Primera Division,RCD Mallorca,Rayo Vallecano de Madrid,1505.081935177665,1509.9809907971949,50.10094438047008,1.8,1.8,1.4,1.4,1.2,0.8,1.25,1.6,15.0,14.0,2
2024-10-20 12:30:00+00:00,Eredivisie,FC Groningen,FC Utrecht,1484.2158668881102,1557.2074158073115,-17.99154891920125,0.4,3.0,1.0,2.4,1.8,1.4,1.25,2.3333333333333335,13.0,14.0,0
2024-10-20 12:30:00+00:00,Eredivisie,Heracles Almelo,AFC Ajax,1487.2083599214518,1529.6303981184083,12.577961803043536,1.4,2.0,1.0,2.4,1.8,0.8,1.25,1.3333333333333333,14.0,13.0,0
2024-10-20 13:00:00+00:00,Premier League,Wolverhampton Wanderers FC,Manchester City FC,1450.8075123567119,1550.9165086967487,-45.10899634003681,0.2,1.8,1.4,2.0,2.6,1.0,0.0,2.5,14.0,14.0,0
2024-10-20 13:00:00+00:00,Serie A,US Lecce,ACF Fiorentina,1474.1245250217364,1509.0288285946,20.095696427136318,1.0,1.6,0.6,1.6,1.2,1.4,1.3333333333333333,0.6666666666666666,15.0,13.0,0
2024-10-20 13:00:00+00:00,Serie A,Venezia FC,Atalanta BC,1470.2105571009577,1511.5346914359845,13.675865664973117,0.6,1.6,0.8,2.2,1.8,1.0,1.5,1.4,15.0,14.0,0
2024-10-20 13:00:00+00:00,Ligue 1,Le Havre AC,Olympique Lyonnais,1472.4945735160322,1505.4479904378352,22.046583078197045,0.6,2.0,0.8,2.0,2.2,1.4,1.0,1.3333333333333333,13.0,14.0,0
2024-10-20 13:30:00+00:00,Bundesliga,Holstein Kiel,1. FC Union Berlin,1471.2022194638837,1524.917023018596,1.2851964452877382,0.4,2.0,1.4,1.0,3.2,0.6,0.0,0.6666666666666666,15.0,15.0,0
2024-10-20 14:00:00+00:00,Championship,Hull City AFC,Sunderland AFC,1498.3826875201808,1529.7444027106922,23.638284809488596,1.8,1.4,2.0,1.6,1.8,1.4,1.25,1.5,15.0,15.0,0
2024-10-20 14:15:00+00:00,Primera Division,Club Atlético de Madrid,CD Leganés,1539.0955526739422,1488.8221843560036,105.27336831793855,1.2,0.6,0.8,0.4,1.4,1.2,2.2,0.8,13.0,15.0,2
2024-10-20 14:45:00+00:00,Eredivisie,PEC Zwolle,NAC Breda,1488.8492299921302,1482.8495576632897,60.99967232884046,1.6,1.2,1.4,0.4,0.8,1.4,1.5,0.0,14.0,14.0,0
2024-10-20 15:00:00+00:00,Ligue 1,Toulouse FC,Angers SCO,1469.6347403584034,1467.4868961959637,57.147844162439696,0.6,0.6,1.0,1.0,1.8,2.0,1.0,0.6666666666666666,14.0,15.0,1
2024-10-20 15:00:00+00:00,Ligue 1,FC Nantes,OGC Nice,1501.047967982671,1500.367172602181,55.68079538049005,1.0,1.6,1.4,2.6,1.6,0.8,1.3333333333333333,1.0,14.0,13.0,1
2024-10-20 15:00:00+00:00,Ligue 1,AJ Auxerre,Stade de Reims,1472.5073831955413,1528.21847960194,-0.7110964063988376,0.6,2.6,1.4,2.4,2.4,1.2,2.0,2.3333333333333335,15.0,14.0,2
2024-10-20 15:30:00+00:00,Bundesliga,VfL Wolfsburg,SV Werder Bremen,1487.8145292508718,1500.1138249008195,42.70070435005232,1.4,1.4,2.2,1.2,1.8,2.0,0.3333333333333333,2.3333333333333335,15.0,15.0,0
2024-10-20 15:30:00+00:00,Premier League,Liverpool FC,Chelsea FC,1562.7315933285709,1520.7361605466685,96.99543278190231,3.0,2.2,2.2,2.0,0.4,0.8,2.25,3.0,15.0,14.0,2
2024-10-20 16:00:00+00:00,Serie A,Cagliari Calcio,Torino FC,1479.267092401561,1509.3518186316705,24.91527376989052,0.8,1.4,0.8,1.6,2.0,1.6,0.5,1.75,14.0,14.0,2
2024-10-20 16:30:00+00:00,Primera Division,Villarreal CF,Getafe CF,1528.1944964462182,1472.7517822303248,110.44271421589337,1.8,1.0,1.6,1.0,2.0,1.0,1.75,0.25,14.0,15.0,1
2024-10-20 18:45:00+00:00,Ligue 1,Montpellier HSC,Olympique de Marseille,1463.343366341017,1519.9962797581138,-1.6529134170968973,0.6,2.0,1.4,1.8,2.8,1.0,1.3333333333333333,2.25,14.0,16.0,0
2024-10-20 18:45:00+00:00,Serie A,AS Roma,FC Internazionale Milano,1524.0523301232886,1544.7565058737146,34.295824249574025,1.8,2.0,1.4,2.2,0.6,1.2,2.0,1.5,14.0,15.0,0
2024-10-20 19:00:00+00:00,Primera Division,FC Barcelona,Sevilla FC,1564.582251640997,1508.9710961423332,110.61115549866372,2.4,2.0,3.2,1.2,1.0,0.8,3.0,0.75,14.0,14.0,2
2024-10-20 23:00:00+00:00,Campeonato Brasileiro Série A,EC Juventude,SE Palmeiras,1474.125021600732,1590.414806278812,-61.28978467807997,1.2,2.6,0.8,2.0,0.8,0.2,1.4,1.8,14.0,15.0,0
2024-10-21 18:45:00+00:00,Serie A,Hellas Verona FC,AC Monza,1488.9777353457644,1471.146721523524,72.83101382224027,1.2,0.6,1.8,1.0,1.8,1.6,1.5,0.6666666666666666,17.0,15.0,0
2024-10-21 19:00:00+00:00,Premier League,Nottingham Forest FC,Crystal Palace FC,1511.979216133404,1458.094385037649,108.88483109575486,1.2,0.6,1.0,0.8,1.0,1.2,0.6666666666666666,0.3333333333333333,15.0,16.0,2
2024-10-21 19:00:00+00:00,Primera Division,Valencia CF,UD Las Palmas,1464.837046098316,1435.3250769684787,84.51196912983733,1.0,0.2,0.4,1.0,1.2,2.0,1.25,0.0,17.0,16.0,0
2024-10-22 16:45:00+00:00,UEFA Champions League,AS Monaco FC,FK Crvena Zvezda,1555.6565878153353,1481.726943741686,128.92964407364934,2.2,0.0,1.8,0.5,1.0,3.0,2.2,0.0,3.0,20.0,2
2024-10-22 16:45:00+00:00,UEFA Champions League,AC Milan,Club Brugge KV,1502.9020331191057,1500.6747146012995,57.227318517806225,1.8,1.5,1.4,0.5,0.8,1.5,2.0,3.0,3.0,19.0,2
2024-10-22 18:45:00+00:00,Championship,Preston North End FC,Norwich City FC,1498.3077493744495,1515.5844686700077,37.72328070444178,1.6,2.2,1.0,2.6,0.6,1.0,2.0,1.4,3.0,3.0,1
2024-10-22 18:45:00+00:00,Championship,Oxford United FC,Derby County FC,1499.0936739488634,1495.485030218749,58.60864373011441,0.8,0.8,1.0,1.0,1.2,1.4,2.2,0.2,3.0,3.0,1
2024-10-22 18:45:00+00:00,Championship,Cardiff City FC,Portsmouth FC,1474.141185957416,1471.8861124693913,57.255073488024664,1.4,1.0,1.6,1.0,1.4,2.0,1.2,1.0,3.0,3.0,2
2024-10-22 18:45:00+00:00,Championship,Stoke City FC,Bristol City FC,1481.3915522446976,1505.310605603901,31.080946640796583,1.0,1.8,1.6,1.2,1.4,0.6,1.4,1.0,3.0,3.0,1
2024-10-22 18:45:00+00:00,Championship,Sheffield Wednesday FC,Swansea City AFC,1484.9723762702893,1481.7926181775447,58.17975809274458,1.4,1.0,1.2,0.6,1.4,0.8,1.4,0.6,3.0,3.0,1
2024-10-22 18:45:00+00:00,Championship,Leeds United FC,Watford FC,1544.3702543884228,1503.054712310795,96.31554207762792,2.2,1.2,2.0,1.0,0.6,2.4,2.0,0.6,3.0,3.0,2
2024-10-22 19:00:00+00:00,UEFA Champions League,Arsenal FC,FK Shakhtar Donetsk,1546.699025040473,1492.628116710713,109.07090832976019,2.0,0.5,2.2,0.0,1.4,1.5,2.6,1.0,3.0,20.0,2
2024-10-22 19:00:00+00:00,UEFA Champions League,Real Madrid CF,Borussia Dortmund,1570.1091379882535,1535.6954137069206,89.41372428133286,2.0,1.8,1.6,3.0,1.0,2.2,3.0,1.0,3.0,4.0,2
2024-10-22 19:00:00+00:00,UEFA Champions League,Paris Saint-Germain FC,PSV,1558.8951681298408,1569.839151852487,44.05601627735382,1.6,2.6,1.8,2.0,1.4,0.8,3.0,2.4,3.0,3.0,1
2024-10-22 19:00:00+00:00,UEFA Champions League,Juventus FC,VfB Stuttgart,1545.6778859342069,1487.4836940108323,113.19419192337455,2.2,1.2,1.6,1.8,0.6,1.8,1.8,0.8,3.0,3.0,0
2024-10-22 19:00:00+00:00,UEFA Champions League,Aston Villa FC,Bologna FC 1909,1552.7318659963682,1482.107197904468,125.62466809190028,2.2,1.2,1.8,1.0,0.8,1.2,2.0,1.0,3.0,3.0,2
2024-10-22 19:00:00+00:00,UEFA Champions League,Girona FC,ŠK Slovan Bratislava,1475.860042030185,1481.1715183241076,49.688523706077376,1.0,0.0,1.0,0.5,1.2,4.5,0.8,0.0,3.0,21.0,2
2024-10-22 19:00:00+00:00,UEFA Champions League,SK Sturm Graz,Sporting Clube de Portugal,1479.4283227216226,1582.794155004312,-48.365832282689325,0.0,2.6,0.5,2.2,1.5,0.2,0.0,2.6,20.0,16.0,0
2024-10-22 19:00:00+00:00,Championship,Queens Park Rangers FC,Coventry City FC,1459.994654613035,1470.293952652544,44.70070196049096,0.2,0.6,0.6,1.0,2.0,1.6,0.4,0.4,3.0,3.0,1
2024-10-22 22:30:00+00:00,Campeonato Brasileiro Série A,Fluminense FC,CA Paranaense,1474.4677644907913,1454.7514568371805,74.71630765361078,1.2,0.4,0.8,0.6,0.8,1.6,2.0,0.4,4.0,4.0,2
2024-10-23 16:45:00+00:00,UEFA Champions League,Stade Brestois 29,Bayer 04 Leverkusen,1503.8077710163761,1544.8546565458287,13.953114470547462,2.0,2.2,1.8,2.0,0.8,1.4,2.6,2.5,4.0,4.0,1
2024-10-23 16:45:00+00:00,UEFA Champions League,Atalanta BC,Celtic FC,1521.9281113250527,1500.6013560343538,76.32675529069888,2.0,1.5,2.6,3.0,1.0,4.0,1.75,0.0,3.0,21.0,1
2024-10-23 18:45:00+00:00,Championship,Blackburn Rovers FC,West Bromwich Albion FC,1531.5461509785293,1518.9595747903743,67.58657618815505,1.4,1.0,0.8,0.8,1.0,1.0,3.0,2.0,4.0,4.0,1
2024-10-23 18:45:00+00:00,Championship,Hull City AFC,Burnley FC,1487.7033708453548,1541.4758466207477,1.227524224607123,1.8,2.2,2.0,1.0,1.6,0.2,1.0,2.0,3.0,4.0,1
2024-10-23 18:45:00+00:00,Championship,Luton Town FC,Sunderland AFC,1483.3939852196352,1540.423719385518,-2.029734165882928,1.4,2.0,1.6,1.4,1.6,0.8,1.4,1.8,4.0,3.0,0
2024-10-23 18:45:00+00:00,Championship,Millwall FC,Plymouth Argyle FC,1487.1862586452137,1485.0666957741214,57.119562871092285,1.2,1.2,1.0,1.0,0.8,1.8,1.4,0.2,4.0,4.0,2
2024-10-23 19:00:00+00:00,UEFA Champions League,RB Leipzig,Liverpool FC,1530.0080223700063,1570.0101770537765,14.997845316229814,2.0,3.0,1.8,2.0,0.6,0.4,1.75,3.0,4.0,3.0,0
2024-10-23 19:00:00+00:00,UEFA Champions League,Club Atlético de Madrid,Lille OSC,1546.1549863482278,1522.277172995163,78.87781335306477,1.6,2.2,1.2,1.8,1.4,0.8,2.2,1.4,3.0,5.0,0
2024-10-23 19:00:00+00:00,UEFA Champions League,Manchester City FC,AC Sparta Praha,1559.6254138944835,1513.2442196191992,101.38119427528432,2.2,2.0,2.4,2.0,1.2,0.5,2.2,1.0,3.0,22.0,2
2024-10-23 19:00:00+00:00,Championship,Middlesbrough FC,Sheffield United FC,1492.6565584325742,1545.9088924078253,1.7476660247489235,1.2,2.0,0.8,0.8,1.0,0.4,1.6,1.6,4.0,5.0,2
2024-10-23 19:00:00+00:00,UEFA Champions League,Sport Lisboa e Benfica,Feyenoord Rotterdam,1558.557562232132,1546.5557273175075,67.00183491462462,3.0,2.6,3.6,2.6,0.6,1.0,3.0,1.8,21.0,4.0,0
2024-10-23 19:00:00+00:00,UEFA Champions League,FC Red Bull Salzburg,GNK Dinamo Zagreb,1479.9595812628927,1489.1141759759641,45.84540528692855,0.0,0.5,0.0,2.0,3.5,5.5,0.0,0.0,22.0,21.0,0
2024-10-23 19:00:00+00:00,UEFA Champions League,FC Barcelona,FC Bayern München,1571.5019782108905,1546.7965210763234,79.70545713456704,2.4,1.6,3.2,2.6,1.0,1.0,3.0,2.0,3.0,4.0,2
2024-10-23 19:00:00+00:00,UEFA Champions League,BSC Young Boys,FC Internazionale Milano,1482.1209786730706,1555.7404253729455,-18.61944669987497,0.0,2.4,0.0,2.4,4.0,1.2,0.0,1.8,22.0,3.0,0
2024-10-24 22:00:00+00:00,Campeonato Brasileiro Série A,CR Vasco da Gama,Cuiabá EC,1492.9877158094362,1447.2317740809297,100.75594172850651,0.6,1.0,0.6,0.4,1.4,0.8,1.6,0.4,7.0,6.0,2
2024-10-25 16:30:00+00:00,Serie A,Udinese Calcio,Cagliari Calcio,1509.7289345584206,1488.5511999392263,76.17773461919433,1.2,1.4,1.2,1.4,1.8,2.2,2.25,1.3333333333333333,6.0,5.0,2
2024-10-25 17:45:00+00:00,Primeira Liga,Casa Pia AC,CD Nacional,1485.1355596270887,1479.178652507479,60.956907119609696,1.6,0.8,1.2,0.4,1.0,1.0,1.0,0.5,19.0,26.0,2
2024-10-25 18:00:00+00:00,Eredivisie,Almere City FC,NEC,1448.9632650183303,1477.9846900886241,25.978574929706156,0.4,0.8,0.4,1.0,1.8,1.2,0.2,0.75,6.0,6.0,2
2024-10-25 18:30:00+00:00,Bundesliga,1. FSV Mainz 05,Borussia Mönchengladbach,1488.8464812521063,1490.2039260985837,53.64255515352261,1.2,1.2,1.4,1.2,1.6,1.8,0.25,1.0,6.0,6.0,1
2024-10-25 18:45:00+00:00,Serie A,Torino FC,Como 1907,1500.0677110940053,1490.824333605994,64.24337748801122,0.8,1.6,1.8,2.0,2.2,2.0,1.3333333333333333,0.8,5.0,6.0,2
2024-10-25 18:45:00+00:00,Ligue 1,Stade Rennais FC 1901,Le Havre AC,1484.044449519537,1461.8608721635883,77.18357735594873,1.0,0.0,1.4,0.2,1.4,2.8,1.75,0.75,6.0,5.0,2
2024-10-25 19:00:00+00:00,Championship,Portsmouth FC,Sheffield Wednesday FC,1463.519288677487,1479.9799733633256,38.53931531416151,1.0,1.6,0.8,1.0,2.0,1.0,0.6,0.8,3.0,3.0,0
2024-10-25 19:00:00+00:00,Primera Division,RCD Espanyol de Barcelona,Sevilla FC,1478.6668415816296,1502.0513695724396,31.615472009189943,0.6,1.4,1.0,1.2,2.4,1.8,1.8,0.6,6.0,5.0,0
2024-10-25 19:00:00+00:00,Premier League,Leicester City FC,Nottingham Forest FC,1488.250937334997,1518.9439844777337,24.30695285726324,1.6,1.6,1.8,1.0,1.8,0.8,1.25,2.0,6.0,4.0,0
2024-10-25 19:45:00+00:00,Primeira Liga,CD Santa Clara,Gil Vicente FC,1515.4010638643297,1500.5461733973182,69.8548904670115,1.8,1.2,1.0,1.2,1.2,1.4,2.25,0.5,20.0,20.0,2
2024-10-26 11:30:00+00:00,Championship,Watford FC,Blackburn Rovers FC,1495.7579994147613,1526.2916916781019,24.466307736659473,1.2,1.4,1.0,0.8,2.0,1.0,2.6,0.6,3.0,2.0,2
2024-10-26 11:30:00+00:00,Championship,Coventry City FC,Luton Town FC,1474.9068232743994,1473.4524050004381,56.45441827396121,0.8,0.8,1.0,1.4,1.4,1.8,1.2,0.8,3.0,2.0,2
2024-10-26 11:30:00+00:00,Championship,Bristol City FC,Leeds United FC,1509.5361417324418,1551.6669672844564,12.869174447985415,1.4,2.2,1.2,2.0,0.8,0.8,1.8,1.8,3.0,3.0,1
2024-10-26 12:00:00+00:00,Primera Division,Real Valladolid CF,Villarreal CF,1458.320226328004,1521.7852784730212,-8.465052145017125,0.8,1.4,1.2,1.4,1.6,2.0,1.0,2.0,7.0,5.0,0
2024-10-26 13:00:00+00:00,Serie A,SSC Napoli,US Lecce,1550.0228575036035,1463.5467685298318,141.47608897377177,2.6,0.4,2.0,0.4,0.2,2.4,3.0,0.25,6.0,6.0,2
2024-10-26 13:30:00+00:00,Bundesliga,FC Augsburg,Borussia Dortmund,1477.2507199650172,1528.2135977426917,4.037122222325479,1.2,1.8,1.6,3.2,2.4,2.2,1.75,0.8,7.0,3.0,2
2024-10-26 13:30:00+00:00,Bundesliga,RB Leipzig,SC Freiburg,1519.5766176103314,1525.8617249370293,48.714892673302074,1.8,2.4,1.8,1.8,0.8,1.0,1.4,2.0,2.0,7.0,2
2024-10-26 13:30:00+00:00,Bundesliga,VfB Stuttgart,Holstein Kiel,1500.631104232877,1461.1652287053957,94.46587552748133,1.2,0.4,1.0,1.4,1.6,3.2,1.5,0.6666666666666666,3.0,6.0,2
2024-10-26 13:30:00+00:00,Bundesliga,FC St. Pauli 1910,VfL Wolfsburg,1463.065905503143,1476.5916551749008,41.474250328242306,0.8,0.8,1.0,2.2,1.6,2.6,0.3333333333333333,2.0,7.0,5.0,1
2024-10-26 14:00:00+00:00,Championship,West Bromwich Albion FC,Cardiff City FC,1524.2140340908018,1482.50800974932,96.70602434148168,0.6,2.0,0.6,2.0,1.0,1.0,1.6,0.4,2.0,3.0,1
2024-10-26 14:00:00+00:00,Championship,Swansea City AFC,Millwall FC,1486.7850210845083,1495.5568789562801,46.22814212822823,0.6,1.6,0.2,1.0,0.6,0.6,1.8,0.6,3.0,2.0,0
2024-10-26 14:00:00+00:00,Championship,Sunderland AFC,Oxford United FC,1550.3652996047151,1494.0892689639886,111.2760306407265,2.0,1.0,1.6,1.0,1.0,1.0,2.6,0.4,2.0,3.0,2
2024-10-26 14:00:00+00:00,Championship,Sheffield United FC,Stoke City FC,1535.959193855272,1477.1660161161567,113.79317773911521,1.4,1.2,0.6,1.8,0.6,1.2,2.6,0.8,2.0,3.0,2
2024-10-26 14:00:00+00:00,Championship,Plymouth Argyle FC,Preston North End FC,1476.696075463055,1493.8928993421448,37.803176120910166,1.2,1.6,1.0,1.4,1.8,1.0,2.0,0.4,2.0,3.0,1
2024-10-26 14:00:00+00:00,Championship,Derby County FC,Hull City AFC,1500.4894352036238,1484.3347066717697,71.15472853185406,1.0,1.4,1.2,1.6,1.4,1.6,2.4,1.4,3.0,2.0,1
2024-10-26 14:00:00+00:00,Championship,Burnley FC,Queens Park Rangers FC,1544.8445107943328,1455.3817839911796,144.46272680315315,1.8,0.2,0.8,0.6,0.2,2.0,2.2,1.0,2.0,3.0,1
2024-10-26 14:00:00+00:00,Premier League,Brentford FC,Ipswich Town FC,1485.765362921841,1463.3947315912467,77.37063133059428,0.8,0.6,1.8,0.8,2.2,1.8,2.5,0.5,7.0,7.0,2
2024-10-26 14:00:00+00:00,Premier League,Aston Villa FC,AFC Bournemouth,1559.2658438095916,1500.0282887035519,114.23755510603974,2.2,1.2,1.6,1.0,0.6,1.2,2.6,1.0,3.0,6.0,1
2024-10-26 14:00:00+00:00,Premier League,Brighton & Hove Albion FC,Wolverhampton Wanderers FC,1525.6851299397656,1442.098607158977,138.58652278078853,1.6,0.0,1.6,1.4,1.6,2.8,2.0,0.25,7.0,6.0,1
2024-10-26 14:00:00+00:00,Premier League,Manchester City FC,Southampton FC,1566.7875204815396,1432.9889413702524,188.79857911128715,2.6,0.2,3.0,1.0,0.8,2.6,2.2,0.0,2.0,7.0,2
2024-10-26 14:15:00+00:00,Primera Division,Rayo Vallecano de Madrid,Deportivo Alavés,1501.4130990884155,1467.5110424516727,88.90205663674283,1.2,0.6,0.8,1.2,0.8,2.4,1.25,0.6,6.0,7.0,2
2024-10-26 14:30:00+00:00,Eredivisie,Fortuna Sittard,FC Groningen,1499.9725704915013,1474.733242915685,80.23932757581633,1.0,0.2,0.6,0.8,1.8,1.8,1.5,1.0,6.0,6.0,2
2024-10-26 14:30:00+00:00,Primeira Liga,GD Estoril Praia,FC Arouca,1476.2039766275477,1470.6782608576686,60.52571576987907,1.0,0.8,0.6,0.4,1.2,1.8,1.0,0.75,20.0,20.0,2
2024-10-26 15:00:00+00:00,Ligue 1,Angers SCO,AS Saint-Étienne,1472.450401597983,1476.7826076596855,50.667793938297564,0.8,1.4,1.0,1.2,1.4,2.6,0.25,0.25,6.0,6.0,2
2024-10-26 16:30:00+00:00,Primera Division,UD Las Palmas,Girona FC,1447.7106613351727,1484.4395626770784,18.271098658094388,0.8,1.4,1.2,1.4,1.8,1.2,0.6,0.8,4.0,3.0,2
2024-10-26 16:30:00+00:00,Bundesliga,SV Werder Bremen,Bayer 04 Leverkusen,1511.3366989767906,1548.5893770273292,17.747321949461366,1.8,1.8,2.0,1.4,2.4,1.0,0.3333333333333333,2.2,6.0,2.0,1
2024-10-26 16:30:00+00:00,Premier League,Everton FC,Fulham FC,1484.163713171828,1501.804265089246,37.35944808258205,1.6,1.4,1.4,1.6,1.0,1.6,1.0,1.0,7.0,7.0,1
2024-10-26 16:45:00+00:00,Eredivisie,PSV,PEC Zwolle,1574.4337664096004,1477.1113386708355,152.32242773876487,2.2,1.0,1.6,1.0,0.8,1.2,2.6,0.5,3.0,6.0,2
2024-10-26 17:00:00+00:00,Ligue 1,Stade de Reims,Stade Brestois 29,1518.1980126307055,1500.0730505348756,73.12496209582991,2.0,1.6,2.2,1.6,1.4,1.0,1.75,0.75,6.0,3.0,0
2024-10-26 17:00:00+00:00,Primeira Liga,Boavista FC,Moreirense FC,1479.3548646489112,1492.39350401615,41.96136063276117,0.6,1.0,0.8,0.8,1.6,1.2,0.3333333333333333,0.75,20.0,21.0,0
2024-10-26 18:00:00+00:00,Eredivisie,NAC Breda,RKC Waalwijk,1494.5874489845844,1426.715381144761,122.87206783982333,1.8,0.2,0.8,1.0,0.8,2.4,2.25,0.0,6.0,7.0,2
2024-10-26 18:45:00+00:00,Serie A,Atalanta BC,Hellas Verona FC,1516.432589793733,1476.9116647011342,94.52092509259887,2.2,0.6,2.2,1.4,0.4,2.4,1.6,1.0,3.0,5.0,2
2024-10-26 19:00:00+00:00,Ligue 1,Racing Club de Lens,Lille OSC,1532.5508064416026,1534.5092416710975,53.04156477050515,1.4,2.6,1.0,1.8,0.6,0.4,1.6666666666666667,1.4,7.0,3.0,0
2024-10-26 19:00:00+00:00,Primera Division,Real Madrid CF,FC Barcelona,1577.5909539524823,1579.2472869219296,53.34366703055275,2.0,2.4,2.0,3.8,1.0,1.2,3.0,1.8,4.0,3.0,0
2024-10-26 19:00:00+00:00,Eredivisie,SC Heerenveen,Sparta Rotterdam,1467.4111084762608,1487.0505943647565,35.360514111504244,0.8,1.0,0.8,1.4,1.8,1.6,2.0,1.75,7.0,7.0,2
2024-10-26 19:30:00+00:00,Primeira Liga,FC Famalicão,Sporting Clube de Portugal,1515.6775276997396,1591.410997608978,-20.733469909238465,0.8,2.6,0.6,2.2,0.8,0.2,2.0,2.6,22.0,4.0,0
2024-10-26 19:30:00+00:00,Campeonato Brasileiro Série A,CR Flamengo,EC Juventude,1531.295320924698,1465.8710096544232,120.42431127027476,1.4,1.0,1.2,1.4,1.2,1.8,1.6,1.0,8.0,5.0,2
2024-10-26 19:30:00+00:00,Campeonato Brasileiro Série A,Grêmio FBPA,AC Goianiense,1483.4572333404362,1405.5231180096246,132.93411533081166,0.8,0.8,1.0,0.2,1.2,1.4,1.2,0.0,7.0,7.0,2
2024-10-26 19:30:00+00:00,Campeonato Brasileiro Série A,SE Palmeiras,Fortaleza EC,1598.6688182251207,1565.238564164067,88.4302540610538,2.6,1.6,2.6,1.6,0.8,1.2,2.4,0.8,5.0,9.0,1
2024-10-26 19:30:00+00:00,Campeonato Brasileiro Série A,EC Vitória,Fluminense FC,1464.3593220009484,1482.3498057110417,37.00951628990674,2.0,1.8,1.4,0.8,1.0,0.4,2.0,1.2,7.0,3.0,2
2024-10-26 21:30:00+00:00,Campeonato Brasileiro Série A,CA Paranaense,Cruzeiro EC,1446.8694156169302,1497.7224143852397,4.14700123169041,0.2,0.6,0.4,0.4,1.6,0.8,0.2,1.0,3.0,7.0,2
2024-10-26 22:00:00+00:00,Campeonato Brasileiro Série A,CA Mineiro,SC Internacional,1511.061206480012,1560.9990223635925,5.06218411641953,1.6,2.2,1.8,2.2,1.2,1.2,1.6,1.8,9.0,7.0,0
2024-10-26 22:00:00+00:00,Campeonato Brasileiro Série A,RB Bragantino,Botafogo FR,1469.650627486838,1590.8918089834401,-66.24118149660217,0.6,2.2,0.6,1.0,1.4,0.4,1.2,2.0,7.0,7.0,0
2024-10-27 01:00:00+00:00,Campeonato Brasileiro Série A,Criciúma EC,São Paulo FC,1471.3417763701445,1531.9698151668304,-5.628038796685814,1.6,1.8,1.0,1.6,0.6,1.2,1.6,0.6,8.0,10.0,1
2024-10-27 11:15:00+00:00,Eredivisie,FC Utrecht,Feyenoord Rotterdam,1566.6900397797367,1558.4606390072558,63.22940077248086,3.0,2.6,2.2,2.8,1.2,1.2,3.0,2.2,6.0,3.0,0
2024-10-27 11:30:00+00:00,Serie A,Parma Calcio 1913,Empoli FC,1487.361226201297,1492.403832034461,49.95739416683614,0.6,1.0,1.4,0.6,1.8,0.6,1.0,1.75,7.0,7.0,1
2024-10-27 13:00:00+00:00,Primera Division,CD Leganés,RC Celta de Vigo,1481.762750681718,1483.9080599259025,52.854690755815454,0.6,0.8,0.6,0.8,1.4,1.4,1.0,0.75,6.0,7.0,2
2024-10-27 13:30:00+00:00,Eredivisie,FC Twente '65,Heracles Almelo,1513.8695164636538,1476.8464951530957,92.02302131055808,2.0,1.4,2.2,1.6,0.8,2.0,2.0,1.0,7.0,7.0,2
2024-10-27 14:00:00+00:00,Serie A,SS Lazio,Genoa CFC,1507.817641169156,1459.0828521106882,103.73478905846787,1.8,0.4,1.6,0.8,1.4,2.6,2.5,1.0,7.0,8.0,2
2024-10-27 14:00:00+00:00,Serie A,AC Monza,Venezia FC,1483.2127921681542,1459.8171372118895,78.3956549562647,1.0,0.6,1.2,0.8,1.2,2.0,0.5,0.2,5.0,7.0,1
2024-10-27 14:00:00+00:00,Premier League,Chelsea FC,Newcastle United FC,1513.457576821463,1509.9904930425398,58.4670837789231,2.0,1.0,2.0,0.8,1.0,1.2,1.25,1.25,6.0,8.0,2
2024-10-27 14:00:00+00:00,Premier League,Crystal Palace FC,Tottenham Hotspur FC,1451.1296166933193,1512.9979822497598,-6.868365556440494,0.4,1.8,0.6,2.4,1.2,1.2,0.5,1.0,5.0,8.0,2
2024-10-27 14:00:00+00:00,Premier League,West Ham United FC,Manchester United FC,1488.3978700028304,1507.560447152237,35.837422850593384,1.0,1.6,1.4,1.0,2.0,0.8,0.75,1.25,8.0,8.0,2
2024-10-27 14:00:00+00:00,Ligue 1,Olympique Lyonnais,AJ Auxerre,1516.0816917902791,1482.5278501667758,88.55384162350333,2.0,1.2,2.0,1.6,0.8,2.0,1.5,0.0,7.0,6.0,1
2024-10-27 14:30:00+00:00,Bundesliga,VfL Bochum 1848,FC Bayern München,1441.3508018870968,1539.0512123652843,-42.70041047818745,0.2,1.0,1.4,1.8,2.8,1.8,0.3333333333333333,1.4,8.0,3.0,0
2024-10-27 15:00:00+00:00,Championship,Norwich City FC,Middlesbrough FC,1519.9993187023124,1502.6062569851276,72.39306171718476,1.8,1.8,2.2,1.0,1.2,0.8,1.8,1.2,4.0,3.0,1
2024-10-27 15:15:00+00:00,Primera Division,Getafe CF,Valencia CF,1479.1610002035218,1452.451461731622,81.7095384718998,1.2,1.0,1.0,0.8,0.8,1.2,1.4,0.2,6.0,5.0,1
2024-10-27 15:30:00+00:00,Primeira Liga,Sporting Clube de Braga,SC Farense,1519.313895006261,1459.2873981957796,115.02649681048138,1.4,0.8,1.6,0.4,0.8,1.0,1.75,0.25,20.0,21.0,2
2024-10-27 15:45:00+00:00,Eredivisie,AFC Ajax,Willem II Tilburg,1539.9922628867644,1499.276890994018,95.71537189274636,2.6,1.4,3.0,1.2,1.0,1.0,3.0,1.25,7.0,7.0,2
2024-10-27 16:00:00+00:00,Ligue 1,Montpellier HSC,Toulouse FC,1453.3909406545208,1464.671234956384,43.71970569813675,0.6,0.8,1.2,1.0,3.2,1.4,1.0,0.3333333333333333,6.0,7.0,0
2024-10-27 16:00:00+00:00,Ligue 1,RC Strasbourg Alsace,FC Nantes,1500.2971296525616,1496.125593592126,59.17153606043553,1.2,0.6,1.8,1.0,2.0,1.6,2.0,1.25,7.0,7.0,2
2024-10-27 16:00:00+00:00,Ligue 1,OGC Nice,AS Monaco FC,1505.289546992726,1562.1071459715643,-1.817598978838305,1.2,2.2,2.0,2.2,0.8,1.0,1.6666666666666667,2.5,7.0,4.0,2
2024-10-27 16:30:00+00:00,Premier League,Arsenal FC,Liverpool FC,1553.6589318461981,1580.4415818134514,28.217350032746708,2.4,3.0,2.0,1.6,1.0,0.4,2.6,3.0,4.0,3.0,1
2024-10-27 16:30:00+00:00,Bundesliga,1. FC Union Berlin,Eintracht Frankfurt,1534.954013777084,1517.2002895696219,72.75372420746203,2.0,2.0,1.2,2.4,0.6,1.6,3.0,1.5,7.0,8.0,1
2024-10-27 17:00:00+00:00,Serie A,FC Internazionale Milano,Juventus FC,1565.205027074938,1532.5304757121621,87.6745513627759,3.0,2.0,2.4,1.6,0.8,0.8,2.4,2.5,3.0,4.0,1
2024-10-27 17:30:00+00:00,Primera Division,Real Betis Balompié,Club Atlético de Madrid,1511.9745152779274,1533.9229176722934,33.051597605634015,1.4,1.0,1.0,1.2,1.0,2.0,2.0,1.6,8.0,3.0,2
2024-10-27 18:00:00+00:00,Primeira Liga,Sport Lisboa e Benfica,Rio Ave FC,1546.6526505423838,1475.1811677817873,126.47148276059647,2.4,1.0,3.0,0.8,1.0,1.6,2.4,0.0,3.0,22.0,2
2024-10-27 18:30:00+00:00,Bundesliga,1. FC Heidenheim 1846,TSG 1899 Hoffenheim,1490.266241177629,1482.842340888982,62.42390028864679,0.6,0.8,1.2,1.8,2.2,2.4,1.0,0.3333333333333333,8.0,8.0,1
2024-10-27 19:00:00+00:00,Eredivisie,AZ,Go Ahead Eagles,1519.0545939474582,1498.7936894466573,75.26090450080096,1.2,2.0,2.6,1.8,1.4,1.6,1.5,1.5,8.0,8.0,1
2024-10-27 19:45:00+00:00,Serie A,ACF Fiorentina,AS Roma,1519.6065850865048,1513.0684106240576,61.53817446244716,2.0,1.6,2.4,1.4,1.0,0.8,2.0,1.0,7.0,7.0,2
2024-10-27 19:45:00+00:00,Ligue 1,Olympique de Marseille,Paris Saint-Germain FC,1529.94870544461,1554.3005535727275,30.64815187188242,2.0,1.6,2.2,1.8,0.8,1.4,1.6666666666666667,1.6,7.0,5.0,0
2024-10-27 20:00:00+00:00,Primera Division,Real Sociedad de Fútbol,CA Osasuna,1495.6046911444955,1508.1248889254175,42.47980221907801,1.6,1.6,1.0,1.6,0.4,1.2,0.8,0.5,8.0,8.0,0
2024-10-27 20:30:00+00:00,Primeira Liga,CF Estrela da Amadora,Vitória SC,1462.832723008884,1516.833674916552,0.999048092332032,0.8,1.6,0.8,1.4,1.6,1.4,1.0,1.75,22.0,21.0,1
2024-10-28 20:00:00+00:00,Primera Division,RCD Mallorca,Athletic Club,1513.6498268864443,1508.7015354349094,59.94829145153494,2.4,2.0,1.4,2.2,0.8,1.0,1.6,1.5,8.0,9.0,1
2024-10-28 20:15:00+00:00,Primeira Liga,AVS,FC Porto,1488.3686818983429,1552.9849206842346,-9.61623878589171,1.0,2.4,0.6,2.2,1.2,0.8,2.0,2.0,23.0,22.0,0
2024-10-28 22:00:00+00:00,Campeonato Brasileiro Série A,Cuiabá EC,SC Corinthians Paulista,1440.0531121919992,1464.332574155157,30.720538036842072,1.0,1.4,0.4,2.4,0.4,1.8,1.6,0.2,4.0,10.0,0
2024-10-29 00:00:00+00:00,Campeonato Brasileiro Série A,CR Vasco da Gama,EC Bahia,1500.1663776983667,1518.17865707109,36.98772062727676,1.0,1.4,0.6,1.2,1.2,1.4,2.0,0.8,4.0,9.0,2
2024-10-29 17:30:00+00:00,Serie A,US Lecce,Hellas Verona FC,1457.407702816514,1469.5670067497783,42.840696066735745,0.2,0.6,0.4,1.4,2.6,3.2,1.0,0.75,3.0,2.0,2
2024-10-29 17:30:00+00:00,Serie A,Cagliari Calcio,Bologna FC 1909,1480.7092991192353,1475.5732200912446,60.13607902799072,1.4,0.6,1.4,0.6,1.8,1.4,1.0,1.0,4.0,6.0,0
2024-10-29 19:45:00+00:00,Serie A,AC Milan,SSC Napoli,1511.2696344659082,1556.1619232169212,10.107711248987016,1.8,2.6,1.6,1.4,0.8,0.2,2.4,1.75,7.0,3.0,0
2024-10-30 17:00:00+00:00,Eredivisie,Feyenoord Rotterdam,AFC Ajax,1570.2606985723687,1547.304995170405,77.95570340196377,3.0,2.6,3.0,2.2,1.0,1.0,1.75,1.75,3.0,3.0,0
2024-10-30 17:30:00+00:00,Serie A,Venezia FC,Udinese Calcio,1465.369348911462,1517.5708353784116,2.798513533050482,0.8,1.2,1.2,1.0,1.6,1.4,1.0,1.0,3.0,5.0,2
2024-10-30 17:30:00+00:00,Serie A,Empoli FC,FC Internazionale Milano,1497.1652264510903,1559.4004516397035,-7.235225188613185,1.0,2.6,0.8,2.6,0.8,1.2,0.75,2.2,3.0,3.0,0
2024-10-30 19:45:00+00:00,Serie A,Atalanta BC,AC Monza,1523.777247745089,1477.6605804685817,101.11666727650731,2.6,1.0,3.2,1.4,0.4,1.4,1.6,1.25,4.0,3.0,2
2024-10-30 19:45:00+00:00,Serie A,Juventus FC,Parma Calcio 1913,1538.3350511473966,1482.5998317846677,110.73521936272891,1.6,0.8,1.8,1.2,1.6,1.4,1.6,0.75,3.0,3.0,1
2024-10-30 22:00:00+00:00,Campeonato Brasileiro Série A,SC Internacional,CR Flamengo,1571.1447134252626,1537.9616725757414,88.18304084952115,2.2,1.8,2.2,1.8,1.2,1.4,3.0,0.6,4.0,4.0,1
2024-10-31 17:30:00+00:00,Serie A,Genoa CFC,ACF Fiorentina,1451.98291127752,1527.8536666089185,-20.870755331398414,0.2,2.6,0.6,3.0,3.0,0.6,0.6,1.25,4.0,3.0,0
2024-10-31 19:45:00+00:00,Serie A,Como 1907,SS Lazio,1482.652617216136,1514.9175820023243,22.73503521381167,1.4,1.8,1.6,1.8,1.8,1.2,1.6666666666666667,0.75,6.0,4.0,0
2024-10-31 19:45:00+00:00,Serie A,AS Roma,Torino FC,1504.8213291016439,1508.2394274838634,51.58190161778043,1.4,1.2,1.4,2.0,1.6,2.2,1.5,1.4,4.0,6.0,2
2024-11-01 18:00:00+00:00,Ligue 1,AS Monaco FC,Angers SCO,1552.0548317448922,1481.002316427061,126.0525153178312,1.6,1.2,2.0,1.6,1.2,1.6,2.6,0.75,5.0,6.0,0
2024-11-01 19:30:00+00:00,Bundesliga,Bayer 04 Leverkusen,VfB Stuttgart,1552.43307553337,1507.9772349827076,99.45584055066229,1.8,1.6,1.6,1.0,1.2,1.4,2.0,1.4,6.0,6.0,1
2024-11-01 20:00:00+00:00,Championship,Luton Town FC,West Bromwich Albion FC,1465.0631427571582,1518.166999157077,1.8961436000811318,0.8,0.8,1.6,0.2,1.8,0.4,1.4,1.6,6.0,6.0,1
2024-11-01 20:00:00+00:00,Ligue 1,Lille OSC,Olympique Lyonnais,1546.0241496149324,1510.2533688194462,90.77078079548619,2.6,2.0,1.6,2.4,0.4,1.2,2.0,1.75,6.0,5.0,1
2024-11-01 20:00:00+00:00,Primera Division,Deportivo Alavés,RCD Mallorca,1460.0154282763378,1508.6079647903032,6.407463486034658,0.0,2.0,0.8,1.2,2.4,0.8,1.4,1.8,6.0,4.0,2
2024-11-01 20:15:00+00:00,Primeira Liga,Sporting Clube de Portugal,CF Estrela da Amadora,1600.8149477561315,1459.4706348392458,196.34431291688566,2.6,1.0,2.2,1.2,0.2,1.8,3.0,0.25,6.0,4.0,2
2024-11-02 00:00:00+00:00,Campeonato Brasileiro Série A,Fluminense FC,Grêmio FBPA,1473.4110144314866,1489.8074692267053,38.60354520478131,1.8,1.4,1.0,1.4,0.6,1.0,2.0,1.0,6.0,6.0,1
2024-11-02 12:30:00+00:00,Premier League,Newcastle United FC,Arsenal FC,1501.6576037791622,1549.5152188783327,7.142384900829484,0.4,2.0,0.6,1.6,1.4,1.0,1.75,1.6,5.0,5.0,2
2024-11-02 12:30:00+00:00,Championship,Blackburn Rovers FC,Sheffield United FC,1516.9947269039346,1542.7962597214844,29.19846718245026,0.8,1.8,0.4,1.0,1.2,0.6,2.6,1.0,7.0,6.0,0
2024-11-02 12:30:00+00:00,Championship,Stoke City FC,Derby County FC,1470.3289502499442,1495.1362648124075,30.19268543753674,1.2,1.2,1.8,1.0,1.2,1.0,1.0,0.4,6.0,6.0,2
2024-11-02 12:30:00+00:00,Championship,Oxford United FC,Swansea City AFC,1487.1868531128366,1475.4622648976022,66.72458821523446,0.8,0.4,1.0,0.0,1.4,0.6,1.8,0.8,6.0,6.0,0
2024-11-02 13:00:00+00:00,Primera Division,CA Osasuna,Real Valladolid CF,1519.341499520797,1448.5638219146083,125.77767760618872,1.6,0.6,1.6,1.4,1.0,2.0,2.4,0.6,5.0,7.0,2
2024-11-02 14:00:00+00:00,Serie A,Bologna FC 1909,US Lecce,1487.2869955553388,1466.1808599055967,76.1061356497421,1.0,0.6,0.8,0.2,1.2,2.2,1.0,0.2,3.0,3.0,2
2024-11-02 14:30:00+00:00,Bundesliga,FC Bayern München,1. FC Union Berlin,1547.828346621139,1529.5567395116761,73.27160710946282,1.4,2.0,2.6,1.4,1.6,0.8,2.5,1.25,6.0,5.0,2
2024-11-02 14:30:00+00:00,Bundesliga,Eintracht Frankfurt,VfL Bochum 1848,1522.5975638350296,1432.5736676312422,145.02389620378744,1.6,0.2,2.2,1.2,1.6,3.4,2.3333333333333335,0.0,5.0,6.0,2
2024-11-02 14:30:00+00:00,Bundesliga,TSG 1899 Hoffenheim,FC St. Pauli 1910,1487.9532915109933,1458.5444852641351,84.40880624685815,1.0,1.0,1.6,0.8,1.6,1.0,1.5,0.75,5.0,7.0,0
2024-11-02 14:30:00+00:00,Bundesliga,VfL Wolfsburg,FC Augsburg,1481.1130754139087,1487.1345274762753,48.97854793763349,1.0,1.2,2.0,1.4,2.2,2.4,0.25,0.0,7.0,7.0,1
2024-11-02 14:30:00+00:00,Bundesliga,Holstein Kiel,1. FC Heidenheim 1846,1453.8190979555652,1485.1552905556177,23.663807399947473,0.4,0.8,1.4,0.8,2.4,1.4,0.0,1.5,7.0,5.0,2
2024-11-02 15:00:00+00:00,Championship,Sheffield Wednesday FC,Watford FC,1491.0846967621414,1505.0549641889286,41.02973257321287,1.6,1.2,0.8,0.8,0.8,1.8,1.0,0.0,7.0,7.0,0
2024-11-02 15:00:00+00:00,Premier League,Nottingham Forest FC,West Ham United FC,1529.6424556242655,1497.3700287447969,87.27242687946864,1.6,1.4,1.4,1.6,1.0,2.0,1.25,1.25,7.0,6.0,2
2024-11-02 15:00:00+00:00,Premier League,Liverpool FC,Brighton & Hove Albion FC,1584.5852947813169,1518.5618593017084,121.02343547960845,2.6,1.6,1.6,2.0,0.6,2.0,2.4,1.75,5.0,7.0,2
2024-11-02 15:00:00+00:00,Premier League,Ipswich Town FC,Leicester City FC,1455.585541648055,1477.5524661884651,33.03307545958978,0.4,1.4,1.4,1.6,2.6,2.0,0.5,1.0,7.0,7.0,1
2024-11-02 15:00:00+00:00,Premier League,AFC Bournemouth,Manchester City FC,1506.5360621664863,1571.8319020357533,-10.295839869266956,1.4,3.0,1.2,3.0,1.2,0.6,1.75,2.6,7.0,7.0,2
2024-11-02 15:00:00+00:00,Championship,Queens Park Rangers FC,Sunderland AFC,1462.6489559496356,1557.2677154558671,-39.61875950623153,0.4,2.6,0.6,1.8,1.6,0.6,0.6,1.8,7.0,7.0,1
2024-11-02 15:00:00+00:00,Championship,Leeds United FC,Plymouth Argyle FC,1555.3705359283838,1472.2789528100047,138.09158311837905,1.8,0.8,1.4,1.0,0.8,2.2,2.4,0.2,7.0,7.0,2
2024-11-02 15:00:00+00:00,Championship,Preston North End FC,Bristol City FC,1498.310021995195,1505.8325730885144,47.47744890668059,1.8,1.4,1.8,1.0,1.0,0.6,2.2,1.0,7.0,7.0,0
2024-11-02 15:00:00+00:00,Championship,Middlesbrough FC,Coventry City FC,1507.993590625904,1483.2960855176793,79.69750510822473,1.4,1.4,1.2,1.6,1.4,1.2,1.6,0.6,6.0,7.0,0
2024-11-02 15:00:00+00:00,Championship,Hull City AFC,Portsmouth FC,1489.687877062986,1452.4145652786713,92.27331178431473,1.0,0.8,1.0,1.0,1.6,2.4,1.0,0.8,7.0,7.0,1
2024-11-02 15:00:00+00:00,Championship,Cardiff City FC,Norwich City FC,1488.5550446830448,1514.611985061536,28.943059621508837,2.2,1.4,1.8,2.2,0.2,1.4,1.8,1.6,7.0,6.0,2
2024-11-02 15:00:00+00:00,Premier League,Southampton FC,Everton FC,1427.9445598160387,1479.7592137645802,3.1853460514585095,0.2,1.8,1.0,1.2,2.2,0.6,0.25,1.0,7.0,6.0,2
2024-11-02 15:15:00+00:00,Primera Division,Girona FC,CD Leganés,1474.9649629195499,1490.2530983946272,39.7118645249227,1.2,1.2,1.2,1.2,1.2,1.0,1.4,0.6,6.0,6.0,2
2024-11-02 15:30:00+00:00,Primeira Liga,Rio Ave FC,Casa Pia AC,1468.6686170719952,1493.398862037086,30.269755034909167,0.4,1.6,0.6,1.2,2.6,1.0,2.0,1.0,5.0,7.0,1
2024-11-02 15:30:00+00:00,Eredivisie,Willem II Tilburg,FC Twente '65,1491.9641587103774,1521.2811272951608,25.683031415216647,0.8,2.0,0.6,2.8,1.2,0.8,1.4,1.4,5.0,6.0,0
2024-11-02 16:00:00+00:00,Ligue 1,Paris Saint-Germain FC,Racing Club de Lens,1565.1803973255728,1521.0358984977677,99.14449882780514,1.6,1.2,1.8,1.0,1.2,1.0,2.6,1.8,5.0,6.0,2
2024-11-02 17:00:00+00:00,Serie A,Udinese Calcio,Juventus FC,1507.651381330794,1531.9182126992955,30.73316863149853,1.2,1.2,1.4,1.6,1.4,1.6,2.4,2.2,2.0,2.0,0
2024-11-02 17:30:00+00:00,Premier League,Wolverhampton Wanderers FC,Crystal Palace FC,1449.2218777970343,1461.3272783968362,42.8945994001981,0.2,0.8,1.6,0.4,2.8,0.8,0.0,0.25,7.0,6.0,1
2024-11-02 17:30:00+00:00,Bundesliga,Borussia Dortmund,RB Leipzig,1518.3297902314337,1528.18360702901,45.14618320242357,1.2,1.8,2.6,1.6,2.2,1.0,3.0,2.0,7.0,7.0,2
2024-11-02 17:45:00+00:00,Eredivisie,Heracles Almelo,NAC Breda,1469.4348843215887,1501.1913257923607,23.24355852922804,1.2,1.8,1.6,1.4,3.0,1.0,1.0,0.6,6.0,6.0,2
2024-11-02 17:45:00+00:00,Eredivisie,AFC Ajax,PSV,1559.511830779907,1580.310433863209,34.20139691669806,3.0,2.2,2.4,2.4,0.8,0.8,3.0,2.0,3.0,7.0,2
2024-11-02 18:00:00+00:00,Ligue 1,Stade Brestois 29,OGC Nice,1512.1472191240193,1515.341861219398,51.80535790462136,2.2,1.8,2.0,2.4,0.6,0.6,2.2,1.0,7.0,6.0,0
2024-11-02 18:00:00+00:00,Primeira Liga,SC Farense,Sport Lisboa e Benfica,1452.4822428920054,1553.1652012521758,-45.68295836017046,0.8,2.4,0.4,3.6,1.0,0.8,0.75,1.75,6.0,6.0,0
2024-11-02 19:00:00+00:00,Campeonato Brasileiro Série A,RB Bragantino,Cuiabá EC,1461.5344314841348,1429.1712011642148,87.36323031991992,0.6,0.8,0.6,0.4,1.0,0.6,1.2,0.2,6.0,4.0,1
2024-11-02 19:45:00+00:00,Serie A,AC Monza,AC Milan,1470.491471850746,1500.9787931982037,24.512678652542263,1.0,1.2,1.2,1.0,1.4,1.2,0.6,0.8,3.0,4.0,0
2024-11-02 20:00:00+00:00,Ligue 1,AS Saint-Étienne,RC Strasbourg Alsace,1468.2306928306075,1508.6103133531856,14.62037947742192,0.8,1.6,1.4,2.2,3.4,2.0,1.5,0.5,7.0,6.0,2
2024-11-02 20:00:00+00:00,Eredivisie,Fortuna Sittard,SC Heerenveen,1507.7032993911546,1476.396850648009,86.30644874314567,1.6,1.4,0.8,1.2,0.8,1.4,1.8,0.0,7.0,7.0,2
2024-11-02 20:00:00+00:00,Eredivisie,Feyenoord Rotterdam,AZ,1558.0538629628666,1513.5883351883872,99.46552777447937,2.4,0.8,2.4,1.2,1.0,1.6,1.4,2.0,3.0,6.0,2
2024-11-02 20:30:00+00:00,Primeira Liga,Gil Vicente FC,Boavista FC,1492.530097464683,1468.1529577943913,79.37713967029163,1.0,0.4,1.4,0.8,1.8,2.0,2.0,1.0,8.0,7.0,0
2024-11-02 21:30:00+00:00,Campeonato Brasileiro Série A,EC Juventude,Fortaleza EC,1459.2046580033798,1571.0635511337478,-56.85889313036796,0.4,1.6,1.4,1.8,2.4,1.4,1.4,0.4,7.0,7.0,0
2024-11-02 21:30:00+00:00,Campeonato Brasileiro Série A,CA Paranaense,EC Vitória,1456.7500609947701,1473.2981132805035,38.45194771426668,0.6,2.0,1.0,1.4,1.6,1.2,0.8,0.8,7.0,7.0,0
2024-11-03 11:15:00+00:00,Eredivisie,Go Ahead Eagles,PEC Zwolle,1504.2599482057283,1471.2346712172268,88.02527698850145,1.6,0.8,1.8,0.8,1.8,2.2,1.4,0.4,6.0,7.0,1
2024-11-03 11:30:00+00:00,Serie A,SSC Napoli,Atalanta BC,1566.4527644846257,1530.9463563629247,90.50640812170104,3.0,2.6,1.8,3.0,0.2,0.4,3.0,1.4,4.0,3.0,0
2024-11-03 13:00:00+00:00,Primera Division,Club Atlético de Madrid,UD Las Palmas,1524.8713597933083,1457.1852610927012,122.68609870060709,0.8,1.4,1.0,1.2,2.0,1.4,2.0,0.6,6.0,7.0,2
2024-11-03 13:30:00+00:00,Eredivisie,NEC,FC Groningen,1468.731023206578,1467.0025140160317,56.72850919054622,0.8,0.0,1.0,0.4,1.0,1.6,1.4,0.8,8.0,7.0,2
2024-11-03 13:30:00+00:00,Eredivisie,Sparta Rotterdam,FC Utrecht,1478.0648521930084,1554.8899802146238,-21.825128021615456,1.0,2.4,1.2,1.8,1.6,1.4,0.8,2.5,7.0,7.0,0
2024-11-03 14:00:00+00:00,Serie A,Torino FC,ACF Fiorentina,1499.7132612087744,1537.2536794952514,17.459581713522994,0.6,2.6,1.4,2.8,2.0,0.4,1.75,1.6,2.0,2.0,0
2024-11-03 14:00:00+00:00,Premier League,Tottenham Hotspur FC,Aston Villa FC,1502.800320546243,1552.7580703466572,5.042250199585851,1.8,2.2,2.4,1.4,1.2,0.4,2.25,2.6,7.0,8.0,2
2024-11-03 14:00:00+00:00,Ligue 1,Toulouse FC,Stade de Reims,1475.922989212558,1506.1238440415618,24.7991451709961,0.8,1.4,1.2,2.0,1.4,1.6,1.0,1.75,6.0,7.0,2
2024-11-03 14:30:00+00:00,Bundesliga,SC Freiburg,1. FSV Mainz 05,1517.2547355183506,1483.9813435030844,88.27339201526615,1.8,1.4,1.6,1.4,1.4,1.4,2.25,2.3333333333333335,8.0,8.0,1
2024-11-03 15:00:00+00:00,Championship,Millwall FC,Burnley FC,1506.8796351431863,1537.5773388358768,24.30229630730946,1.6,1.8,0.6,0.8,0.4,0.2,2.0,1.6,8.0,8.0,2
2024-11-03 15:15:00+00:00,Primera Division,FC Barcelona,RCD Espanyol de Barcelona,1590.770689396497,1467.7593784839362,178.0113109125607,3.0,0.6,4.2,0.8,0.4,2.0,3.0,0.2,7.0,8.0,2
2024-11-03 15:30:00+00:00,Primeira Liga,AVS,FC Famalicão,1478.6453888450455,1506.2735775525862,27.37181129245937,1.0,0.8,0.4,0.4,1.8,1.0,1.6,1.25,5.0,7.0,0
2024-11-03 15:45:00+00:00,Eredivisie,RKC Waalwijk,Almere City FC,1420.1115043369848,1458.2169319003765,16.894572436608314,0.2,0.8,1.2,0.6,2.6,1.8,0.2,0.5,7.0,8.0,2
2024-11-03 16:00:00+00:00,Ligue 1,AJ Auxerre,Stade Rennais FC 1901,1488.3561731376087,1491.8587655073168,51.497407630291946,1.4,1.0,2.0,1.0,1.8,1.4,2.25,0.25,7.0,8.0,2
2024-11-03 16:00:00+00:00,Ligue 1,Le Havre AC,Montpellier HSC,1454.0465561758085,1442.139186398347,66.90736977746155,0.0,0.6,0.2,1.2,2.6,3.2,0.75,0.0,8.0,7.0,2
2024-11-03 16:30:00+00:00,Premier League,Manchester United FC,Chelsea FC,1498.5882884102705,1521.7904660848405,31.797822325429934,1.0,2.0,0.6,2.2,1.2,1.2,1.5,2.25,7.0,7.0,1
2024-11-03 16:30:00+00:00,Bundesliga,Borussia Mönchengladbach,SV Werder Bremen,1495.0690638476055,1507.4930004707498,42.5760633768557,1.4,1.4,1.2,2.0,1.4,2.6,1.5,2.5,8.0,8.0,2
2024-11-03 17:00:00+00:00,Serie A,Hellas Verona FC,AS Roma,1460.7938496606957,1513.347495376733,2.446354283962819,0.6,1.4,1.0,1.0,2.8,1.6,1.2,0.8,4.0,2.0,2
2024-11-03 17:30:00+00:00,Primera Division,Sevilla FC,Real Sociedad de Fútbol,1512.958832670133,1484.388080549116,83.570752121017,2.0,1.6,1.4,1.0,1.4,0.6,1.8,1.6,8.0,6.0,0
2024-11-03 18:00:00+00:00,Primeira Liga,FC Arouca,Sporting Clube de Braga,1462.4029194953064,1526.1190503100352,-8.716130814728785,0.8,1.8,0.6,2.0,2.4,0.8,1.0,1.75,8.0,7.0,0
2024-11-03 18:00:00+00:00,Primeira Liga,Vitória SC,Moreirense FC,1520.19576308619,1503.5954108706699,71.60035221552016,1.2,1.4,1.4,1.0,1.6,1.0,1.75,1.2,6.0,8.0,2
2024-11-03 19:45:00+00:00,Serie A,FC Internazionale Milano,Venezia FC,1569.1922352168401,1475.2888029590797,148.90343225776041,2.6,0.8,2.4,1.4,1.2,2.0,2.0,0.4,4.0,4.0,2
2024-11-03 19:45:00+00:00,Ligue 1,FC Nantes,Olympique de Marseille,1487.812409891502,1519.0688616917646,23.74354819973746,0.6,1.4,1.0,1.8,1.8,1.4,1.25,2.4,7.0,7.0,0
2024-11-03 20:00:00+00:00,Primera Division,Athletic Club,Real Betis Balompié,1513.7433975310505,1521.0260731569124,47.717324374138116,1.6,2.0,1.8,1.0,1.0,0.6,2.0,1.0,6.0,7.0,1
2024-11-03 20:30:00+00:00,Primeira Liga,FC Porto,GD Estoril Praia,1562.7082137375319,1484.47931798991,133.2288957476219,3.0,1.4,3.2,1.4,0.4,1.4,3.0,0.5,6.0,8.0,2
2024-11-04 17:30:00+00:00,Serie A,Parma Calcio 1913,Genoa CFC,1489.0166702327688,1442.5828983911872,101.43377184158157,0.8,0.2,1.2,0.6,1.4,2.8,1.0,0.75,4.0,4.0,0
2024-11-04 17:30:00+00:00,Serie A,Empoli FC,Como 1907,1487.3734428739538,1471.9991826956416,70.37426017831217,0.4,0.8,0.4,1.2,1.4,2.4,0.6,0.8,5.0,3.0,2
2024-11-04 19:45:00+00:00,Serie A,SS Lazio,Cagliari Calcio,1525.5710165228186,1468.9955236551411,111.57549286767744,2.4,1.4,2.6,1.4,1.0,1.8,2.6,1.0,4.0,6.0,2
2024-11-04 20:00:00+00:00,Primera Division,RC Celta de Vigo,Getafe CF,1475.4177122129934,1473.5182975477246,56.89941466526875,0.8,1.2,0.6,1.0,1.4,0.8,1.4,0.4,8.0,8.0,2
2024-11-04 20:00:00+00:00,Premier League,Fulham FC,Brentford FC,1506.2087644964938,1493.5745528650327,67.63421163146108,1.4,1.4,1.6,2.4,1.6,2.4,1.75,0.0,9.0,9.0,2
2024-11-04 20:15:00+00:00,Primeira Liga,CD Nacional,CD Santa Clara,1470.9153500974817,1523.4171397969649,2.498210300516803,0.8,1.8,0.4,1.0,1.0,1.2,1.0,1.5,10.0,10.0,2
2024-11-04 23:00:00+00:00,Campeonato Brasileiro Série A,SC Corinthians Paulista,SE Palmeiras,1475.2144851829414,1592.84383125544,-62.62934607249849,2.0,2.2,2.4,2.0,1.4,1.2,2.2,2.2,7.0,9.0,2
2024-11-05 17:45:00+00:00,UEFA Champions League,ŠK Slovan Bratislava,GNK Dinamo Zagreb,1472.5919976772143,1500.4261072841684,27.165890393045856,0.0,1.3333333333333333,0.3333333333333333,2.0,3.6666666666666665,3.6666666666666665,0.0,1.5,13.0,12.0,0
2024-11-05 17:45:00+00:00,UEFA Champions League,PSV,Girona FC,1571.2916617647318,1483.8269152658843,142.4647464988475,2.0,1.8,2.6,1.6,1.2,1.2,2.6,0.8,3.0,3.0,2
2024-11-05 19:45:00+00:00,Championship,Oxford United FC,Hull City AFC,1475.2896328299344,1483.7594345229677,46.53019830696667,0.6,0.6,0.8,0.6,1.4,1.6,1.2,1.4,3.0,3.0,2
2024-11-05 19:45:00+00:00,Championship,Queens Park Rangers FC,Middlesbrough FC,1460.451025118719,1495.7391165804781,19.711908538240777,0.6,0.8,0.4,1.0,1.0,2.0,0.6,1.4,3.0,3.0,0
2024-11-05 19:45:00+00:00,Championship,Sheffield Wednesday FC,Norwich City FC,1479.909225419397,1505.4431115830646,29.466113836332397,1.4,1.2,1.2,2.2,2.0,1.6,1.0,1.0,3.0,3.0,2
2024-11-05 19:45:00+00:00,Championship,Bristol City FC,Sheffield United FC,1517.1906411169196,1553.634686236093,18.555954880826448,1.8,1.8,1.6,1.2,0.8,0.6,1.4,1.4,3.0,3.0,0
2024-11-05 20:00:00+00:00,Championship,Plymouth Argyle FC,Portsmouth FC,1466.0566841958564,1458.3430078186896,62.71367637716685,0.8,1.0,1.0,1.0,2.6,1.4,2.0,0.8,3.0,3.0,2
2024-11-05 20:00:00+00:00,Championship,Swansea City AFC,Watford FC,1487.3594851805044,1516.230435531673,26.12904964883137,1.0,1.8,0.4,2.0,0.6,1.6,1.2,0.6,3.0,3.0,2
2024-11-05 20:00:00+00:00,UEFA Champions League,Sporting Clube de Portugal,Manchester City FC,1605.6972518245993,1561.5356506571068,99.16160116749256,2.6,2.4,2.6,2.4,0.4,1.0,3.0,2.0,3.0,3.0,2
2024-11-05 20:00:00+00:00,UEFA Champions League,Bologna FC 1909,AS Monaco FC,1495.1308612678945,1538.5779791241832,11.552882143711258,1.6,1.4,1.0,1.6,0.8,1.0,1.4,2.0,3.0,4.0,0
2024-11-05 20:00:00+00:00,UEFA Champions League,Borussia Dortmund,SK Sturm Graz,1527.037642961285,1470.8114801169565,111.22616284432843,1.2,0.0,1.6,0.3333333333333333,2.2,1.6666666666666667,3.0,0.0,3.0,14.0,2
2024-11-05 20:00:00+00:00,UEFA Champions League,Liverpool FC,Bayer 04 Leverkusen,1591.236327455166,1546.3128816409114,99.92344581425459,2.6,1.4,1.6,1.4,0.8,1.2,2.4,1.8,3.0,4.0,2
2024-11-05 20:00:00+00:00,UEFA Champions League,Real Madrid CF,AC Milan,1566.067551477915,1511.683156477131,109.38439500078402,1.8,1.8,1.8,1.2,1.6,1.0,2.4,1.4,10.0,3.0,0
2024-11-05 20:00:00+00:00,UEFA Champions League,Celtic FC,RB Leipzig,1506.0968775656734,1519.4757542991588,41.62112326651459,1.3333333333333333,1.8,2.0,1.4,2.6666666666666665,0.8,3.0,1.4,13.0,3.0,2
2024-11-05 20:00:00+00:00,UEFA Champions League,Lille OSC,Juventus FC,1540.1360859952224,1542.8004844361835,52.33560155903888,2.2,1.6,1.6,1.8,0.6,1.4,1.6,2.2,4.0,3.0,1
2024-11-06 00:30:00+00:00,Campeonato Brasileiro Série A,Botafogo FR,CR Vasco da Gama,1599.0080049861433,1509.105789246889,144.90221573925442,2.2,1.6,0.8,1.2,0.2,1.4,2.2,1.2,10.0,8.0,2
2024-11-06 00:30:00+00:00,Campeonato Brasileiro Série A,SC Internacional,Criciúma EC,1565.3264012599332,1468.1704168476435,152.15598441228963,2.2,1.6,2.0,1.2,1.0,0.8,2.6,0.8,6.0,9.0,2
2024-11-06 00:30:00+00:00,Campeonato Brasileiro Série A,EC Bahia,São Paulo FC,1509.2392455225677,1535.1411746893314,29.098070833236306,0.8,1.4,1.0,1.6,2.0,1.4,2.0,0.8,8.0,9.0,0
2024-11-06 17:45:00+00:00,UEFA Champions League,Club Brugge KV,Aston Villa FC,1492.307113254497,1542.9031877853838,4.403925469113119,1.0,1.6,0.6666666666666666,1.4,2.0,1.2,0.0,2.0,15.0,3.0,2
2024-11-06 17:45:00+00:00,UEFA Champions League,FK Shakhtar Donetsk,BSC Young Boys,1485.6682099049879,1472.656376971078,68.01183293390977,0.3333333333333333,0.0,0.0,0.0,1.3333333333333333,3.0,0.0,0.0,14.0,13.0,2
2024-11-06 19:45:00+00:00,Championship,Millwall FC,Leeds United FC,1516.1812973691974,1561.5928045425321,9.588492826665288,2.2,2.2,0.8,1.8,0.2,0.6,2.0,1.8,3.0,4.0,2
2024-11-06 19:45:00+00:00,Championship,Blackburn Rovers FC,Stoke City FC,1506.156300389326,1479.4621158849773,81.69418450434864,0.8,1.2,0.4,1.0,1.0,1.2,2.0,0.8,4.0,4.0,0
2024-11-06 19:45:00+00:00,Championship,Coventry City FC,Derby County FC,1495.5505595631053,1486.0030991773745,64.5474603857308,1.4,1.2,1.6,1.2,1.2,1.0,1.2,0.4,4.0,4.0,0
2024-11-06 20:00:00+00:00,UEFA Champions League,AC Sparta Praha,Stade Brestois 29,1506.082113032143,1500.6670941134598,60.415018918683245,1.3333333333333333,1.6,1.3333333333333333,1.2,2.0,0.8,3.0,1.2,14.0,4.0,0
2024-11-06 20:00:00+00:00,UEFA Champions League,VfB Stuttgart,Atalanta BC,1514.097428875166,1543.4939726398645,25.603456235301564,1.6,2.6,0.8,2.6,1.2,0.2,1.8,2.0,5.0,3.0,0
2024-11-06 20:00:00+00:00,UEFA Champions League,FC Internazionale Milano,Arsenal FC,1575.1509084092331,1539.7207642866047,90.43014412262846,2.6,1.4,2.0,1.2,0.8,1.2,2.0,1.0,3.0,4.0,2
2024-11-06 20:00:00+00:00,UEFA Champions League,Paris Saint-Germain FC,Club Atlético de Madrid,1572.4018039891841,1531.4799727308252,95.9218312583589,2.2,1.4,2.0,1.4,0.8,1.2,2.6,1.0,4.0,3.0,0
2024-11-06 20:00:00+00:00,UEFA Champions League,FK Crvena Zvezda,FC Barcelona,1475.276385585457,1596.0528874170868,-65.77650183162973,0.0,3.0,0.6666666666666666,3.8,3.6666666666666665,0.6,0.0,1.8,15.0,3.0,0
2024-11-06 20:00:00+00:00,UEFA Champions League,Feyenoord Rotterdam,FC Red Bull Salzburg,1565.266745239892,1468.6476499546884,151.61909528520368,2.4,0.0,2.6,0.0,1.2,3.0,1.8,0.0,4.0,14.0,0
2024-11-06 20:00:00+00:00,Championship,Preston North End FC,Sunderland AFC,1486.95195396679,1559.4656462867838,-17.51369231999388,1.2,2.2,1.4,1.4,1.6,0.6,1.6,1.4,4.0,4.0,1
2024-11-06 20:00:00+00:00,Championship,Luton Town FC,Cardiff City FC,1461.67523456581,1497.7239181615162,18.95131640429372,0.8,2.2,1.4,2.0,1.6,0.4,1.6,0.6,5.0,4.0,2
2024-11-06 20:15:00+00:00,UEFA Champions League,FC Bayern München,Sport Lisboa e Benfica,1555.7501391885166,1561.8578653492161,48.892273839300515,2.0,2.4,3.2,3.4,1.4,1.0,2.6,2.0,4.0,4.0,2
2024-11-07 00:00:00+00:00,Campeonato Brasileiro Série A,AC Goianiense,CA Mineiro,1399.1728821233555,1500.915515418342,-46.74263329498649,0.8,1.0,0.4,1.4,1.6,1.8,2.0,1.0,11.0,11.0,2
2024-11-07 00:00:00+00:00,Campeonato Brasileiro Série A,Cruzeiro EC,CR Flamengo,1487.8417690073998,1543.7799847410708,-0.9382157336710861,0.6,2.0,0.4,1.6,1.2,1.0,1.2,0.8,11.0,7.0,0
2024-11-07 19:45:00+00:00,Serie A,Genoa CFC,Como 1907,1455.4221831723296,1463.997462784121,46.4247203882087,0.8,0.2,0.8,0.6,2.2,2.2,0.4,0.6,3.0,3.0,1
2024-11-07 20:00:00+00:00,Championship,West Bromwich Albion FC,Burnley FC,1521.5549073484253,1528.2756766098657,48.27923073855959,1.0,1.2,0.4,0.6,0.4,0.4,1.6,1.6,6.0,4.0,1
2024-11-08 19:00:00+00:00,Eredivisie,FC Utrecht,Heracles Almelo,1564.2626275101566,1478.766877221995,140.49575028816162,2.4,1.2,2.0,1.6,1.2,2.8,2.4,0.8,5.0,6.0,2
2024-11-08 19:30:00+00:00,Bundesliga,1. FC Union Berlin,SC Freiburg,1521.6349469442985,1511.4339835801006,65.20096336419783,1.4,1.4,1.0,1.0,1.2,1.4,2.5,1.5,6.0,5.0,1
2024-11-08 19:45:00+00:00,Serie A,US Lecce,Empoli FC,1458.336994193041,1495.3751627854745,17.96183140756648,0.6,0.8,0.2,0.6,1.8,1.4,1.4,1.6,6.0,4.0,1
2024-11-08 19:45:00+00:00,Ligue 1,Olympique de Marseille,AJ Auxerre,1529.751194047045,1496.8847186042854,87.86647544275957,1.4,2.0,1.6,2.4,1.2,1.2,1.25,0.2,5.0,5.0,0
2024-11-08 20:00:00+00:00,Primera Division,Rayo Vallecano de Madrid,UD Las Palmas,1508.9087132637503,1450.5766481551843,113.33206510856598,1.6,1.2,0.8,1.0,0.6,1.6,1.6,0.6,13.0,5.0,0
2024-11-08 20:00:00+00:00,Championship,Watford FC,Oxford United FC,1506.9810753964143,1483.9583358670243,78.02273952939004,1.2,1.0,1.6,0.8,1.6,1.2,2.6,0.4,3.0,3.0,2
2024-11-08 20:15:00+00:00,Primeira Liga,Moreirense FC,Gil Vicente FC,1495.6275475450698,1480.2843774308346,70.34317011423514,1.4,0.8,0.8,1.4,0.6,2.0,2.0,0.4,5.0,5.0,2
2024-11-08 22:00:00+00:00,Campeonato Brasileiro Série A,SC Internacional,Fluminense FC,1571.2070456271088,1468.9711316133987,157.23591401371004,2.2,2.0,1.8,1.4,0.8,0.8,2.6,1.2,2.0,6.0,2
2024-11-09 00:30:00+00:00,Campeonato Brasileiro Série A,SE Palmeiras,Grêmio FBPA,1581.060488217033,1494.2473520447932,141.81313617223987,1.6,1.4,1.8,1.8,1.6,1.4,2.6,0.6,4.0,7.0,2
2024-11-09 12:30:00+00:00,Championship,Stoke City FC,Millwall FC,1491.7710668490247,1525.9053884057014,20.865678443323304,1.6,2.6,1.4,1.0,1.2,0.2,1.6,1.2,2.0,2.0,1
2024-11-09 12:30:00+00:00,Championship,Middlesbrough FC,Luton Town FC,1506.3058629436323,1471.1303121607173,90.17555078291502,1.4,1.4,1.6,1.6,1.8,1.2,1.4,0.6,3.0,2.0,2
2024-11-09 12:30:00+00:00,Championship,Cardiff City FC,Blackburn Rovers FC,1488.2688405666088,1493.8473494252785,49.42149114133031,2.0,0.8,1.8,0.2,0.4,1.0,2.4,0.4,2.0,2.0,0
2024-11-09 13:00:00+00:00,Primera Division,Real Madrid CF,CA Osasuna,1553.0192715686503,1525.8716030201215,82.14766854852883,1.8,2.0,2.0,1.8,2.0,1.0,1.8,1.0,3.0,7.0,2
2024-11-09 14:00:00+00:00,Serie A,Venezia FC,Parma Calcio 1913,1469.3301297666867,1476.1773854516264,48.15274431506032,0.8,0.8,1.2,0.8,1.8,1.0,1.5,0.8,5.0,4.0,0
2024-11-09 14:30:00+00:00,Bundesliga,SV Werder Bremen,Holstein Kiel,1498.7123405838158,1463.1390500751488,90.57329050866701,1.4,0.8,2.2,1.2,2.4,2.0,0.5,0.5,5.0,7.0,2
2024-11-09 14:30:00+00:00,Bundesliga,FC St. Pauli 1910,FC Bayern München,1470.9272691474182,1564.3521225932684,-38.424853445850204,1.4,2.4,1.2,2.8,1.0,0.8,0.5,1.4,7.0,2.0,0
2024-11-09 14:30:00+00:00,Bundesliga,VfL Bochum 1848,Bayer 04 Leverkusen,1426.5211498314693,1539.1121510125986,-57.591001181129286,0.0,1.2,1.2,1.0,4.4,1.6,0.25,1.2,7.0,3.0,1
2024-11-09 14:30:00+00:00,Bundesliga,1. FSV Mainz 05,Borussia Dortmund,1489.8020954413344,1533.9413564622355,10.860738979098869,1.0,1.8,0.8,1.6,1.0,1.8,0.4,0.6,6.0,3.0,2
2024-11-09 15:00:00+00:00,Championship,Portsmouth FC,Preston North End FC,1450.128700783393,1484.1222786909407,21.00642209245234,0.8,1.2,0.8,1.4,1.4,1.6,0.4,0.6,3.0,2.0,2
2024-11-09 15:00:00+00:00,Championship,Norwich City FC,Bristol City FC,1496.2891869397013,1506.657065039786,44.63212189991532,0.6,1.6,1.4,1.6,2.0,1.0,1.8,1.6,3.0,3.0,0
2024-11-09 15:00:00+00:00,Championship,Leeds United FC,Queens Park Rangers FC,1551.8687135060281,1449.8842787555648,156.98443475046338,2.0,0.6,1.4,0.6,0.4,1.4,2.4,1.0,2.0,3.0,2
2024-11-09 15:00:00+00:00,Premier League,Wolverhampton Wanderers FC,Southampton FC,1444.6601734709698,1437.8528807555488,61.807292715421,0.4,0.6,1.8,1.0,2.6,2.0,0.2,0.0,6.0,7.0,2
2024-11-09 15:00:00+00:00,Championship,Derby County FC,Plymouth Argyle FC,1497.8398410880577,1474.270991231153,78.56884985690476,1.2,0.8,1.2,0.8,1.2,2.4,2.0,0.0,2.0,3.0,1
2024-11-09 15:00:00+00:00,Premier League,Crystal Palace FC,Fulham FC,1465.8889827229007,1514.286318107907,6.602664614993728,0.8,1.4,0.8,1.4,1.2,1.6,1.0,1.0,6.0,4.0,0
2024-11-09 15:00:00+00:00,Premier League,West Ham United FC,Everton FC,1489.8304005023515,1469.85089282507,74.97950767728139,1.4,1.6,1.6,1.0,2.0,0.6,1.2,0.8,7.0,7.0,1
2024-11-09 15:00:00+00:00,Championship,Sunderland AFC,Coventry City FC,1562.295321562633,1483.713817652422,133.58150391021104,2.2,1.4,1.0,1.6,0.2,1.2,2.6,1.0,2.0,2.0,1
2024-11-09 15:00:00+00:00,Premier League,Brentford FC,AFC Bournemouth,1485.4969992536196,1516.8323135451328,23.664685708486786,1.4,2.0,2.4,1.6,2.2,0.8,2.6,1.0,4.0,7.0,2
2024-11-09 15:15:00+00:00,Primera Division,Villarreal CF,Deportivo Alavés,1531.541682886417,1469.831027557744,116.71065532867306,2.0,0.6,1.6,0.6,1.2,1.8,1.6,0.6,14.0,7.0,2
2024-11-09 15:30:00+00:00,Eredivisie,FC Groningen,Sparta Rotterdam,1458.6209350881054,1468.6922048974757,44.92873019062972,0.0,0.4,0.2,1.0,2.4,2.2,1.0,1.4,6.0,6.0,2
2024-11-09 15:30:00+00:00,Primeira Liga,Casa Pia AC,SC Farense,1497.601231266438,1443.789578794965,108.81165247147283,1.2,0.8,1.0,0.4,1.2,1.0,1.4,0.2,7.0,6.0,1
2024-11-09 15:30:00+00:00,Primeira Liga,GD Estoril Praia,AVS,1478.1364340912469,1467.8591906711574,65.27724342008946,0.8,0.4,1.2,0.6,2.2,2.4,1.4,0.25,5.0,6.0,1
2024-11-09 16:00:00+00:00,Ligue 1,RC Strasbourg Alsace,AS Monaco FC,1499.0308734883088,1548.9103753020993,5.120498186209488,1.4,1.4,1.6,1.4,1.8,0.8,2.2,2.0,6.0,3.0,0
2024-11-09 17:00:00+00:00,Serie A,Cagliari Calcio,AC Milan,1462.1008979218163,1524.7314363863957,-7.630538464579331,0.8,2.4,1.0,1.6,1.8,0.8,0.8,1.8,4.0,3.0,1
2024-11-09 17:30:00+00:00,Bundesliga,RB Leipzig,Borussia Mönchengladbach,1510.6680086671734,1503.8497237345396,61.81828493263379,1.2,2.0,1.4,2.0,1.4,1.2,1.4,1.0,3.0,6.0,1
2024-11-09 17:30:00+00:00,Premier League,Brighton & Hove Albion FC,Manchester City FC,1511.9108266278593,1554.3146982280211,12.596128399838108,1.4,1.8,1.8,2.0,2.0,1.4,1.8,1.4,7.0,3.0,2
2024-11-09 17:45:00+00:00,Eredivisie,PEC Zwolle,Fortuna Sittard,1477.0487224935173,1515.2690654917003,16.779657001816986,1.0,2.2,1.0,1.2,2.2,0.2,1.2,1.0,6.0,6.0,2
2024-11-09 18:00:00+00:00,Ligue 1,Racing Club de Lens,FC Nantes,1513.8144918341563,1477.1300775362217,91.68441429793461,1.0,0.4,0.8,1.0,1.0,2.0,1.25,1.0,7.0,5.0,2
2024-11-09 18:00:00+00:00,Primeira Liga,FC Famalicão,FC Arouca,1517.0597757264743,1452.6537372903479,119.40603843612644,1.2,0.8,0.8,0.8,1.2,2.2,1.6,0.6,6.0,6.0,1
2024-11-09 19:00:00+00:00,Eredivisie,NAC Breda,PSV,1491.8593328919544,1577.406540126715,-30.547207234760663,1.8,2.0,1.4,3.0,1.0,1.0,2.4,2.0,7.0,4.0,0
2024-11-09 19:30:00+00:00,Campeonato Brasileiro Série A,EC Vitória,SC Corinthians Paulista,1484.4003526577355,1486.9978282213483,52.40252443638724,2.0,2.0,1.6,2.2,1.4,1.4,2.0,0.8,6.0,4.0,0
2024-11-09 19:30:00+00:00,Campeonato Brasileiro Série A,Botafogo FR,Cuiabá EC,1605.0634796984607,1434.9673614219023,225.0961182765584,2.2,1.0,1.2,0.4,0.2,0.4,2.2,0.4,3.0,7.0,1
2024-11-09 19:45:00+00:00,Serie A,Juventus FC,Torino FC,1547.628866689067,1489.2111566411602,113.4177100479069,1.2,0.6,1.8,1.0,1.6,1.6,1.2,1.2,3.0,6.0,2
2024-11-09 20:00:00+00:00,Premier League,Liverpool FC,Aston Villa FC,1598.4370580834789,1533.0299361614882,120.40712192199067,2.6,1.4,2.2,1.4,0.8,1.4,3.0,1.4,4.0,3.0,2
2024-11-09 20:00:00+00:00,Primera Division,CD Leganés,Sevilla FC,1481.3911460482927,1500.5988134476102,35.792332600682585,1.0,1.4,1.6,1.0,1.6,1.6,1.4,1.0,7.0,6.0,2
2024-11-09 20:00:00+00:00,Eredivisie,RKC Waalwijk,NEC,1429.6256223552766,1477.1126021345042,7.513020220772432,0.8,1.4,1.4,2.0,2.2,0.6,0.8,0.6,6.0,6.0,0
2024-11-09 20:00:00+00:00,Ligue 1,Angers SCO,Paris Saint-Germain FC,1494.47916904777,1559.7090238988749,-10.229854851104847,1.6,2.0,1.6,2.0,1.4,1.0,0.8,1.6,8.0,3.0,0
2024-11-09 20:30:00+00:00,Primeira Liga,Boavista FC,Rio Ave FC,1480.3986778282397,1464.4662478426433,70.9324299855964,0.8,0.6,0.8,1.0,1.8,2.8,0.25,0.0,7.0,7.0,0
2024-11-09 22:00:00+00:00,Campeonato Brasileiro Série A,Fortaleza EC,CR Vasco da Gama,1579.4414758276564,1503.0503145345715,131.3911612930849,1.6,1.4,1.6,1.0,1.2,1.8,2.6,1.0,7.0,3.0,2
2024-11-09 22:00:00+00:00,Campeonato Brasileiro Série A,Cruzeiro EC,Criciúma EC,1477.8687729612902,1462.289772480468,70.57900048082229,0.4,1.0,0.4,0.8,1.4,1.0,1.0,0.8,2.0,3.0,2
2024-11-09 22:00:00+00:00,Campeonato Brasileiro Série A,AC Goianiense,RB Bragantino,1410.5101845989811,1455.7382712264473,9.771913372533845,1.4,0.6,0.6,0.2,1.0,0.6,2.0,0.2,2.0,7.0,1
2024-11-09 22:00:00+00:00,Campeonato Brasileiro Série A,EC Juventude,EC Bahia,1450.8267333094711,1498.4036884036316,7.423044905839561,0.4,0.8,1.4,0.8,2.8,1.8,0.8,0.8,7.0,3.0,2
2024-11-10 00:00:00+00:00,Campeonato Brasileiro Série A,São Paulo FC,CA Paranaense,1545.9767318082675,1445.647821617538,155.3289101907294,2.0,0.6,2.0,1.2,0.8,1.8,2.4,0.2,3.0,7.0,2
2024-11-10 11:15:00+00:00,Eredivisie,Almere City FC,Feyenoord Rotterdam,1448.7028138820847,1551.1602284622652,-47.45741458018051,0.8,1.8,0.6,1.8,1.2,1.6,0.8,2.6,6.0,3.0,0
2024-11-10 11:30:00+00:00,Serie A,Atalanta BC,Udinese Calcio,1554.229568252343,1496.769109593906,112.46045865843689,2.6,1.2,2.6,1.0,0.2,1.2,2.0,0.8,3.0,7.0,2
2024-11-10 12:30:00+00:00,Championship,Sheffield United FC,Sheffield Wednesday FC,1564.1682623132267,1489.0631500627603,130.1051122504664,1.8,1.4,1.2,1.2,0.8,1.8,3.0,1.4,4.0,4.0,2
2024-11-10 13:00:00+00:00,Championship,Hull City AFC,West Bromwich Albion FC,1475.0907314858778,1516.8408616104082,13.249869875469585,0.6,1.0,0.6,0.4,1.0,0.4,1.0,1.2,4.0,2.0,0
2024-11-10 13:00:00+00:00,Primera Division,Real Betis Balompié,RC Celta de Vigo,1525.7242507161675,1483.794501311805,96.92974940436238,2.0,1.4,1.0,0.8,0.6,1.2,2.4,0.6,6.0,5.0,1
2024-11-10 13:30:00+00:00,Eredivisie,SC Heerenveen,Go Ahead Eagles,1468.8310845474632,1498.4458969294378,25.385187618025384,0.8,1.6,0.8,2.0,1.8,2.0,2.2,1.4,7.0,7.0,2
2024-11-10 13:30:00+00:00,Eredivisie,FC Twente '65,AFC Ajax,1532.0190008338627,1568.5306028783843,18.488397955478376,2.0,3.0,2.0,2.6,0.8,1.2,2.2,2.0,7.0,7.0,1
2024-11-10 14:00:00+00:00,Premier League,Manchester United FC,Leicester City FC,1494.342286984164,1481.8337133254784,67.50857365868569,1.0,1.4,0.8,1.6,1.4,2.0,1.4,1.0,6.0,7.0,2
2024-11-10 14:00:00+00:00,Ligue 1,OGC Nice,Lille OSC,1526.8219862299575,1535.3077037423388,46.51428248761863,1.8,1.8,1.0,1.4,0.6,0.6,2.0,2.0,7.0,4.0,1
2024-11-10 14:00:00+00:00,Premier League,Tottenham Hotspur FC,Ipswich Town FC,1512.6552031075164,1451.3042945110417,116.35090859647471,1.8,0.4,2.6,1.4,1.2,2.6,2.4,0.4,7.0,7.0,0
2024-11-10 14:00:00+00:00,Serie A,ACF Fiorentina,Hellas Verona FC,1547.7557840628656,1470.7234390879696,132.03234497489598,3.0,1.2,3.0,1.2,0.4,2.6,2.2,0.6,7.0,6.0,2
2024-11-10 14:00:00+00:00,Serie A,AS Roma,Bologna FC 1909,1503.417905949459,1484.7984650899784,73.61944085948062,0.8,1.4,1.0,1.0,2.0,1.0,1.8,1.4,6.0,4.0,0
2024-11-10 14:00:00+00:00,Premier League,Nottingham Forest FC,Newcastle United FC,1537.1820838667109,1511.4520583708902,80.73002549582066,2.0,1.0,1.6,0.6,0.6,0.8,1.6,1.0,7.0,8.0,0
2024-11-10 14:30:00+00:00,Bundesliga,FC Augsburg,TSG 1899 Hoffenheim,1491.8683119561601,1475.5705076277102,71.29780432844996,1.4,1.0,1.2,1.4,2.0,1.6,2.0,0.5,8.0,8.0,1
2024-11-10 15:00:00+00:00,Championship,Burnley FC,Swansea City AFC,1532.989722347883,1496.6088453157631,91.38087703211977,1.2,1.4,0.6,0.6,0.4,0.6,1.8,1.4,2.0,4.0,2
2024-11-10 15:15:00+00:00,Primera Division,RCD Mallorca,Club Atlético de Madrid,1498.792365508897,1544.1727528211345,9.619612687762583,1.4,1.8,0.8,1.6,0.8,1.2,1.6,1.4,8.0,3.0,0
2024-11-10 15:30:00+00:00,Primeira Liga,CF Estrela da Amadora,CD Nacional,1454.588330770778,1480.843447064196,28.74488370658196,0.8,0.8,1.0,0.4,2.4,1.0,1.0,0.4,8.0,5.0,2
2024-11-10 15:45:00+00:00,Eredivisie,AZ,Willem II Tilburg,1506.3754529113617,1481.2262851716755,80.14916773968616,0.2,0.8,1.2,0.2,2.0,0.8,1.4,1.0,7.0,8.0,0
2024-11-10 16:00:00+00:00,Ligue 1,Stade Rennais FC 1901,Toulouse FC,1483.3302200406401,1485.2104221493066,53.11979789133352,0.8,1.4,0.8,1.4,2.0,1.0,2.0,1.0,7.0,7.0,0
2024-11-10 16:00:00+00:00,Ligue 1,Le Havre AC,Stade de Reims,1462.1442648855946,1496.8364111048131,20.307853780781443,0.6,1.2,0.2,1.8,2.0,1.6,1.2,1.4,7.0,7.0,0
2024-11-10 16:00:00+00:00,Ligue 1,Montpellier HSC,Stade Brestois 29,1434.041477688561,1512.3886612390434,-23.34718355048244,0.0,1.6,0.6,1.2,3.0,1.0,0.8,1.8,7.0,3.0,2
2024-11-10 16:30:00+00:00,Premier League,Chelsea FC,Arsenal FC,1526.036467510947,1532.2663278611255,48.77013964982143,1.6,0.8,1.8,0.6,1.4,1.2,1.6,0.4,7.0,3.0,1
2024-11-10 16:30:00+00:00,Bundesliga,VfB Stuttgart,Eintracht Frankfurt,1503.3618332626877,1528.6500816348025,29.711751627885178,1.4,1.6,0.6,3.2,1.4,2.0,1.6,1.4,3.0,8.0,0
2024-11-10 16:30:00+00:00,Primeira Liga,CD Santa Clara,Vitória SC,1513.4890428302506,1528.1636264117901,40.32541641846046,1.8,1.2,0.8,1.2,0.8,1.6,2.4,1.6,5.0,6.0,2
2024-11-10 17:00:00+00:00,Serie A,AC Monza,SS Lazio,1459.7871085718186,1532.4656422561434,-17.678533684324748,1.0,2.4,1.2,2.4,1.2,0.8,0.6,1.2,7.0,5.0,0
2024-11-10 17:30:00+00:00,Primera Division,Getafe CF,Girona FC,1465.1415084489129,1477.712036903901,42.42947154501189,1.2,1.2,1.0,1.2,0.8,1.8,1.4,0.2,5.0,4.0,0
2024-11-10 17:30:00+00:00,Primera Division,Real Valladolid CF,Athletic Club,1442.0337184152838,1509.0452199717954,-12.011501556511575,0.6,1.2,1.2,1.4,1.8,1.0,0.4,1.4,8.0,6.0,1
2024-11-10 18:30:00+00:00,Bundesliga,1. FC Heidenheim 1846,VfL Wolfsburg,1475.8353384360341,1476.3792909340239,54.45604750201028,0.8,1.2,0.8,1.6,1.0,1.6,1.0,1.75,8.0,8.0,0
2024-11-10 18:45:00+00:00,Primeira Liga,Sporting Clube de Braga,Sporting Clube de Portugal,1535.8682325149937,1612.918204253685,-22.049971738691283,2.4,3.0,2.4,3.2,0.6,0.4,2.0,2.6,7.0,4.0,0
2024-11-10 19:45:00+00:00,Ligue 1,Olympique Lyonnais,AS Saint-Étienne,1516.1414324391562,1477.8101326954843,93.33129974367193,2.2,1.4,2.2,1.8,0.8,1.8,1.4,0.2,8.0,7.0,2
2024-11-10 19:45:00+00:00,Serie A,FC Internazionale Milano,SSC Napoli,1582.6053448347122,1553.905148207686,83.70019662702634,2.6,2.4,2.0,1.4,0.8,0.8,2.6,2.0,3.0,7.0,1
2024-11-10 20:00:00+00:00,Primera Division,Real Sociedad de Fútbol,FC Barcelona,1496.7480997716389,1604.1819865937214,-52.43388682208251,2.0,3.0,1.4,4.2,0.6,1.0,0.8,2.4,7.0,4.0,2
2024-11-10 20:45:00+00:00,Primeira Liga,Sport Lisboa e Benfica,FC Porto,1553.2558819444644,1569.051097636195,39.20478430826938,1.8,3.0,2.4,3.6,1.0,0.2,2.4,2.25,4.0,7.0,2
2024-11-13 23:00:00+00:00,Campeonato Brasileiro Série A,CR Flamengo,CA Mineiro,1553.7529807871804,1489.5782129427164,119.17476784446399,2.0,1.0,1.6,1.2,1.0,1.6,2.0,0.8,6.0,6.0,1
2024-11-16 21:30:00+00:00,Campeonato Brasileiro Série A,CA Paranaense,CA Mineiro,1439.8427182355395,1496.2131884775458,-1.3704702420063768,0.6,1.0,1.4,0.8,2.0,1.2,0.8,0.4,6.0,2.0,2
2024-11-20 14:00:00+00:00,Campeonato Brasileiro Série A,SC Corinthians Paulista,Cruzeiro EC,1498.494760228131,1485.8648359507476,67.62992427738345,2.6,0.8,2.4,0.6,1.0,1.4,2.6,0.4,10.0,10.0,2
2024-11-20 19:30:00+00:00,Campeonato Brasileiro Série A,Criciúma EC,EC Vitória,1454.2937094910105,1472.9034206509527,36.39028884005779,1.0,2.0,1.0,1.6,1.2,1.2,1.6,1.4,10.0,11.0,0
2024-11-20 19:30:00+00:00,Campeonato Brasileiro Série A,CA Paranaense,AC Goianiense,1449.8821633353305,1406.895667130679,97.98649620465153,1.2,1.0,1.2,0.4,1.0,1.0,1.4,0.0,3.0,10.0,2
2024-11-20 19:30:00+00:00,Campeonato Brasileiro Série A,RB Bragantino,São Paulo FC,1459.3527886947495,1551.781835190266,-37.42904649551656,0.6,2.0,0.0,1.8,0.4,0.8,0.8,1.4,10.0,10.0,1
2024-11-20 21:00:00+00:00,Campeonato Brasileiro Série A,EC Bahia,SE Palmeiras,1488.6173083074884,1587.1913021351704,-43.57399382768199,0.2,1.6,0.8,1.6,2.2,1.4,1.4,2.0,10.0,11.0,0
2024-11-20 22:00:00+00:00,Campeonato Brasileiro Série A,Cuiabá EC,CR Flamengo,1444.0030967004877,1547.118005252351,-48.11490855186321,0.6,1.6,0.0,1.2,0.4,1.0,1.6,1.4,11.0,6.0,0
2024-11-20 22:00:00+00:00,Campeonato Brasileiro Série A,Grêmio FBPA,EC Juventude,1488.1165381266558,1460.6131134056143,82.50342472104148,0.8,0.8,1.2,1.6,1.4,2.8,1.8,0.4,11.0,11.0,1
2024-11-21 00:30:00+00:00,Campeonato Brasileiro Série A,CA Mineiro,Botafogo FR,1486.1737433777548,1596.0277444198753,-54.854001042120444,0.4,2.2,0.4,1.2,1.2,0.2,1.4,2.0,4.0,11.0,1
2024-11-21 23:00:00+00:00,Campeonato Brasileiro Série A,CR Vasco da Gama,SC Internacional,1496.6615223498081,1576.9670241046513,-25.305501754843135,1.2,2.6,0.8,1.8,2.2,0.4,2.0,2.2,12.0,13.0,0
2024-11-22 18:00:00+00:00,Ligue 1,AS Monaco FC,Stade Brestois 29,1559.0577444172397,1501.7176849400466,112.34005947719311,1.8,1.4,2.0,1.2,1.0,1.4,2.0,1.8,13.0,12.0,2
2024-11-22 19:30:00+00:00,Bundesliga,FC Bayern München,FC Augsburg,1573.2506535839175,1486.5111918471464,141.7394617367711,2.4,1.6,2.2,1.2,0.8,1.2,2.6,0.25,13.0,12.0,2
2024-11-22 20:00:00+00:00,Ligue 1,Paris Saint-Germain FC,Toulouse FC,1569.41467006554,1496.7275300722874,127.68713999325246,2.0,2.0,2.0,1.6,1.0,0.6,2.0,1.4,13.0,12.0,2
2024-11-22 20:00:00+00:00,Championship,Plymouth Argyle FC,Watford FC,1479.8279419260246,1514.7724043770722,20.055537548952316,1.0,1.8,1.0,1.8,1.6,1.0,2.6,0.6,13.0,14.0,1
2024-11-22 20:00:00+00:00,Primera Division,Getafe CF,Real Valladolid CF,1453.9263250701051,1439.0459662170326,69.8803588530725,0.6,0.8,0.6,1.2,1.0,1.6,1.2,0.6,12.0,12.0,2
2024-11-23 00:30:00+00:00,Campeonato Brasileiro Série A,Fluminense FC,Fortaleza EC,1463.2111531358562,1585.8302680124198,-67.61911487656357,1.4,1.6,1.2,2.0,1.2,1.2,2.0,1.0,14.0,13.0,1
2024-11-23 12:30:00+00:00,Premier League,Leicester City FC,Chelsea FC,1473.7526769662938,1521.30856435128,7.444112615013864,1.4,1.2,1.2,1.2,1.8,1.2,1.0,2.0,12.0,12.0,0
2024-11-23 12:30:00+00:00,Championship,Bristol City FC,Burnley FC,1517.9346607033622,1540.4185855352173,32.51607516814488,1.6,1.2,1.6,0.4,1.0,0.4,1.2,1.2,13.0,12.0,0
2024-11-23 12:30:00+00:00,Championship,Coventry City FC,Sheffield United FC,1490.7130553393938,1570.5892857803333,-24.87623044093948,1.6,2.4,2.0,1.4,1.4,0.4,1.2,1.4,13.0,13.0,1
2024-11-23 12:30:00+00:00,Championship,Sheffield Wednesday FC,Cardiff City FC,1482.6421265956537,1476.8558927678923,60.78623382776141,1.4,1.4,1.2,1.0,1.6,1.0,1.4,0.4,13.0,14.0,1
2024-11-23 13:00:00+00:00,Primera Division,Valencia CF,Real Betis Balompié,1458.0941643874191,1519.671251703766,-6.577087316346933,0.6,1.6,0.6,1.2,1.4,1.0,1.0,1.0,26.0,13.0,2
2024-11-23 14:00:00+00:00,Serie A,Hellas Verona FC,FC Internazionale Milano,1464.3506842958384,1576.9084743866213,-57.55779009078287,0.6,2.2,1.0,2.0,3.0,1.0,1.2,2.6,13.0,12.0,0
2024-11-23 14:30:00+00:00,Bundesliga,Borussia Dortmund,SC Freiburg,1524.2538518777123,1516.6222272981734,62.63162457953899,1.2,1.6,1.4,1.0,2.2,0.8,3.0,1.4,14.0,14.0,2
2024-11-23 14:30:00+00:00,Bundesliga,Bayer 04 Leverkusen,1. FC Heidenheim 1846,1540.8028987421962,1464.2806774643004,131.52222127789582,0.8,0.2,0.8,0.6,1.6,1.6,2.2,1.2,14.0,12.0,2
2024-11-23 14:30:00+00:00,Bundesliga,VfB Stuttgart,VfL Bochum 1848,1492.5087389134244,1424.8304021018716,122.67833681155275,1.4,0.2,1.0,1.0,1.2,3.8,1.0,0.0,12.0,14.0,2
2024-11-23 14:30:00+00:00,Bundesliga,TSG 1899 Hoffenheim,RB Leipzig,1480.927627736724,1505.5739434646866,30.3536842720373,1.2,0.8,0.8,1.0,0.8,1.4,1.2,1.4,13.0,13.0,2
2024-11-23 14:30:00+00:00,Bundesliga,VfL Wolfsburg,1. FC Union Berlin,1487.9339519057576,1516.4467032262257,26.48724867953183,1.6,1.6,1.8,1.0,1.4,1.0,0.4,1.0,12.0,14.0,2
2024-11-23 15:00:00+00:00,Premier League,AFC Bournemouth,Brighton & Hove Albion FC,1507.5123865883868,1521.5484396684913,40.963946919895534,1.4,2.0,1.4,1.8,1.2,1.4,2.0,1.4,14.0,13.0,0
2024-11-23 15:00:00+00:00,Premier League,Fulham FC,Wolverhampton Wanderers FC,1524.4763351974045,1452.899748176584,126.57658702082063,1.4,1.0,1.6,2.0,1.6,2.2,2.0,0.4,14.0,14.0,0
2024-11-23 15:00:00+00:00,Premier League,Aston Villa FC,Crystal Palace FC,1526.3631447365035,1455.698965633403,125.66417910310042,0.8,0.8,0.8,0.6,1.6,1.2,2.2,0.4,13.0,14.0,1
2024-11-23 15:00:00+00:00,Premier League,Everton FC,Brentford FC,1475.309419463457,1494.8169262103656,35.492493253091425,1.2,1.8,0.6,2.8,0.4,2.4,1.0,0.0,14.0,14.0,1
2024-11-23 15:00:00+00:00,Championship,Queens Park Rangers FC,Stoke City FC,1444.1183615612067,1487.837892000711,11.280469560495703,0.6,1.6,0.4,1.4,1.4,1.2,0.4,0.8,14.0,14.0,1
2024-11-23 15:00:00+00:00,Championship,Preston North End FC,Derby County FC,1474.726156459841,1492.282890393186,37.443266066654814,0.6,1.2,1.4,1.2,2.2,1.2,1.6,1.0,14.0,14.0,1
2024-11-23 15:00:00+00:00,Championship,Oxford United FC,Middlesbrough FC,1476.1670068863664,1513.7671535990703,17.399853287296082,0.8,2.0,0.6,2.6,1.2,1.6,1.2,1.4,14.0,14.0,0
2024-11-23 15:00:00+00:00,Championship,Millwall FC,Sunderland AFC,1529.838563254015,1555.2960838756612,29.542479378353846,2.6,1.8,1.0,1.2,0.2,0.6,2.6,1.6,14.0,14.0,1
2024-11-23 15:00:00+00:00,Championship,Luton Town FC,Hull City AFC,1463.6690215052793,1464.7095543479677,53.959467157311565,0.8,0.6,1.2,0.8,2.2,1.2,1.6,1.4,14.0,13.0,2
2024-11-23 15:00:00+00:00,Championship,West Bromwich Albion FC,Norwich City FC,1527.2220387483183,1485.011591276125,97.21044747219321,1.4,0.4,0.6,1.2,0.4,2.2,1.2,1.0,13.0,14.0,1
2024-11-23 15:00:00+00:00,Premier League,Arsenal FC,Nottingham Forest FC,1536.9942310207925,1524.899420944369,67.09481007642353,1.0,2.0,0.8,1.8,1.0,1.0,2.6,2.2,12.0,13.0,2
2024-11-23 15:15:00+00:00,Primera Division,Club Atlético de Madrid,Deportivo Alavés,1554.44955680216,1463.0693308345571,146.38022596760288,1.8,0.6,1.2,0.6,1.0,2.0,2.0,0.0,13.0,14.0,2
2024-11-23 15:30:00+00:00,Eredivisie,Go Ahead Eagles,Almere City FC,1489.1752439716247,1440.0603159069356,104.11492806468914,1.0,0.8,1.8,0.8,2.2,1.8,1.6,0.4,13.0,13.0,2
2024-11-23 16:00:00+00:00,Ligue 1,Racing Club de Lens,Olympique de Marseille,1521.235197899098,1517.274765988464,58.96043191063404,1.4,1.4,1.4,1.8,1.4,1.6,1.6,2.4,13.0,14.0,0
2024-11-23 17:00:00+00:00,Serie A,AC Milan,Juventus FC,1527.8451804733427,1554.475661574233,28.369518899109607,2.0,1.8,2.0,2.2,1.4,1.4,1.8,2.2,14.0,13.0,1
2024-11-23 17:30:00+00:00,Premier League,Manchester City FC,Tottenham Hotspur FC,1544.6770851873891,1499.426171460096,100.25091372729321,1.2,1.2,1.8,2.2,1.6,1.6,2.2,0.8,14.0,13.0,0
2024-11-23 17:30:00+00:00,Bundesliga,Eintracht Frankfurt,SV Werder Bremen,1539.5031759840658,1506.1629243064835,88.34025167758227,1.6,1.4,3.0,1.8,2.0,2.0,2.5,2.0,13.0,14.0,2
2024-11-23 17:30:00+00:00,Primera Division,Girona FC,RCD Espanyol de Barcelona,1488.9272202827087,1462.4771804633463,81.45003981936247,1.8,0.6,1.4,0.8,1.6,2.2,1.8,0.2,13.0,20.0,2
2024-11-23 17:30:00+00:00,Primera Division,UD Las Palmas,RCD Mallorca,1463.727633131521,1488.5155615278716,30.21207160364952,1.8,0.8,1.4,0.4,1.2,0.8,1.0,1.8,14.0,13.0,0
2024-11-23 17:45:00+00:00,Eredivisie,Feyenoord Rotterdam,SC Heerenveen,1559.8027264374143,1478.1017375052763,136.700988932138,1.8,1.4,2.0,0.8,1.6,1.4,1.8,0.0,13.0,13.0,2
2024-11-23 17:45:00+00:00,Eredivisie,Heracles Almelo,RKC Waalwijk,1472.6037751397475,1419.40941394983,108.19436118991757,0.6,0.8,1.2,1.4,2.8,2.4,1.6,0.0,14.0,13.0,1
2024-11-23 18:00:00+00:00,Ligue 1,AS Saint-Étienne,Montpellier HSC,1470.4336199565876,1444.7124539875576,80.72116596902993,1.2,0.6,1.4,1.0,1.6,2.8,1.8,0.0,12.0,13.0,2
2024-11-23 19:45:00+00:00,Serie A,Parma Calcio 1913,Atalanta BC,1487.5545265076883,1561.1011971550029,-18.546670647314613,1.2,3.0,1.2,3.0,1.2,0.4,0.8,2.6,14.0,13.0,0
2024-11-23 20:00:00+00:00,Primera Division,RC Celta de Vigo,FC Barcelona,1489.8475003242065,1592.6841721441906,-47.836671819984076,1.4,2.4,1.0,3.2,1.4,1.0,1.4,1.8,13.0,13.0,1
2024-11-23 20:00:00+00:00,Ligue 1,Stade de Reims,Olympique Lyonnais,1507.420253377502,1523.517945178053,38.90230819944895,1.2,2.2,1.8,2.0,1.4,0.6,1.4,1.6,13.0,13.0,1
2024-11-23 20:00:00+00:00,Eredivisie,Fortuna Sittard,FC Twente '65,1505.7516476968751,1528.1540303522029,32.597617344672244,2.0,1.6,1.2,2.2,0.6,1.2,1.8,1.4,14.0,13.0,0
2024-11-23 20:00:00+00:00,Eredivisie,PSV,FC Groningen,1586.5295793761104,1467.3349426159743,174.19463676013606,2.0,0.6,3.2,0.4,0.8,2.2,2.6,0.2,14.0,14.0,2
2024-11-23 22:30:00+00:00,Campeonato Brasileiro Série A,AC Goianiense,SE Palmeiras,1399.6434753453027,1595.943676306113,-141.30020096081034,1.0,2.0,0.4,2.0,1.0,1.6,1.6,2.0,3.0,3.0,0
2024-11-23 22:30:00+00:00,Campeonato Brasileiro Série A,Botafogo FR,EC Vitória,1597.7952415931259,1483.9470039716866,168.84823762143924,1.8,2.4,1.0,1.4,0.2,0.8,1.8,2.0,2.0,3.0,1
2024-11-23 22:30:00+00:00,Campeonato Brasileiro Série A,EC Juventude,Cuiabá EC,1466.2774358713855,1435.3791693928183,85.89826647856717,0.8,0.4,1.8,0.2,3.0,0.8,1.4,0.6,3.0,3.0,1
2024-11-24 00:30:00+00:00,Campeonato Brasileiro Série A,São Paulo FC,CA Mineiro,1554.04202227354,1484.4062462045042,124.63577606903573,2.2,0.4,2.0,0.2,0.6,1.0,2.4,0.4,3.0,3.0,1
2024-11-24 11:15:00+00:00,Eredivisie,NEC,FC Utrecht,1487.3288105399508,1570.425729592404,-28.09691905245313,1.8,2.4,2.4,1.8,0.4,1.0,2.0,2.6,14.0,15.0,0
2024-11-24 11:30:00+00:00,Serie A,Genoa CFC,Cagliari Calcio,1450.7605350882718,1458.9871538348693,46.773381253402476,1.0,0.8,0.8,1.4,1.4,2.2,0.6,0.8,16.0,14.0,1
2024-11-24 13:00:00+00:00,Primera Division,CA Osasuna,Villarreal CF,1518.1929067219849,1538.3033796096038,34.889527112381074,1.4,2.0,1.0,1.8,1.4,1.0,2.4,2.0,15.0,14.0,1
2024-11-24 13:30:00+00:00,Eredivisie,Willem II Tilburg,NAC Breda,1493.4930947507828,1482.736293642559,65.75680110822373,1.4,1.8,0.6,1.4,0.6,1.4,0.8,0.6,13.0,14.0,1
2024-11-24 13:30:00+00:00,Eredivisie,Sparta Rotterdam,AZ,1459.9781973696067,1494.1086433322544,20.869554037352373,0.2,0.2,0.8,1.2,2.2,2.0,0.6,1.4,14.0,13.0,0
2024-11-24 14:00:00+00:00,Serie A,Como 1907,ACF Fiorentina,1468.6591108681787,1554.1285388549968,-30.46942798681812,0.4,3.0,0.6,3.2,1.8,0.4,1.25,2.0,16.0,14.0,0
2024-11-24 14:00:00+00:00,Premier League,Southampton FC,Liverpool FC,1429.6133060499346,1605.1038495084636,-120.49054345852892,0.6,2.6,0.8,2.2,1.8,0.6,0.8,2.6,14.0,14.0,0
2024-11-24 14:00:00+00:00,Serie A,Torino FC,AC Monza,1482.3643617559942,1450.2954989962334,87.0688627597608,0.6,0.8,0.6,1.0,1.4,1.2,1.4,1.0,14.0,13.0,1
2024-11-24 14:00:00+00:00,Ligue 1,Lille OSC,Stade Rennais FC 1901,1539.971884060772,1471.8131121176593,123.1587719431127,1.8,0.8,1.8,0.6,1.0,1.8,1.8,0.2,14.0,13.0,2
2024-11-24 14:30:00+00:00,Bundesliga,Holstein Kiel,1. FSV Mainz 05,1455.688466352481,1499.4896000258575,11.198866326623602,0.8,1.6,1.0,1.4,1.6,0.8,0.6,2.0,15.0,15.0,0
2024-11-24 15:00:00+00:00,Championship,Swansea City AFC,Leeds United FC,1489.1799821284287,1557.6346307003862,-13.454648571957478,1.4,2.0,0.6,1.4,0.6,0.4,1.6,1.2,14.0,15.0,0
2024-11-24 15:15:00+00:00,Primera Division,Sevilla FC,Rayo Vallecano de Madrid,1491.6253705975312,1495.7577282874136,50.86764231011762,1.2,1.4,0.8,1.0,1.6,1.2,1.8,1.0,14.0,15.0,2
2024-11-24 15:45:00+00:00,Eredivisie,AFC Ajax,PEC Zwolle,1572.3955733600442,1486.5661402883425,140.82943307170171,2.6,1.0,2.4,1.4,1.4,2.4,3.0,0.6,14.0,14.0,2
2024-11-24 16:00:00+00:00,Ligue 1,FC Nantes,Le Havre AC,1469.70937147128,1451.5604226129058,73.1489488583743,0.2,0.6,1.0,0.2,2.2,2.0,1.0,0.6,14.0,14.0,0
2024-11-24 16:00:00+00:00,Ligue 1,AJ Auxerre,Angers SCO,1509.3611466628663,1484.773522881105,79.5876237817613,2.0,1.6,2.4,1.8,1.4,1.6,2.4,1.2,15.0,14.0,2
2024-11-24 16:30:00+00:00,Premier League,Ipswich Town FC,Manchester United FC,1464.5333261584622,1502.4233233433486,17.110002815113603,0.8,1.6,1.4,1.4,2.4,0.8,0.6,1.0,14.0,14.0,1
2024-11-24 16:30:00+00:00,Bundesliga,Borussia Mönchengladbach,FC St. Pauli 1910,1508.9437889370263,1462.0287381567691,101.91505078025716,1.6,0.8,1.8,0.6,1.2,1.2,1.8,1.2,14.0,15.0,2
2024-11-24 17:00:00+00:00,Serie A,SSC Napoli,AS Roma,1559.6020186557769,1491.3301214421053,123.27189721367154,2.0,0.6,1.0,1.2,0.8,2.4,2.4,0.6,13.0,14.0,2
2024-11-24 17:30:00+00:00,Primera Division,CD Leganés,Real Madrid CF,1490.3645888983717,1560.697967866787,-15.333378968415218,1.4,1.8,1.6,2.4,1.4,2.0,1.4,1.6,14.0,15.0,0
2024-11-24 19:00:00+00:00,Campeonato Brasileiro Série A,SC Corinthians Paulista,CR Vasco da Gama,1506.5724326791797,1487.388588010802,74.18384466837756,3.0,1.2,2.4,0.8,0.8,1.8,2.6,0.4,4.0,2.0,2
2024-11-24 19:00:00+00:00,Campeonato Brasileiro Série A,EC Bahia,CA Paranaense,1479.8649341365458,1457.1343551207067,77.73057901583911,0.2,1.8,1.0,1.6,2.2,0.8,1.2,0.2,3.0,3.0,1
2024-11-24 19:00:00+00:00,Campeonato Brasileiro Série A,SC Internacional,RB Bragantino,1586.2399584436573,1457.0926016114756,184.14735683218169,2.6,0.6,1.8,0.2,0.4,0.6,2.6,0.4,2.0,3.0,2
2024-11-24 19:45:00+00:00,Serie A,SS Lazio,Bologna FC 1909,1541.9572518317286,1496.8862495973322,100.07100223439647,2.4,1.8,2.2,1.2,0.6,1.0,2.6,1.4,14.0,14.0,2
2024-11-24 19:45:00+00:00,Ligue 1,OGC Nice,RC Strasbourg Alsace,1522.1578059115243,1488.8835043731683,88.27430153835599,1.8,0.8,1.4,1.6,1.0,2.4,1.8,0.4,14.0,15.0,2
2024-11-24 20:00:00+00:00,Primera Division,Athletic Club,Real Sociedad de Fútbol,1512.0329721700466,1508.2459142211696,58.787057948876964,1.2,2.0,1.4,1.0,1.0,0.6,1.6,1.6,14.0,14.0,2
2024-11-25 17:30:00+00:00,Serie A,Empoli FC,Udinese Calcio,1499.2250190934217,1489.897480691246,64.3275384021756,1.0,0.6,0.6,1.0,1.2,1.6,1.0,0.6,16.0,15.0,1
2024-11-25 19:45:00+00:00,Serie A,Venezia FC,US Lecce,1457.9529887106248,1454.4871378850937,58.465850825531106,0.8,0.8,1.2,0.4,1.8,1.8,1.2,0.2,16.0,17.0,0
2024-11-25 20:00:00+00:00,Premier League,Newcastle United FC,West Ham United FC,1523.734721293232,1484.3718738639645,94.3628474292675,1.4,1.4,1.0,1.4,0.8,1.8,2.0,1.0,15.0,16.0,0
2024-11-26 17:45:00+00:00,UEFA Champions League,AC Sparta Praha,Club Atlético de Madrid,1494.3605459065595,1560.4691703564597,-11.108624449900162,1.0,2.4,1.25,1.4,2.0,0.6,1.5,1.4,19.0,3.0,0
2024-11-26 17:45:00+00:00,UEFA Champions League,ŠK Slovan Bratislava,AC Milan,1461.8116900225405,1523.6971166507647,-6.885426628224195,0.0,1.6,0.5,1.4,3.75,1.2,0.0,1.4,21.0,3.0,0
2024-11-26 19:45:00+00:00,Championship,Hull City AFC,Sheffield Wednesday FC,1456.2502649492715,1477.5768602876697,33.67340466160181,0.4,1.4,0.6,1.4,1.2,1.8,1.0,1.4,3.0,3.0,0
2024-11-26 19:45:00+00:00,Championship,Norwich City FC,Plymouth Argyle FC,1491.0720702030485,1475.9180041155946,70.15406608745388,0.4,1.2,1.2,1.4,2.2,1.8,1.6,0.2,3.0,3.0,2
2024-11-26 19:45:00+00:00,Championship,Sheffield United FC,Oxford United FC,1573.2078446583826,1465.6666171217735,162.54122753660909,2.6,0.6,1.8,0.8,0.6,2.2,3.0,0.4,3.0,3.0,2
2024-11-26 19:45:00+00:00,Championship,Stoke City FC,Preston North End FC,1491.4957893079584,1470.3192723194222,76.17651698853615,1.6,0.6,1.2,1.2,1.0,2.0,1.8,0.6,3.0,3.0,1
2024-11-26 19:45:00+00:00,Championship,Watford FC,Bristol City FC,1518.6823421875022,1507.0014957267167,66.68084646078546,2.0,1.4,2.0,1.2,1.0,0.8,2.6,2.2,3.0,3.0,2
2024-11-26 19:45:00+00:00,Championship,Burnley FC,Coventry City FC,1551.3517505118627,1488.0944964613445,118.25725405051821,1.6,1.6,0.4,2.2,0.2,1.6,2.2,1.0,3.0,3.0,2
2024-11-26 20:00:00+00:00,UEFA Champions League,BSC Young Boys,Atalanta BC,1464.5892882940298,1570.5678875391807,-50.97859924515092,0.0,3.0,0.25,2.4,2.75,0.4,0.0,3.0,20.0,3.0,0
2024-11-26 20:00:00+00:00,UEFA Champions League,Sporting Clube de Portugal,Arsenal FC,1622.2844057594843,1545.0867405274603,132.19766523202406,3.0,1.0,3.6,1.2,0.8,1.0,3.0,0.4,16.0,3.0,0
2024-11-26 20:00:00+00:00,UEFA Champions League,FC Barcelona,Stade Brestois 29,1594.6492903031092,1494.8429294768341,154.80636082627507,2.0,1.2,2.8,1.4,1.2,1.8,3.0,1.8,3.0,4.0,2
2024-11-26 20:00:00+00:00,UEFA Champions League,FC Bayern München,Paris Saint-Germain FC,1579.3832707159931,1575.8965244497304,58.4867462662628,3.0,2.4,2.6,2.4,0.0,0.8,2.6,1.6,4.0,4.0,2
2024-11-26 20:00:00+00:00,UEFA Champions League,FC Internazionale Milano,RB Leipzig,1585.2668188987034,1496.4453767441962,143.82144215450717,2.6,0.8,2.2,1.6,0.2,2.0,2.2,1.2,3.0,3.0,2
2024-11-26 20:00:00+00:00,Championship,Sunderland AFC,West Bromwich Albion FC,1559.4776747679227,1521.1615598213948,93.31611494652793,1.4,1.4,1.0,1.0,0.6,0.8,2.2,1.2,3.0,3.0,1
2024-11-26 20:00:00+00:00,UEFA Champions League,Bayer 04 Leverkusen,FC Red Bull Salzburg,1547.1884110914446,1482.7541667323153,119.43424435912925,1.2,0.75,1.6,0.75,1.8,2.5,2.2,1.5,3.0,20.0,2
2024-11-26 20:00:00+00:00,UEFA Champions League,Manchester City FC,Feyenoord Rotterdam,1531.8691313820727,1566.059359344762,20.809772037310722,0.6,1.8,0.8,2.2,2.4,1.6,2.0,3.0,3.0,3.0,1
2024-11-26 22:00:00+00:00,Campeonato Brasileiro Série A,Fluminense FC,Criciúma EC,1461.7998477270532,1443.2501261702766,73.5497215567766,1.0,0.4,1.2,0.6,1.6,1.4,1.6,0.8,3.0,6.0,1
2024-11-26 23:00:00+00:00,Campeonato Brasileiro Série A,Fortaleza EC,CR Flamengo,1587.2415734212227,1555.7419325600204,86.49964086120235,1.8,2.2,2.2,1.6,1.0,0.8,2.6,2.0,3.0,6.0,1
2024-11-27 00:30:00+00:00,Campeonato Brasileiro Série A,CA Mineiro,EC Juventude,1491.1805337622407,1460.5209240725694,85.65960968967124,0.6,1.0,0.4,1.4,0.8,2.2,1.6,0.6,3.0,3.0,0
2024-11-27 00:30:00+00:00,Campeonato Brasileiro Série A,SE Palmeiras,Botafogo FR,1602.0870506731196,1589.9516741586244,67.13537651449519,2.0,1.8,1.2,1.0,1.0,0.2,2.6,2.2,3.0,3.0,0
2024-11-27 17:45:00+00:00,UEFA Champions League,SK Sturm Graz,Girona FC,1463.907766616006,1496.6249228161412,22.28284379986485,0.0,1.8,0.25,1.8,1.5,1.8,0.0,0.8,21.0,4.0,2
2024-11-27 17:45:00+00:00,UEFA Champions League,FK Crvena Zvezda,VfB Stuttgart,1467.1472864088225,1499.1175495626103,23.029736846212245,0.0,1.4,1.0,1.2,4.0,1.2,0.0,1.0,20.0,4.0,2
2024-11-27 19:45:00+00:00,Championship,Cardiff City FC,Queens Park Rangers FC,1481.9211590758764,1440.4604642539593,96.46069482191706,1.0,0.6,0.8,0.4,1.2,1.4,2.4,0.4,4.0,4.0,0
2024-11-27 19:45:00+00:00,Championship,Middlesbrough FC,Blackburn Rovers FC,1524.2675433636632,1505.260297223995,74.00724613966827,2.0,0.8,3.6,0.6,2.0,1.2,1.8,0.8,4.0,18.0,0
2024-11-27 19:45:00+00:00,Championship,Leeds United FC,Luton Town FC,1567.2475682544605,1472.1283109039755,150.119257350485,2.0,1.4,1.8,1.2,0.8,1.8,3.0,0.6,3.0,4.0,2
2024-11-27 20:00:00+00:00,UEFA Champions League,Bologna FC 1909,Lille OSC,1489.6894327264183,1546.5684626659656,-1.8790299395473085,1.8,1.8,1.2,1.4,1.2,0.8,1.2,2.2,3.0,3.0,0
2024-11-27 20:00:00+00:00,UEFA Champions League,Aston Villa FC,Juventus FC,1519.5627886550783,1558.623725396811,15.939063258267197,0.4,1.8,0.8,1.4,2.0,0.6,1.8,1.8,4.0,4.0,1
2024-11-27 20:00:00+00:00,UEFA Champions League,AS Monaco FC,Sport Lisboa e Benfica,1565.9324998804523,1562.132242588848,58.80025729160434,1.8,1.8,1.6,2.4,1.2,1.2,2.0,2.0,5.0,16.0,0
2024-11-27 20:00:00+00:00,UEFA Champions League,GNK Dinamo Zagreb,Borussia Dortmund,1511.2064149388423,1532.4704453443467,33.7359695944956,1.75,1.8,2.5,1.8,3.0,1.2,1.0,0.0,22.0,4.0,0
2024-11-27 20:00:00+00:00,UEFA Champions League,PSV,FK Shakhtar Donetsk,1591.897620913375,1493.7352985820362,153.16232233133883,2.4,1.0,4.0,0.5,0.6,1.25,2.6,0.5,4.0,21.0,2
2024-11-27 20:00:00+00:00,Championship,Derby County FC,Swansea City AFC,1496.6897745336048,1479.5670445743544,72.12272995925036,1.2,1.2,1.2,1.2,1.2,1.4,1.6,0.8,4.0,3.0,0
2024-11-27 20:00:00+00:00,UEFA Champions League,Liverpool FC,Real Madrid CF,1611.7685068044693,1570.2569240503342,96.51158275413513,2.6,1.8,2.6,2.6,1.0,1.8,3.0,2.0,3.0,3.0,2
2024-11-27 20:00:00+00:00,UEFA Champions League,Celtic FC,Club Brugge KV,1514.9046231976588,1502.1803648783925,67.72425831926626,1.75,1.5,2.25,0.75,2.25,1.5,3.0,1.5,22.0,21.0,1
2024-11-28 00:00:00+00:00,Campeonato Brasileiro Série A,Cruzeiro EC,Grêmio FBPA,1477.787163499699,1482.4522156608846,50.334947838814514,0.8,1.0,0.8,1.4,1.6,1.4,1.0,0.4,7.0,7.0,1
2024-11-29 19:00:00+00:00,Eredivisie,SC Heerenveen,RKC Waalwijk,1471.8451045979286,1425.7599256072115,101.08517899071717,1.2,1.0,0.6,1.4,1.8,2.2,2.6,0.2,6.0,6.0,1
2024-11-29 19:30:00+00:00,Bundesliga,FC St. Pauli 1910,Holstein Kiel,1454.8807535339495,1445.3662486520893,64.51450488186015,0.8,0.6,0.6,0.6,1.0,1.8,0.4,0.4,5.0,5.0,2
2024-11-29 19:45:00+00:00,Serie A,Cagliari Calcio,Hellas Verona FC,1463.6586588038253,1455.9923397837563,62.66631902006907,0.4,0.6,1.2,1.0,2.2,3.4,0.8,0.0,5.0,6.0,2
2024-11-29 19:45:00+00:00,Ligue 1,Stade de Reims,Racing Club de Lens,1502.9718775711308,1509.554285384649,48.4175921864819,0.8,1.2,1.2,1.2,1.2,1.6,1.6,1.2,5.0,6.0,0
2024-11-29 20:00:00+00:00,Championship,Sheffield United FC,Sunderland AFC,1578.843391170986,1553.5212611507227,80.32213002026333,2.6,1.0,2.0,0.6,0.6,0.6,3.0,1.8,3.0,3.0,2
2024-11-29 20:00:00+00:00,Primera Division,RCD Mallorca,Valencia CF,1499.382949676211,1468.283445567863,86.0995041083479,1.4,1.0,0.8,1.4,0.8,1.8,1.4,0.4,6.0,6.0,2
2024-11-29 20:00:00+00:00,Premier League,Brighton & Hove Albion FC,Southampton FC,1532.7220436689931,1422.9486487539289,164.77339491506427,2.0,0.6,1.6,1.0,1.2,1.8,1.8,0.0,6.0,5.0,1
2024-11-29 20:15:00+00:00,Primeira Liga,SC Farense,CF Estrela da Amadora,1450.1562314526805,1463.7628690772042,41.39336237547627,1.0,1.4,0.6,1.4,1.0,2.2,0.6,0.2,20.0,19.0,2
2024-11-30 12:30:00+00:00,Championship,Watford FC,Queens Park Rangers FC,1526.78633560587,1453.1676234462357,128.61871215963424,2.0,1.0,2.0,0.8,1.0,1.4,3.0,0.8,3.0,2.0,1
2024-11-30 12:30:00+00:00,Championship,Oxford United FC,Millwall FC,1460.03107060917,1525.6569723617536,-10.625901752583559,0.6,2.2,0.8,1.0,2.4,0.4,1.0,1.2,3.0,6.0,1
2024-11-30 12:30:00+00:00,Championship,Middlesbrough FC,Hull City AFC,1512.1690859459848,1445.284089803051,121.88499614293369,1.8,0.2,3.0,0.4,1.6,1.4,1.2,0.8,2.0,3.0,2
2024-11-30 13:00:00+00:00,Primera Division,FC Barcelona,UD Las Palmas,1600.466795035596,1452.8602449831817,202.60655005241438,2.0,1.8,2.6,1.8,1.2,1.6,3.0,1.2,3.0,6.0,0
2024-11-30 13:30:00+00:00,Championship,Blackburn Rovers FC,Leeds United FC,1517.3587546416734,1573.1770040307417,-0.8182493890683418,1.2,2.4,0.8,2.4,1.2,0.8,1.4,1.2,2.0,2.0,2
2024-11-30 14:00:00+00:00,Serie A,Como 1907,AC Monza,1459.5338501251906,1456.0836989210354,58.45015120415519,0.2,0.4,0.4,0.6,2.0,1.4,1.0,1.0,6.0,6.0,1
2024-11-30 14:30:00+00:00,Bundesliga,RB Leipzig,VfL Wolfsburg,1490.3636027330822,1497.173061132708,48.19054160037422,0.2,1.6,1.0,1.4,2.0,1.2,1.4,2.0,3.0,7.0,0
2024-11-30 14:30:00+00:00,Bundesliga,SV Werder Bremen,VfB Stuttgart,1498.6521481347736,1489.7794295908093,63.87271854396431,1.4,0.8,1.8,1.0,2.0,2.0,1.0,1.0,6.0,2.0,1
2024-11-30 14:30:00+00:00,Bundesliga,SC Freiburg,Borussia Mönchengladbach,1508.405633831539,1516.091773559846,47.3138602716931,1.0,2.2,0.8,2.0,1.6,0.8,2.0,1.0,7.0,5.0,2
2024-11-30 14:30:00+00:00,Bundesliga,FC Augsburg,VfL Bochum 1848,1480.3785747150707,1418.2215914526857,117.15698326238498,1.0,0.2,0.8,0.8,1.6,3.6,2.0,0.0,7.0,7.0,2
2024-11-30 14:30:00+00:00,Bundesliga,1. FC Union Berlin,Bayer 04 Leverkusen,1507.2075939992753,1553.880116308409,8.327477690866317,1.0,1.6,0.6,2.2,1.0,1.4,2.2,0.8,7.0,3.0,0
2024-11-30 15:00:00+00:00,Championship,Coventry City FC,Cardiff City FC,1481.3725887271742,1469.2139998836,67.15858884357408,1.0,0.8,1.6,0.8,1.6,1.6,1.4,0.6,3.0,2.0,1
2024-11-30 15:00:00+00:00,Championship,Norwich City FC,Luton Town FC,1499.0798755078363,1466.1988751276942,87.88100038014204,0.8,1.4,1.8,0.8,1.8,1.8,1.6,0.0,3.0,2.0,2
2024-11-30 15:00:00+00:00,Championship,Preston North End FC,West Bromwich Albion FC,1475.810671418752,1527.1179734385948,3.6926979801571633,0.6,1.4,0.6,1.0,1.4,0.8,1.2,1.4,3.0,3.0,1
2024-11-30 15:00:00+00:00,Championship,Stoke City FC,Burnley FC,1486.0043902086286,1558.0736582460331,-17.069268037404527,1.8,2.0,1.2,0.8,0.6,0.2,1.4,1.6,3.0,3.0,0
2024-11-30 15:00:00+00:00,Championship,Swansea City AFC,Portsmouth FC,1491.6135911830174,1459.5248230144928,87.08876816852467,1.8,0.8,1.6,1.0,1.4,1.4,1.0,0.8,2.0,21.0,1
2024-11-30 15:00:00+00:00,Premier League,Brentford FC,Leicester City FC,1499.1682768143885,1463.5384509625203,90.62982585186819,1.4,0.8,1.8,1.2,1.8,2.2,2.6,1.0,7.0,7.0,2
2024-11-30 15:00:00+00:00,Premier League,Crystal Palace FC,Newcastle United FC,1462.4993217148283,1511.0836087941084,6.415712920719898,1.0,1.2,1.0,1.0,1.4,1.2,1.0,1.4,7.0,4.0,1
2024-11-30 15:00:00+00:00,Premier League,Nottingham Forest FC,Ipswich Town FC,1516.8069114377013,1460.7079250842694,111.09898635343188,1.8,1.0,1.6,1.4,1.4,1.8,1.4,1.0,7.0,5.0,2
2024-11-30 15:00:00+00:00,Premier League,Wolverhampton Wanderers FC,AFC Bournemouth,1466.3898544030485,1496.338782587885,25.051071815163596,1.6,1.4,2.2,1.6,1.4,1.4,0.8,0.8,7.0,7.0,0
2024-11-30 15:00:00+00:00,Championship,Bristol City FC,Plymouth Argyle FC,1498.897502308349,1467.9101988108068,85.98730349754214,1.2,1.0,1.2,1.0,1.0,2.4,0.6,0.2,3.0,3.0,2
2024-11-30 15:15:00+00:00,Primera Division,Deportivo Alavés,CD Leganés,1457.0497172802575,1480.8056327148245,31.244084565433013,0.6,1.2,0.8,1.6,1.8,2.0,1.8,0.4,7.0,5.0,1
2024-11-30 15:30:00+00:00,Eredivisie,NAC Breda,Almere City FC,1487.9399806087174,1432.9703929719624,109.96958763675502,1.4,0.8,1.6,0.8,1.8,2.2,1.8,0.4,6.0,7.0,2
2024-11-30 15:30:00+00:00,Primeira Liga,Rio Ave FC,Moreirense FC,1476.4799468743822,1503.6301265837033,27.849820290678963,1.0,1.8,1.0,1.4,2.4,1.0,1.8,0.6,20.0,21.0,2
2024-11-30 16:00:00+00:00,Ligue 1,Stade Rennais FC 1901,AS Saint-Étienne,1465.2165335124657,1478.1511987465499,42.06533476591585,0.8,1.2,0.4,1.0,1.6,1.4,1.4,0.2,6.0,6.0,2
2024-11-30 17:00:00+00:00,Serie A,AC Milan,Empoli FC,1533.498964082462,1494.0610608776908,94.43790320477115,2.2,1.2,2.0,0.8,1.2,1.2,2.0,1.2,3.0,4.0,2
2024-11-30 17:30:00+00:00,Premier League,West Ham United FC,Arsenal FC,1497.0229863630882,1558.718117276351,-6.695130913262801,1.4,1.4,1.0,1.8,1.6,0.8,1.4,0.8,4.0,3.0,0
2024-11-30 17:30:00+00:00,Bundesliga,Borussia Dortmund,FC Bayern München,1543.438404413006,1587.7156097813925,10.722794631613624,2.4,3.0,2.2,1.8,0.8,0.0,3.0,1.4,2.0,3.0,1
2024-11-30 17:30:00+00:00,Primera Division,RCD Espanyol de Barcelona,RC Celta de Vigo,1454.7794779299138,1487.882382165288,21.897095764625874,0.6,1.0,1.0,1.2,2.8,1.8,1.8,0.8,7.0,6.0,2
2024-11-30 17:45:00+00:00,Eredivisie,FC Groningen,Willem II Tilburg,1461.9669010787097,1488.2894077846245,28.677493294085252,0.6,1.0,0.2,0.8,2.6,1.0,1.0,1.4,6.0,6.0,2
2024-11-30 18:00:00+00:00,Primeira Liga,CD Nacional,Boavista FC,1471.6689087577697,1468.3849787965007,58.283929961268996,0.8,0.8,0.4,0.8,1.2,1.6,1.5,1.0,20.0,20.0,1
2024-11-30 18:00:00+00:00,Ligue 1,Stade Brestois 29,RC Strasbourg Alsace,1489.0254247443472,1481.370947536538,62.65447720780912,0.6,0.6,1.0,1.4,2.2,2.4,1.6,0.2,3.0,5.0,2
2024-11-30 19:00:00+00:00,Eredivisie,Feyenoord Rotterdam,Fortuna Sittard,1569.9909308516571,1494.8161562360865,130.17477461557064,2.0,1.4,2.8,1.2,1.8,1.0,1.8,0.4,3.0,6.0,1
2024-11-30 19:45:00+00:00,Serie A,Bologna FC 1909,Venezia FC,1479.7435150282265,1446.2859124749918,88.45760255323466,1.2,0.8,1.0,1.2,1.6,1.6,1.0,0.2,2.0,5.0,2
2024-11-30 20:00:00+00:00,Primera Division,Real Valladolid CF,Club Atlético de Madrid,1431.0305944611455,1570.1495473510267,-84.11895288988126,0.8,3.0,1.0,2.6,1.6,0.4,0.4,2.0,8.0,4.0,0
2024-11-30 20:00:00+00:00,Ligue 1,Paris Saint-Germain FC,FC Nantes,1567.564185384331,1457.634542199058,164.9296431852731,1.8,0.2,1.8,1.0,1.0,2.2,2.0,0.8,4.0,6.0,1
2024-11-30 20:00:00+00:00,Eredivisie,PEC Zwolle,Sparta Rotterdam,1480.4112254448835,1449.3782447075005,86.03298073738301,0.8,0.2,1.2,0.8,2.6,2.2,1.8,1.2,6.0,6.0,2
2024-11-30 20:30:00+00:00,Primeira Liga,Sporting Clube de Portugal,CD Santa Clara,1608.6530290105936,1522.33356797076,141.31946103983364,2.4,1.8,3.4,0.8,1.8,0.8,2.4,1.2,4.0,20.0,0
2024-11-30 22:30:00+00:00,Campeonato Brasileiro Série A,Cuiabá EC,EC Bahia,1441.1356811916344,1474.3309301105387,21.804751081095674,0.6,0.2,0.4,1.0,0.8,2.2,1.0,0.2,7.0,6.0,0
2024-11-30 22:30:00+00:00,Campeonato Brasileiro Série A,Criciúma EC,SC Corinthians Paulista,1448.669324715919,1514.4691166932273,-10.79979197730836,0.4,3.0,0.4,2.0,1.2,0.6,1.6,1.2,4.0,6.0,0
2024-12-01 00:30:00+00:00,Campeonato Brasileiro Série A,CR Vasco da Gama,AC Goianiense,1479.4919039967544,1393.5001009782961,140.9918030184583,0.6,0.8,0.8,0.4,2.4,1.2,1.4,0.0,6.0,7.0,1
2024-12-01 11:15:00+00:00,Eredivisie,FC Utrecht,PSV,1579.6187935731139,1597.754244326899,36.86454924621489,2.4,2.4,1.6,3.4,0.8,1.0,2.4,2.0,7.0,3.0,0
2024-12-01 11:30:00+00:00,Serie A,Udinese Calcio,Genoa CFC,1495.061438906977,1446.0890301193158,103.97240878766115,0.8,1.0,1.2,0.8,1.6,1.4,1.8,1.2,5.0,7.0,0
2024-12-01 13:00:00+00:00,Primera Division,Villarreal CF,Girona FC,1542.6375522930346,1487.2653966981068,110.37215559492779,1.6,1.8,1.6,1.8,1.2,1.8,2.0,0.8,7.0,3.0,1
2024-12-01 13:30:00+00:00,Eredivisie,FC Twente '65,Go Ahead Eagles,1539.0895218129915,1496.2651669065979,97.82435490639364,2.2,1.0,2.4,1.6,1.0,2.0,2.2,1.4,7.0,7.0,2
2024-12-01 13:30:00+00:00,Eredivisie,AZ,Heracles Almelo,1504.7085959943606,1466.253263482366,93.45533251199458,0.8,0.8,1.6,1.4,2.0,2.4,0.8,0.6,7.0,7.0,2
2024-12-01 13:30:00+00:00,Premier League,Tottenham Hotspur FC,Fulham FC,1512.2341252654123,1510.98622897094,56.24789629447241,1.8,1.4,2.6,1.4,1.0,1.8,1.8,1.6,7.0,7.0,1
2024-12-01 13:30:00+00:00,Premier League,Manchester United FC,Everton FC,1506.2487244175413,1470.9580688594342,90.29065555810712,1.6,1.2,1.6,0.6,1.0,0.4,1.4,1.0,6.0,7.0,2
2024-12-01 13:30:00+00:00,Premier League,Chelsea FC,Aston Villa FC,1531.5227903550535,1515.7710137759684,70.75177657908512,1.6,0.4,1.4,0.6,1.2,1.8,1.8,0.8,8.0,3.0,2
2024-12-01 14:00:00+00:00,Serie A,Parma Calcio 1913,SS Lazio,1478.0878361235104,1549.1540687026425,-16.06623257913202,1.0,3.0,1.2,2.8,1.6,0.4,0.2,1.8,7.0,6.0,2
2024-12-01 14:00:00+00:00,Serie A,Torino FC,SSC Napoli,1476.5761618311922,1566.195718725357,-34.619556894164816,0.8,2.0,0.4,1.0,1.0,0.8,1.0,2.2,7.0,6.0,0
2024-12-01 14:00:00+00:00,Ligue 1,Montpellier HSC,Lille OSC,1436.9948751975953,1556.5143803641574,-64.51950516656211,0.6,1.8,0.6,1.4,2.2,1.0,1.2,2.2,7.0,3.0,1
2024-12-01 14:30:00+00:00,Bundesliga,1. FSV Mainz 05,TSG 1899 Hoffenheim,1509.8118177262493,1490.0561944572144,74.75562326903491,1.6,1.6,1.4,1.4,0.8,1.2,0.8,0.6,7.0,8.0,2
2024-12-01 15:00:00+00:00,Championship,Derby County FC,Sheffield Wednesday FC,1484.6432279249418,1488.54303543389,51.10019249105176,1.0,1.4,1.2,1.4,1.4,1.6,1.0,2.0,3.0,4.0,0
2024-12-01 15:15:00+00:00,Primera Division,Real Madrid CF,Getafe CF,1562.9654405196025,1461.9416968259923,156.0237436936102,1.2,1.0,1.6,0.8,1.8,0.8,1.8,0.2,3.0,8.0,2
2024-12-01 15:30:00+00:00,Primeira Liga,GD Estoril Praia,FC Famalicão,1472.9460704840178,1510.4188706077698,17.527199876248005,0.8,1.2,0.8,0.8,1.8,1.2,1.6,1.6,22.0,21.0,2
2024-12-01 15:45:00+00:00,Eredivisie,NEC,AFC Ajax,1478.135746559241,1578.5504882035032,-45.41474164426222,1.8,2.6,2.6,2.0,0.6,0.8,1.4,2.2,7.0,7.0,0
2024-12-01 16:00:00+00:00,Ligue 1,Olympique Lyonnais,OGC Nice,1527.966320984424,1529.6703627481545,53.2959582362696,1.8,2.2,1.8,1.6,0.8,1.0,2.0,1.6,7.0,6.0,2
2024-12-01 16:00:00+00:00,Ligue 1,Toulouse FC,AJ Auxerre,1490.245675688097,1517.1096747242339,28.136000963863125,2.0,2.6,1.4,2.4,0.8,0.8,1.4,0.8,8.0,7.0,2
2024-12-01 16:00:00+00:00,Ligue 1,Le Havre AC,Angers SCO,1463.635251885128,1477.0249948197375,41.61025706539044,1.2,1.4,0.6,1.6,1.6,1.6,1.2,1.2,7.0,7.0,0
2024-12-01 16:00:00+00:00,Premier League,Liverpool FC,Manchester City FC,1619.059990335201,1527.9375598751776,146.12243046002345,3.0,0.2,2.6,1.2,0.6,3.0,3.0,1.2,3.0,4.0,2
2024-12-01 16:30:00+00:00,Bundesliga,1. FC Heidenheim 1846,Eintracht Frankfurt,1457.8951651150521,1547.0139521557758,-34.118787040723646,0.2,2.0,1.0,2.6,2.4,1.4,0.8,2.0,8.0,7.0,0
2024-12-01 17:30:00+00:00,Primera Division,Rayo Vallecano de Madrid,Athletic Club,1487.2114444685326,1520.3569091719883,21.854535296544327,1.2,1.8,0.8,1.4,1.2,0.6,1.6,1.6,7.0,6.0,0
2024-12-01 18:00:00+00:00,Primeira Liga,FC Arouca,Sport Lisboa e Benfica,1459.2946424090524,1573.8086748198614,-59.51403241080902,0.4,2.4,0.6,2.8,2.2,1.0,0.8,2.4,22.0,3.0,0
2024-12-01 19:00:00+00:00,Campeonato Brasileiro Série A,Grêmio FBPA,São Paulo FC,1487.2242536754075,1547.2677347158035,-5.0434810403960455,1.2,1.8,1.6,1.8,1.4,1.0,2.0,1.6,3.0,7.0,2
2024-12-01 19:00:00+00:00,Campeonato Brasileiro Série A,CR Flamengo,SC Internacional,1561.5147301123652,1591.3860046070151,25.128725505350076,1.8,2.6,0.8,2.0,0.4,0.4,1.6,2.2,4.0,7.0,2
2024-12-01 19:45:00+00:00,Serie A,US Lecce,Juventus FC,1466.1542141207267,1562.415500275921,-41.261286155194284,1.4,1.8,0.6,1.0,0.6,0.2,1.6,1.4,6.0,3.0,1
2024-12-01 19:45:00+00:00,Ligue 1,Olympique de Marseille,AS Monaco FC,1528.955678502913,1554.2560676494388,29.69961085347427,1.8,1.8,2.2,1.8,1.6,1.4,1.0,2.0,8.0,3.0,2
2024-12-01 20:00:00+00:00,Primera Division,Real Sociedad de Fútbol,Real Betis Balompié,1499.921977219228,1509.4819705233222,45.44000669590582,1.8,1.6,0.8,1.6,0.6,1.6,1.4,1.0,7.0,8.0,2
2024-12-01 20:30:00+00:00,Primeira Liga,AVS,Sporting Clube de Braga,1473.0495542783865,1526.5020310091943,1.5475232691921974,0.6,1.8,0.6,2.2,1.8,1.4,1.4,2.0,22.0,21.0,0
2024-12-01 21:30:00+00:00,Campeonato Brasileiro Série A,EC Vitória,Fortaleza EC,1491.790571406188,1581.4687758688779,-34.67820446268979,2.0,1.8,1.4,2.0,1.0,0.8,1.8,1.2,7.0,4.0,2
2024-12-01 21:30:00+00:00,Campeonato Brasileiro Série A,CA Paranaense,Fluminense FC,1462.6683591467138,1456.380649181411,61.28770996530284,1.4,0.6,1.2,1.0,1.0,1.6,1.8,0.6,7.0,4.0,1
2024-12-01 21:30:00+00:00,Campeonato Brasileiro Série A,RB Bragantino,Cruzeiro EC,1451.9465554481178,1473.0151254851762,33.93142996294159,0.6,0.8,0.4,0.8,1.2,1.6,0.8,0.2,7.0,3.0,1
2024-12-02 18:45:00+00:00,Primeira Liga,Vitória SC,Gil Vicente FC,1519.3191012712807,1472.2817983922012,102.03730287907956,1.2,0.6,1.2,1.6,1.2,2.4,2.0,0.4,22.0,23.0,2
2024-12-02 19:45:00+00:00,Serie A,AS Roma,Atalanta BC,1484.7364213725252,1579.1110453959823,-39.374624023457045,0.6,3.0,1.2,3.2,2.4,0.6,1.8,3.0,8.0,5.0,0
2024-12-02 20:00:00+00:00,Primera Division,Sevilla FC,CA Osasuna,1500.1716544164121,1513.858734038554,41.31292037785806,1.2,1.4,0.8,1.2,1.6,1.6,2.4,1.0,8.0,8.0,1
2024-12-02 20:45:00+00:00,Primeira Liga,FC Porto,Casa Pia AC,1560.1747369918114,1491.2345786087226,123.94015838308883,2.4,1.2,3.2,1.0,1.0,1.2,3.0,1.0,22.0,23.0,2
2024-12-03 18:00:00+00:00,Primera Division,RCD Mallorca,FC Barcelona,1506.954319991117,1585.2172942576765,-23.262974266559468,1.4,1.4,1.0,2.2,1.0,1.4,2.0,2.0,3.0,3.0,0
2024-12-03 19:30:00+00:00,Premier League,Ipswich Town FC,Crystal Palace FC,1453.8009017000925,1458.9813503059256,49.819551394166865,1.0,1.2,1.4,1.2,1.6,1.4,0.8,0.6,3.0,3.0,0
2024-12-03 20:15:00+00:00,Premier League,Leicester City FC,West Ham United FC,1456.089388633293,1487.2156638721328,23.873724761160247,0.2,1.4,0.8,1.2,2.6,1.8,0.8,1.0,3.0,3.0,2
2024-12-03 23:00:00+00:00,Campeonato Brasileiro Série A,SC Corinthians Paulista,EC Bahia,1524.15837377003,1484.9576986256423,94.20067514438779,3.0,0.8,2.6,1.0,1.0,1.8,2.6,0.8,3.0,3.0,2
2024-12-04 19:00:00+00:00,Eredivisie,AFC Ajax,FC Utrecht,1587.2507410197065,1568.5617105329886,73.68903048671791,2.6,1.8,2.2,1.8,1.0,1.8,3.0,3.0,3.0,3.0,1
2024-12-04 19:30:00+00:00,Premier League,Everton FC,Wolverhampton Wanderers FC,1463.4998774017936,1455.6700734993426,62.829803902450976,0.6,1.6,0.2,2.4,1.2,1.8,1.2,1.0,3.0,4.0,2
2024-12-04 19:30:00+00:00,Premier League,Newcastle United FC,Liverpool FC,1514.601580203011,1625.0858501060889,-55.4842699030778,1.4,3.0,1.2,2.6,1.2,0.4,1.4,2.6,4.0,3.0,1
2024-12-04 19:30:00+00:00,Premier League,Southampton FC,Chelsea FC,1430.698298328831,1539.5140806244087,-53.81578229557772,0.8,2.2,0.8,1.8,1.4,0.8,0.8,2.0,4.0,3.0,0
2024-12-04 19:30:00+00:00,Premier League,Manchester City FC,Nottingham Forest FC,1521.9117001042898,1523.7139348218782,53.19776528241164,0.2,1.8,1.0,1.6,3.0,1.4,2.0,1.6,3.0,4.0,2
2024-12-04 20:00:00+00:00,Primera Division,Athletic Club,Real Madrid CF,1530.9851049501622,1568.7540780622228,17.23102688793938,1.8,1.8,1.0,2.0,0.6,1.0,2.2,1.4,3.0,3.0,2
2024-12-04 20:15:00+00:00,Premier League,Arsenal FC,Manchester United FC,1568.5254397673064,1513.706915875182,109.8185238921244,2.0,1.6,2.8,2.0,1.0,0.8,2.6,1.2,4.0,3.0,2
2024-12-04 20:15:00+00:00,Premier League,Aston Villa FC,Brentford FC,1507.7797235066132,1506.6173391436157,56.1623843629975,0.4,2.0,0.4,2.4,1.6,1.6,1.4,0.2,3.0,4.0,2
2024-12-04 22:00:00+00:00,Campeonato Brasileiro Série A,CR Vasco da Gama,CA Mineiro,1472.3095037846072,1478.76382212763,48.545681656977195,0.2,0.6,0.6,0.8,2.4,1.2,1.6,0.6,3.0,7.0,2
2024-12-04 23:00:00+00:00,Campeonato Brasileiro Série A,São Paulo FC,EC Juventude,1537.1225818580929,1472.93763570718,119.18494615091277,1.6,1.6,1.8,1.6,1.2,1.8,2.0,1.0,3.0,7.0,0
2024-12-04 23:00:00+00:00,Campeonato Brasileiro Série A,EC Vitória,Grêmio FBPA,1502.7853889613616,1497.369406533118,60.415982428243524,2.0,1.2,1.4,1.4,0.8,1.4,2.4,0.4,3.0,3.0,1
2024-12-04 23:00:00+00:00,Campeonato Brasileiro Série A,Criciúma EC,CR Flamengo,1438.9800676391162,1570.7927257710614,-76.81265813194523,0.2,2.2,0.6,1.2,1.8,0.6,1.0,2.2,4.0,3.0,0
2024-12-05 00:30:00+00:00,Campeonato Brasileiro Série A,AC Goianiense,Fortaleza EC,1400.6825011904434,1570.4739583137043,-114.7914571232609,1.0,1.6,0.6,1.6,1.0,0.8,1.6,1.0,4.0,3.0,2
2024-12-05 00:30:00+00:00,Campeonato Brasileiro Série A,Cruzeiro EC,SE Palmeiras,1477.321990674092,1590.1784350921173,-57.856444418025376,1.0,1.8,1.0,1.0,1.2,1.2,1.2,2.0,3.0,8.0,0
2024-12-05 00:30:00+00:00,Campeonato Brasileiro Série A,SC Internacional,Botafogo FR,1582.108008948319,1601.8602897396268,35.24771920869216,2.4,1.8,2.2,1.4,0.8,0.4,2.6,2.6,3.0,8.0,0
2024-12-05 19:30:00+00:00,Premier League,Fulham FC,Brighton & Hove Albion FC,1515.9245095472106,1524.972394094091,45.95211545311963,1.6,1.6,1.4,1.6,1.4,1.4,1.4,1.4,4.0,5.0,2
2024-12-05 20:15:00+00:00,Primeira Liga,Moreirense FC,Sporting Clube de Portugal,1494.4299964345585,1594.7959314895863,-45.365935055027876,1.8,1.8,1.6,2.8,1.2,2.0,2.2,2.6,5.0,4.0,2
2024-12-05 20:15:00+00:00,Premier League,AFC Bournemouth,Tottenham Hotspur FC,1507.0585634915908,1507.2958446891416,54.76271880244917,1.4,1.4,2.0,2.0,1.8,1.0,1.8,1.2,5.0,4.0,2
2024-12-05 23:00:00+00:00,Campeonato Brasileiro Série A,Fluminense FC,Cuiabá EC,1461.4599126737387,1430.5089126765308,85.95099999720787,0.8,0.6,1.0,0.6,1.4,1.0,1.8,0.8,4.0,5.0,2
2024-12-05 23:00:00+00:00,Campeonato Brasileiro Série A,CA Paranaense,RB Bragantino,1457.589095654386,1447.639690259202,64.94940539518393,1.6,0.8,1.2,0.6,0.8,1.2,2.0,0.4,4.0,4.0,0
2024-12-06 17:30:00+00:00,Serie A,FC Internazionale Milano,Parma Calcio 1913,1591.3485929098174,1488.5499301424666,157.79866276735083,2.6,1.4,1.8,1.6,0.2,1.6,2.2,1.4,9.0,5.0,2
2024-12-06 18:00:00+00:00,Ligue 1,Lille OSC,Stade Brestois 29,1558.0117492694935,1497.2413813869805,115.77036788251303,1.8,1.2,1.6,1.6,1.2,2.2,2.2,1.2,5.0,6.0,2
2024-12-06 19:00:00+00:00,Eredivisie,PSV,FC Twente '65,1608.8113273670242,1546.346028588562,117.46529877846228,3.0,2.6,4.0,2.6,0.8,1.0,3.0,2.0,5.0,5.0,2
2024-12-06 19:30:00+00:00,Bundesliga,VfB Stuttgart,1. FC Union Berlin,1494.9307327094161,1496.9679558120818,52.96277689733438,0.8,0.4,1.4,0.4,2.4,1.4,1.4,0.8,6.0,6.0,2
2024-12-06 19:45:00+00:00,Serie A,Atalanta BC,AC Milan,1587.9825796448927,1540.8458432525028,102.13673639238982,3.0,2.2,3.0,2.4,0.6,1.2,2.6,2.0,4.0,6.0,2
2024-12-06 20:00:00+00:00,Primera Division,RC Celta de Vigo,RCD Mallorca,1478.5117980886362,1497.6228834247895,35.88891466384666,1.0,1.2,1.2,1.2,2.0,2.0,1.0,1.8,6.0,3.0,2
2024-12-06 20:00:00+00:00,Championship,Burnley FC,Middlesbrough FC,1567.5827601142255,1518.7981204318996,103.78463968232586,2.6,2.4,1.2,3.6,0.0,1.2,2.2,2.0,6.0,6.0,1
2024-12-06 20:00:00+00:00,Ligue 1,AJ Auxerre,Paris Saint-Germain FC,1507.917728276679,1559.8109164663022,3.1068118103769393,2.0,1.4,2.0,1.8,1.0,1.2,2.4,1.4,5.0,6.0,1
2024-12-06 20:15:00+00:00,Primeira Liga,Sporting Clube de Braga,GD Estoril Praia,1536.5465720147747,1482.442024634793,109.1045473799818,1.8,1.4,1.6,1.2,1.4,1.4,1.8,0.4,4.0,5.0,1
2024-12-07 12:30:00+00:00,Championship,Leeds United FC,Derby County FC,1563.1534529637138,1473.182960499571,144.9704924641428,1.8,1.0,1.8,1.2,1.0,1.4,3.0,1.2,6.0,5.0,2
2024-12-07 12:30:00+00:00,Championship,Sheffield Wednesday FC,Preston North End FC,1500.0033028592607,1472.3710576958058,82.63224516345485,2.0,0.8,1.4,0.6,0.6,1.0,1.0,0.6,5.0,6.0,1
2024-12-07 12:30:00+00:00,Championship,Sunderland AFC,Stoke City FC,1545.7927926472817,1476.4952883404362,124.29750430684544,0.8,1.2,0.6,0.8,0.8,0.8,1.8,1.0,7.0,6.0,2
2024-12-07 13:00:00+00:00,Primera Division,UD Las Palmas,Real Valladolid CF,1468.1097457611013,1423.405507798688,99.70423796241334,1.8,0.2,1.6,0.4,1.4,2.2,0.8,0.6,7.0,6.0,2
2024-12-07 14:00:00+00:00,Serie A,Genoa CFC,Torino FC,1458.9953520845488,1467.5693080512224,46.426044033326434,1.6,0.2,1.2,0.2,0.8,1.2,0.6,0.6,6.0,6.0,1
2024-12-07 14:30:00+00:00,Bundesliga,Bayer 04 Leverkusen,FC St. Pauli 1910,1564.1197544956026,1463.0449281748847,156.07482632071788,2.0,1.4,2.6,1.0,1.6,0.8,2.2,1.2,7.0,7.0,2
2024-12-07 14:30:00+00:00,Bundesliga,Holstein Kiel,RB Leipzig,1437.202074011154,1478.9853944317792,13.21667957937484,0.6,0.2,0.8,1.0,2.0,2.6,0.6,0.6,7.0,7.0,0
2024-12-07 14:30:00+00:00,Bundesliga,VfL Bochum 1848,SV Werder Bremen,1411.4713891455972,1493.5008450161667,-27.029455870569564,0.2,1.0,0.6,1.4,3.2,2.0,0.4,1.8,7.0,7.0,0
2024-12-07 14:30:00+00:00,Bundesliga,Eintracht Frankfurt,FC Augsburg,1556.0350791197884,1487.1287770221593,123.90630209762912,2.6,1.6,3.2,0.8,1.0,1.0,2.6,0.2,5.0,7.0,1
2024-12-07 14:30:00+00:00,Bundesliga,FC Bayern München,1. FC Heidenheim 1846,1591.3574720009087,1448.8740381510395,197.48343384986924,2.6,0.2,1.4,0.6,0.2,2.6,3.0,0.6,6.0,5.0,2
2024-12-07 15:00:00+00:00,Premier League,Crystal Palace FC,Manchester City FC,1470.4055246454932,1530.3923998242378,-4.98687517874464,1.2,0.8,1.2,1.4,1.4,2.2,1.0,0.6,3.0,2.0,1
2024-12-07 15:00:00+00:00,Championship,Luton Town FC,Swansea City AFC,1458.6756956050872,1485.8248528685726,27.85084273651455,1.2,1.4,1.0,1.6,2.4,1.6,2.0,1.4,7.0,7.0,1
2024-12-07 15:00:00+00:00,Championship,Hull City AFC,Blackburn Rovers FC,1438.6550553171362,1527.3823057087013,-33.72725039156512,0.0,1.8,0.4,1.0,1.8,1.0,0.4,1.2,7.0,7.0,0
2024-12-07 15:00:00+00:00,Premier League,Brentford FC,Newcastle United FC,1498.2198884584102,1512.8517738023902,40.36811465602,1.4,1.6,1.8,1.6,1.6,1.4,2.6,1.0,2.0,2.0,2
2024-12-07 15:00:00+00:00,Championship,Queens Park Rangers FC,Norwich City FC,1460.0425742860702,1506.6030550304433,8.43951925562692,1.0,1.4,0.8,2.4,1.4,1.8,0.6,0.6,7.0,7.0,2
2024-12-07 15:00:00+00:00,Championship,Portsmouth FC,Bristol City FC,1465.3135613289376,1506.4719117772545,13.841649551683076,1.0,1.2,1.4,1.4,1.4,0.8,1.0,2.0,7.0,7.0,2
2024-12-07 15:00:00+00:00,Championship,Millwall FC,Coventry City FC,1528.6845629793786,1476.1299960543138,107.55456692506482,1.8,0.6,1.0,1.4,0.6,2.0,2.2,1.0,7.0,7.0,0
2024-12-07 15:00:00+00:00,Premier League,Aston Villa FC,Southampton FC,1516.1771741918187,1422.2349712603514,148.94220293146736,1.0,0.8,1.0,1.0,1.6,2.2,1.8,0.2,2.0,2.0,2
2024-12-07 15:15:00+00:00,Primera Division,Real Betis Balompié,FC Barcelona,1500.782432602327,1594.548730824004,-38.76629822167706,1.0,1.4,1.2,2.2,1.8,1.2,2.0,2.0,5.0,3.0,1
2024-12-07 15:30:00+00:00,Eredivisie,Go Ahead Eagles,NEC,1489.0086601310275,1469.4354937430376,74.57316638798989,1.0,1.2,1.8,2.2,1.6,1.0,1.6,1.2,6.0,5.0,2
2024-12-07 15:30:00+00:00,Primeira Liga,Gil Vicente FC,CD Nacional,1465.137045932518,1466.6735902173004,53.463455715217606,0.6,1.0,1.4,0.4,2.2,0.6,1.6,0.2,4.0,6.0,2
2024-12-07 16:00:00+00:00,Ligue 1,AS Monaco FC,Toulouse FC,1545.1088151012073,1499.4376221356517,100.67119296555552,1.8,2.4,2.0,1.6,1.6,0.6,1.4,1.2,5.0,6.0,2
2024-12-07 17:00:00+00:00,Serie A,Juventus FC,Bologna FC 1909,1564.5667902221476,1487.2511231225903,132.31566709955723,1.4,1.2,0.8,1.4,0.4,1.6,1.6,1.4,5.0,6.0,1
2024-12-07 17:30:00+00:00,Premier League,Manchester United FC,Nottingham Forest FC,1506.76652563861,1515.2332351019302,46.533290536679715,1.6,1.2,1.8,1.0,0.8,1.8,2.0,1.0,2.0,2.0,0
2024-12-07 17:30:00+00:00,Primera Division,Valencia CF,Rayo Vallecano de Madrid,1460.712075252957,1476.5832486903587,39.128826562598306,1.0,0.6,1.6,0.6,1.6,1.4,1.6,0.8,7.0,6.0,0
2024-12-07 17:30:00+00:00,Bundesliga,Borussia Mönchengladbach,Borussia Dortmund,1507.4452196740576,1539.7965421934898,22.648677480567812,1.6,2.0,1.6,2.0,1.0,0.8,2.4,0.6,7.0,7.0,1
2024-12-07 17:45:00+00:00,Eredivisie,Sparta Rotterdam,NAC Breda,1441.8050725457374,1494.8764304277847,1.928642117952677,0.0,1.4,0.4,1.4,2.0,1.6,0.4,0.8,6.0,7.0,0
2024-12-07 18:00:00+00:00,Ligue 1,OGC Nice,Le Havre AC,1521.1924238930903,1452.4433058269603,123.74911806613,2.0,1.2,1.6,0.6,1.6,1.0,2.2,0.6,6.0,6.0,2
2024-12-07 18:00:00+00:00,Primeira Liga,Sport Lisboa e Benfica,Vitória SC,1582.112282768393,1526.4638537309638,110.6484290374292,2.4,1.6,2.2,1.8,1.0,1.0,2.4,1.0,6.0,4.0,2
2024-12-07 18:00:00+00:00,Primeira Liga,CD Santa Clara,Rio Ave FC,1536.1906654917673,1485.680077023527,105.51058846824026,1.8,1.6,0.8,1.6,0.8,2.0,3.0,0.6,6.0,7.0,2
2024-12-07 19:00:00+00:00,Eredivisie,RKC Waalwijk,Feyenoord Rotterdam,1431.9233166264544,1563.0768728944095,-76.15355626795508,1.0,1.6,1.2,2.4,2.0,1.6,0.8,2.6,8.0,7.0,0
2024-12-07 19:45:00+00:00,Serie A,AS Roma,US Lecce,1475.8648871236148,1464.0029241745,66.86196294911474,0.6,1.6,1.0,0.8,1.8,0.6,1.2,0.6,5.0,6.0,2
2024-12-07 20:00:00+00:00,Ligue 1,Angers SCO,Olympique Lyonnais,1488.216940877905,1536.4442598394883,6.772681038416749,1.8,1.8,1.6,1.8,1.4,1.0,0.8,1.8,6.0,6.0,0
2024-12-07 20:00:00+00:00,Primera Division,Girona FC,Real Madrid CF,1493.6727758552581,1559.2496206619405,-10.576844806682402,1.4,1.8,1.4,2.0,1.6,0.8,2.4,1.2,6.0,3.0,0
2024-12-07 20:00:00+00:00,Eredivisie,Heracles Almelo,Fortuna Sittard,1458.88007467363,1501.7302141933342,12.149860480295729,0.8,1.4,0.8,1.4,1.8,1.2,1.6,0.6,6.0,7.0,1
2024-12-07 20:30:00+00:00,Primeira Liga,FC Famalicão,FC Porto,1500.9229164569947,1566.7514458216208,-10.828529364626093,1.0,2.4,1.0,2.8,1.6,1.0,1.2,1.8,6.0,4.0,1
2024-12-08 11:15:00+00:00,Eredivisie,FC Groningen,PEC Zwolle,1471.1433658514104,1487.9843976066466,38.158968244763855,1.2,1.4,0.6,1.2,2.4,2.2,1.4,0.6,7.0,7.0,1
2024-12-08 11:30:00+00:00,Serie A,ACF Fiorentina,Cagliari Calcio,1563.2537995979849,1471.8742854618354,146.3795141361495,3.0,1.0,2.4,1.4,0.4,1.8,2.6,1.0,13.0,8.0,2
2024-12-08 13:00:00+00:00,Primera Division,CD Leganés,Real Sociedad de Fútbol,1485.0358267575164,1508.6215151402232,31.41431161729315,1.4,1.8,1.6,1.0,1.6,0.6,1.4,1.4,7.0,6.0,0
2024-12-08 13:30:00+00:00,Eredivisie,AZ,AFC Ajax,1512.0817848030968,1581.8277076141599,-14.74592281106311,1.4,2.2,1.6,2.2,1.6,1.4,0.8,2.6,7.0,3.0,2
2024-12-08 13:30:00+00:00,Eredivisie,Willem II Tilburg,SC Heerenveen,1479.1129430119238,1465.6817135786857,68.43122943323806,0.8,1.4,0.8,0.8,1.4,1.4,1.0,0.0,7.0,8.0,0
2024-12-08 14:00:00+00:00,Ligue 1,Racing Club de Lens,Montpellier HSC,1520.9389040184992,1435.4975062922592,140.44139772623998,1.2,0.8,1.2,1.0,1.6,1.6,1.0,0.0,8.0,7.0,2
2024-12-08 14:00:00+00:00,Serie A,Hellas Verona FC,Empoli FC,1447.7767131257463,1486.71418170765,16.06253141809634,0.6,1.0,0.8,0.6,2.4,1.6,1.2,1.0,8.0,7.0,0
2024-12-08 14:00:00+00:00,Premier League,Leicester City FC,Brighton & Hove Albion FC,1465.4033270350794,1516.287343782822,4.115983252257365,0.8,1.4,1.2,1.4,2.2,1.6,1.4,1.2,4.0,2.0,1
2024-12-08 14:00:00+00:00,Premier League,Ipswich Town FC,AFC Bournemouth,1442.376727360525,1515.495290333331,-18.118562972806103,1.0,1.8,0.8,2.0,1.0,1.6,0.6,0.8,4.0,2.0,0
2024-12-08 14:00:00+00:00,Premier League,Fulham FC,Arsenal FC,1524.6095598584795,1575.4658300038784,4.143729854601133,2.0,2.6,1.8,3.2,1.4,0.8,1.8,1.4,2.0,3.0,1
2024-12-08 14:30:00+00:00,Bundesliga,VfL Wolfsburg,1. FSV Mainz 05,1508.551269434011,1517.6927781385205,45.85849129549047,2.2,2.2,2.0,1.8,0.6,0.4,1.0,2.2,8.0,7.0,2
2024-12-08 15:00:00+00:00,Championship,West Bromwich Albion FC,Sheffield United FC,1530.557587161541,1586.571859674427,-1.0142725128860093,1.4,2.6,1.0,1.8,0.8,0.6,0.8,1.4,8.0,8.0,1
2024-12-08 15:15:00+00:00,Primera Division,Athletic Club,Villarreal CF,1540.4895623504444,1536.2301731358832,59.259389214561224,2.2,1.8,1.4,2.0,0.8,1.2,2.2,2.0,3.0,7.0,2
2024-12-08 15:30:00+00:00,Primeira Liga,Boavista FC,SC Farense,1473.38029733697,1458.9704398899764,69.40985744699356,1.0,1.4,0.8,0.8,1.4,1.0,0.2,0.4,7.0,8.0,1
2024-12-08 15:45:00+00:00,Eredivisie,Almere City FC,FC Utrecht,1426.033943152895,1573.9847439385353,-92.95080078564024,0.6,2.0,0.4,2.2,2.0,1.8,0.8,2.6,8.0,3.0,0
2024-12-08 16:00:00+00:00,Ligue 1,RC Strasbourg Alsace,Stade de Reims,1473.1549908939048,1491.5872589372805,36.56773195662436,0.6,0.8,1.2,1.0,2.2,1.2,1.6,1.8,7.0,8.0,1
2024-12-08 16:00:00+00:00,Ligue 1,FC Nantes,Stade Rennais FC 1901,1465.3878111170868,1474.0116773787383,46.37613373834847,0.2,1.2,1.0,1.2,2.2,1.4,0.4,0.2,7.0,8.0,2
2024-12-08 16:30:00+00:00,Premier League,Tottenham Hotspur FC,Chelsea FC,1498.8591178474014,1547.9774076928884,5.88171015451303,1.4,2.2,2.0,2.4,1.0,0.8,2.0,2.0,2.0,3.0,0
2024-12-08 16:30:00+00:00,Bundesliga,TSG 1899 Hoffenheim,SC Freiburg,1482.1752340449432,1517.0521877173273,20.12304632761584,1.0,1.0,0.8,0.8,1.4,1.6,1.2,1.4,7.0,8.0,1
2024-12-08 17:00:00+00:00,Serie A,Venezia FC,Como 1907,1438.778304380628,1454.5338798728062,39.244424507821805,0.6,0.4,0.8,0.6,1.8,2.0,1.2,0.8,7.0,8.0,1
2024-12-08 17:30:00+00:00,Primera Division,CA Osasuna,Deportivo Alavés,1518.3755761207178,1452.8195232375656,120.55605288315223,1.6,0.8,1.2,0.6,1.4,1.4,2.0,0.0,5.0,8.0,1
2024-12-08 18:00:00+00:00,Primeira Liga,Casa Pia AC,AVS,1484.6578697789132,1463.005013272806,76.65285650610713,1.0,0.4,0.8,0.6,1.4,2.0,1.6,0.4,5.0,6.0,1
2024-12-08 19:00:00+00:00,Campeonato Brasileiro Série A,CA Mineiro,CA Paranaense,1470.1520566075776,1445.7411775072708,79.41087910030683,0.4,1.6,0.8,1.2,1.6,0.8,1.0,0.2,3.0,2.0,2
2024-12-08 19:00:00+00:00,Campeonato Brasileiro Série A,SE Palmeiras,Fluminense FC,1598.5284164879106,1469.035305589793,184.4931108981175,2.4,1.2,1.4,0.8,1.0,1.0,2.0,0.8,3.0,2.0,0
2024-12-08 19:00:00+00:00,Campeonato Brasileiro Série A,EC Juventude,Cruzeiro EC,1486.239538926778,1468.9720092782986,72.26752964847947,2.2,1.0,2.0,1.2,1.4,1.4,1.0,0.4,3.0,3.0,0
2024-12-08 19:00:00+00:00,Campeonato Brasileiro Série A,Grêmio FBPA,SC Corinthians Paulista,1502.4243339021364,1531.511601437182,25.912732464954388,1.2,3.0,1.2,2.8,1.2,1.0,2.0,1.8,3.0,4.0,0
2024-12-08 19:00:00+00:00,Campeonato Brasileiro Série A,Fortaleza EC,SC Internacional,1557.2851894113899,1571.0969643266876,41.18822508470225,1.0,1.8,1.2,1.8,1.4,1.0,2.2,1.6,3.0,3.0,2
2024-12-08 19:00:00+00:00,Campeonato Brasileiro Série A,CR Flamengo,EC Vitória,1578.6172100298127,1497.7304615923433,135.88674843746935,2.2,1.6,1.6,1.2,0.6,0.8,2.0,1.6,3.0,3.0,1
2024-12-08 19:00:00+00:00,Campeonato Brasileiro Série A,Cuiabá EC,CR Vasco da Gama,1422.9335197604764,1480.9212693046595,-2.987749544183089,0.4,0.8,0.6,1.0,1.2,1.8,0.8,0.2,2.0,3.0,0
2024-12-08 19:00:00+00:00,Campeonato Brasileiro Série A,EC Bahia,AC Goianiense,1477.6044709584903,1413.8712700927579,118.73320086573244,0.8,1.0,1.0,1.0,1.8,1.2,0.8,0.2,4.0,3.0,2
2024-12-08 19:00:00+00:00,Campeonato Brasileiro Série A,RB Bragantino,Criciúma EC,1459.4876084063173,1431.155583380365,83.33202502595236,1.2,0.2,1.0,0.6,1.4,2.0,0.8,0.4,2.0,3.0,2
2024-12-08 19:00:00+00:00,Campeonato Brasileiro Série A,Botafogo FR,São Paulo FC,1612.871334361258,1523.8206786384949,144.05065572276317,1.8,1.0,1.0,1.4,0.4,1.6,1.4,1.0,3.0,3.0,2
2024-12-08 19:45:00+00:00,Serie A,SSC Napoli,SS Lazio,1575.2025725053268,1538.6919746836863,91.51059782164043,2.0,2.4,1.0,2.4,0.8,1.0,2.4,1.8,7.0,7.0,0
2024-12-08 19:45:00+00:00,Ligue 1,AS Saint-Étienne,Olympique de Marseille,1469.3560548802773,1538.1029310511447,-13.746876170867381,1.2,1.8,1.0,1.6,2.0,1.8,2.4,2.4,8.0,7.0,0
2024-12-08 20:00:00+00:00,Primera Division,Club Atlético de Madrid,Sevilla FC,1577.7746340134843,1495.6548123342484,137.11982167923588,3.0,1.4,3.2,0.8,0.4,0.8,2.0,0.8,8.0,6.0,2
2024-12-09 19:45:00+00:00,Serie A,AC Monza,Udinese Calcio,1461.0836691734198,1482.155116941744,33.928552231675894,0.4,0.2,0.4,0.8,1.2,2.0,0.4,0.2,9.0,8.0,0
2024-12-09 20:00:00+00:00,Primera Division,Getafe CF,RCD Espanyol de Barcelona,1456.153059283372,1464.1500620065656,47.002997276806354,0.8,0.6,0.6,1.2,1.0,2.8,1.6,0.0,8.0,9.0,2
2024-12-09 20:00:00+00:00,Premier League,West Ham United FC,Wolverhampton Wanderers FC,1477.9017254703465,1447.4590021099737,85.44272336037284,0.8,1.4,1.0,2.0,2.2,2.2,1.4,0.8,5.0,5.0,2
2024-12-09 20:15:00+00:00,Primeira Liga,CF Estrela da Amadora,FC Arouca,1454.9486606399082,1450.9910344605207,58.95762617938749,0.8,0.4,1.0,0.6,2.2,1.8,1.6,0.8,10.0,8.0,2
2024-12-10 17:45:00+00:00,UEFA Champions League,Girona FC,Liverpool FC,1483.9771079123739,1626.8356565067097,-87.85854859433584,1.4,2.6,1.4,2.4,1.4,1.0,1.8,2.2,2.0,5.0,0
2024-12-10 17:45:00+00:00,UEFA Champions League,GNK Dinamo Zagreb,Celtic FC,1500.2384558701829,1509.6463476341112,45.59210823607168,1.4,1.6,2.0,2.0,3.0,2.0,0.5,0.5,12.0,12.0,1
2024-12-10 19:45:00+00:00,Championship,Portsmouth FC,Norwich City FC,1474.9153772713519,1496.8459161561814,33.0694611151705,1.6,1.4,1.8,2.4,1.0,2.0,1.6,0.4,3.0,3.0,1
2024-12-10 19:45:00+00:00,Championship,Burnley FC,Derby County FC,1561.3480535254312,1467.1291450556532,149.21890846977794,2.6,0.4,1.4,0.8,0.2,1.6,1.8,1.0,3.0,3.0,1
2024-12-10 19:45:00+00:00,Championship,Luton Town FC,Stoke City FC,1454.5424631808291,1469.927656234445,39.61480694638408,0.8,0.6,1.0,0.6,2.6,1.2,1.6,1.0,3.0,3.0,2
2024-12-10 19:45:00+00:00,Championship,Plymouth Argyle FC,Swansea City AFC,1460.3357893419013,1489.9580852928307,25.377704049070644,1.0,1.0,1.0,1.6,2.6,1.8,2.2,1.6,10.0,3.0,0
2024-12-10 19:45:00+00:00,Championship,Sheffield Wednesday FC,Blackburn Rovers FC,1494.3354744072833,1536.4145952481338,12.920879159149536,1.6,2.4,1.2,1.2,0.8,0.6,1.2,1.8,3.0,3.0,0
2024-12-10 19:45:00+00:00,Championship,Sunderland AFC,Bristol City FC,1552.3604247532728,1496.8700958348402,110.49032891843262,1.2,1.2,1.0,1.2,1.0,1.0,1.8,1.4,3.0,3.0,1
2024-12-10 20:00:00+00:00,Championship,Leeds United FC,Middlesbrough FC,1569.2072684076315,1525.032827020694,99.17444138693759,2.4,2.0,2.2,3.0,0.8,1.2,3.0,1.6,3.0,4.0,2
2024-12-10 20:00:00+00:00,UEFA Champions League,FC Red Bull Salzburg,Paris Saint-Germain FC,1476.0624615153508,1563.2336686483075,-32.171207132956624,0.6,1.6,0.6,1.6,3.0,0.8,0.0,1.6,14.0,4.0,0
2024-12-10 20:00:00+00:00,UEFA Champions League,FK Shakhtar Donetsk,FC Bayern München,1487.8786751685122,1596.2156172163443,-53.33694204783205,0.8,2.6,0.8,2.0,1.6,0.6,1.5,1.6,13.0,3.0,0
2024-12-10 20:00:00+00:00,UEFA Champions League,Club Brugge KV,Sporting Clube de Portugal,1507.4386404419402,1583.4975653662348,-21.058924924294615,1.4,1.2,0.8,2.0,1.4,2.2,1.5,2.0,13.0,4.0,2
2024-12-10 20:00:00+00:00,UEFA Champions League,Bayer 04 Leverkusen,FC Internazionale Milano,1569.9071825988415,1597.0952952048417,27.81188739399977,2.6,2.6,3.0,2.2,1.0,0.4,2.6,3.0,3.0,4.0,2
2024-12-10 20:00:00+00:00,UEFA Champions League,Atalanta BC,Real Madrid CF,1595.1247037096623,1568.9452886048248,81.17941510483752,3.0,1.8,3.0,1.8,0.8,0.8,2.6,1.8,4.0,3.0,0
2024-12-10 20:00:00+00:00,UEFA Champions League,RB Leipzig,Aston Villa FC,1489.3656176607092,1522.1349137705959,22.23070389011332,0.8,1.6,1.2,1.2,2.0,1.2,0.8,0.6,3.0,3.0,0
2024-12-10 20:00:00+00:00,UEFA Champions League,Stade Brestois 29,PSV,1490.4554378835608,1615.5535951336724,-70.09815725011163,0.6,3.0,1.4,4.4,2.6,1.0,1.6,2.0,4.0,4.0,2
2024-12-11 17:45:00+00:00,UEFA Champions League,Club Atlético de Madrid,ŠK Slovan Bratislava,1584.0209058651703,1452.0098425908432,187.01106327432717,3.0,0.0,3.6,0.8,0.8,3.6,2.4,0.0,2.0,15.0,2
2024-12-11 17:45:00+00:00,UEFA Champions League,Lille OSC,SK Sturm Graz,1564.7976927729133,1473.2672927340404,146.5304000388728,2.2,0.6,2.0,0.4,1.2,1.2,2.2,0.0,4.0,14.0,2
2024-12-11 19:45:00+00:00,Championship,Queens Park Rangers FC,Oxford United FC,1469.7997131603322,1457.003479991545,67.79623316878724,1.6,0.8,1.2,0.8,0.6,2.2,1.2,0.4,4.0,11.0,2
2024-12-11 19:45:00+00:00,Championship,Hull City AFC,Watford FC,1429.6227657777038,1519.9113847660353,-35.288618988331564,0.0,1.6,0.4,0.8,1.8,0.6,0.4,0.8,4.0,11.0,1
2024-12-11 19:45:00+00:00,Championship,Cardiff City FC,Preston North End FC,1474.4565925564605,1478.0388861477832,51.417706408677304,0.4,0.8,0.8,0.8,1.8,1.2,1.8,0.8,11.0,4.0,0
2024-12-11 19:45:00+00:00,Championship,Millwall FC,Sheffield United FC,1515.6841323379733,1589.8759999810866,-19.191867643113255,1.2,2.2,0.8,1.8,0.8,0.8,2.0,1.6,4.0,3.0,0
2024-12-11 20:00:00+00:00,UEFA Champions League,Arsenal FC,AS Monaco FC,1578.918423814973,1552.2897222458078,81.62870156916529,2.6,1.8,3.2,2.2,0.8,1.6,2.6,1.8,3.0,4.0,2
2024-12-11 20:00:00+00:00,UEFA Champions League,Juventus FC,Manchester City FC,1557.5991320122698,1533.5822092080914,79.01692280417842,1.4,1.0,1.0,1.6,0.6,2.2,1.6,0.2,4.0,4.0,2
2024-12-11 20:00:00+00:00,UEFA Champions League,Feyenoord Rotterdam,AC Sparta Praha,1570.9194372220481,1484.6801689119925,141.23926831005565,2.2,0.8,2.8,1.0,1.4,2.8,1.4,0.5,4.0,15.0,2
2024-12-11 20:00:00+00:00,UEFA Champions League,Borussia Dortmund,FC Barcelona,1543.780835044632,1596.7708878626925,2.0099471819396513,1.6,1.6,2.0,2.6,1.0,1.4,2.6,1.6,4.0,4.0,0
2024-12-11 20:00:00+00:00,UEFA Champions League,Sport Lisboa e Benfica,Bologna FC 1909,1589.0310383416358,1494.218781332468,149.81225700916775,2.4,1.4,2.0,1.8,0.8,1.8,2.4,1.4,4.0,4.0,1
2024-12-11 20:00:00+00:00,UEFA Champions League,AC Milan,FK Crvena Zvezda,1533.7037191877332,1476.4854063806235,112.21831280710967,1.6,0.6,2.0,1.8,1.4,3.4,2.0,0.0,5.0,14.0,2
2024-12-11 20:00:00+00:00,UEFA Champions League,VfB Stuttgart,BSC Young Boys,1503.4180404965102,1456.0461304372282,102.37191005928207,1.4,0.0,2.0,0.4,2.4,3.4,1.8,0.0,5.0,15.0,2
2024-12-11 20:00:00+00:00,Championship,West Bromwich Albion FC,Coventry City FC,1527.2534468548815,1489.130426695719,93.12302015916248,1.4,1.2,1.4,1.4,1.2,1.6,1.0,1.6,3.0,4.0,2
2024-12-13 19:00:00+00:00,Eredivisie,PEC Zwolle,Willem II Tilburg,1492.4116393685097,1467.1684142014174,80.2432251670923,1.6,0.8,1.2,1.0,1.0,1.6,1.8,1.2,5.0,5.0,0
2024-12-13 19:30:00+00:00,Bundesliga,SC Freiburg,VfL Wolfsburg,1520.9640621047379,1517.2389679647206,58.72509414001729,1.2,2.6,0.8,2.8,1.2,1.2,2.0,2.0,5.0,5.0,2
2024-12-13 19:45:00+00:00,Ligue 1,Toulouse FC,AS Saint-Étienne,1492.2567149910512,1459.7515154361124,87.50519955493883,1.8,1.2,1.0,0.6,1.0,1.6,2.0,0.2,6.0,5.0,2
2024-12-13 19:45:00+00:00,Serie A,Empoli FC,Torino FC,1497.1761694260458,1472.230993560629,79.94517586541679,1.6,0.4,1.4,0.2,1.2,1.0,1.0,0.2,5.0,6.0,0
2024-12-13 20:00:00+00:00,Primera Division,Real Valladolid CF,Valencia CF,1416.1989612265418,1449.590594587291,21.60836663925079,0.2,0.8,0.4,1.6,2.2,1.8,0.2,0.4,6.0,6.0,2
2024-12-13 20:00:00+00:00,Championship,Derby County FC,Portsmouth FC,1474.5113995460206,1470.6330922913799,58.87830725464073,0.4,1.6,0.6,1.6,1.4,0.8,1.0,1.0,3.0,3.0,2
2024-12-14 12:30:00+00:00,Championship,Bristol City FC,Queens Park Rangers FC,1503.2805545567778,1477.872776168217,80.40777838856093,0.8,2.2,1.0,1.6,1.2,0.2,1.0,1.0,3.0,2.0,1
2024-12-14 12:30:00+00:00,Championship,Preston North End FC,Leeds United FC,1489.5080962887075,1576.4278798113712,-31.919783522663693,1.4,2.4,1.0,2.4,0.6,1.0,0.8,1.0,2.0,3.0,1
2024-12-14 12:30:00+00:00,Championship,Coventry City FC,Hull City AFC,1481.748330912149,1427.3016422090438,109.44668870310511,1.0,0.2,1.0,0.4,1.6,1.6,1.0,0.2,2.0,2.0,2
2024-12-14 13:00:00+00:00,Primera Division,RCD Espanyol de Barcelona,CA Osasuna,1455.4947236022495,1511.7052244300605,-1.2105008278110745,0.6,1.2,1.0,1.2,2.2,1.8,1.8,1.2,4.0,5.0,1
2024-12-14 14:00:00+00:00,Serie A,Cagliari Calcio,Atalanta BC,1465.8546546654015,1582.8297838974927,-61.97512923209115,1.0,2.4,1.4,3.0,1.6,1.2,1.4,3.0,6.0,3.0,0
2024-12-14 14:30:00+00:00,Bundesliga,FC Augsburg,Bayer 04 Leverkusen,1493.8845412312328,1579.1083975687616,-30.223856337528787,1.2,3.0,0.8,3.0,1.2,0.8,2.0,1.2,7.0,3.0,0
2024-12-14 14:30:00+00:00,Bundesliga,Borussia Mönchengladbach,Holstein Kiel,1503.4609268229153,1426.8218507822241,131.63907604069118,1.6,0.6,1.6,0.6,1.0,2.0,2.6,0.4,6.0,7.0,2
2024-12-14 14:30:00+00:00,Bundesliga,1. FSV Mainz 05,FC Bayern München,1509.0050796078108,1604.69240381083,-40.687324203019216,2.0,2.6,2.2,2.8,1.0,0.8,1.4,2.0,6.0,3.0,2
2024-12-14 15:00:00+00:00,Championship,Swansea City AFC,Sunderland AFC,1500.6872180860364,1545.9499660313352,9.73725205470123,1.6,1.2,2.0,0.8,1.8,0.8,1.0,1.2,3.0,3.0,0
2024-12-14 15:00:00+00:00,Championship,Stoke City FC,Cardiff City FC,1461.062946439473,1462.987382415536,53.07556402393698,0.4,0.4,0.6,0.8,1.4,2.0,1.2,0.8,3.0,2.0,1
2024-12-14 15:00:00+00:00,Championship,Sheffield United FC,Plymouth Argyle FC,1599.3241747753511,1449.6066565486956,204.71751822665556,2.2,0.4,1.8,1.0,0.8,3.0,3.0,0.2,2.0,3.0,2
2024-12-14 15:00:00+00:00,Championship,Oxford United FC,Sheffield Wednesday FC,1448.9304169836603,1483.963752963586,19.966664020074177,0.2,1.6,0.6,1.2,2.6,0.8,1.0,2.4,2.0,3.0,0
2024-12-14 15:00:00+00:00,Championship,Middlesbrough FC,Millwall FC,1517.8122156169543,1506.2359575437088,66.57625807324553,1.4,0.6,2.2,0.6,1.6,1.0,1.8,1.2,3.0,2.0,2
2024-12-14 15:00:00+00:00,Premier League,Arsenal FC,Everton FC,1586.6112571980952,1471.7109487911625,169.9003084069327,2.6,1.0,3.2,0.8,0.8,1.0,2.6,1.0,2.0,9.0,1
2024-12-14 15:00:00+00:00,Championship,Blackburn Rovers FC,Luton Town FC,1546.786316691831,1463.4071729758011,138.37914371602983,3.0,1.4,1.4,1.2,0.2,1.8,1.4,0.0,3.0,3.0,2
2024-12-14 15:00:00+00:00,Premier League,Wolverhampton Wanderers FC,Ipswich Town FC,1439.8698349604433,1432.8977492916497,61.972085668793625,1.2,0.8,1.8,0.8,2.2,1.2,0.8,0.8,4.0,6.0,0
2024-12-14 15:00:00+00:00,Premier League,Newcastle United FC,Leicester City FC,1504.0084611906848,1461.9515317225685,97.05692946811632,1.0,0.8,1.8,1.4,2.2,2.4,1.0,0.8,7.0,6.0,2
2024-12-14 15:00:00+00:00,Premier League,Liverpool FC,Fulham FC,1634.3594426104444,1521.156966047385,168.20247656305946,2.6,1.6,2.2,1.6,1.0,1.4,3.0,1.6,3.0,6.0,1
2024-12-14 15:15:00+00:00,Primera Division,RCD Mallorca,Girona FC,1488.652191056727,1476.4533218086392,67.1988692480877,1.2,0.8,1.2,1.2,2.2,1.6,1.4,0.8,7.0,3.0,2
2024-12-14 15:30:00+00:00,Primeira Liga,SC Farense,Gil Vicente FC,1464.2753892492701,1473.6102758543582,45.66511339491194,1.0,0.6,0.8,1.2,1.2,2.4,1.2,0.2,6.0,7.0,0
2024-12-14 16:00:00+00:00,Ligue 1,Olympique de Marseille,Lille OSC,1547.7074704953095,1570.813669407576,31.893801087733436,2.4,2.6,2.0,2.2,1.2,1.2,1.4,2.2,5.0,2.0,1
2024-12-14 17:00:00+00:00,Serie A,Udinese Calcio,SSC Napoli,1493.1285667545083,1562.6279491860848,-14.499382431576578,0.8,1.4,0.8,0.6,1.6,1.0,1.2,2.2,4.0,5.0,0
2024-12-14 17:30:00+00:00,Primera Division,Sevilla FC,RC Celta de Vigo,1489.4085404825623,1487.4824904566988,56.92605002586356,0.8,1.6,1.0,1.6,1.6,1.4,2.0,0.8,5.0,7.0,2
2024-12-14 17:30:00+00:00,Bundesliga,FC St. Pauli 1910,SV Werder Bremen,1457.2575000716458,1502.7244404719936,9.533059599652233,1.2,1.4,1.2,1.2,1.2,1.6,1.0,1.8,7.0,7.0,0
2024-12-14 17:30:00+00:00,Premier League,Nottingham Forest FC,Aston Villa FC,1526.5646194888423,1532.7738930869737,48.790726401868596,1.2,2.0,1.0,1.4,2.2,1.2,1.8,0.6,7.0,3.0,2
2024-12-14 17:45:00+00:00,Eredivisie,SC Heerenveen,PSV,1477.6262423891922,1603.5629458076805,-70.93670341848838,1.4,2.4,0.8,3.8,1.6,1.2,2.2,1.4,6.0,3.0,2
2024-12-14 18:00:00+00:00,Ligue 1,AJ Auxerre,Racing Club de Lens,1504.4949760946738,1527.1033402667954,32.39163582787842,2.0,1.8,1.6,1.6,0.6,1.2,2.6,1.6,7.0,6.0,1
2024-12-14 18:00:00+00:00,Primeira Liga,CD Nacional,Moreirense FC,1458.2003602954603,1505.72836255791,7.471997737550282,0.8,1.8,0.6,1.8,1.0,1.4,1.4,0.6,7.0,8.0,2
2024-12-14 19:00:00+00:00,Eredivisie,Fortuna Sittard,RKC Waalwijk,1505.4131061408411,1424.0807522988157,136.33235384202544,1.0,1.0,1.6,1.4,1.6,1.8,1.8,0.4,6.0,7.0,2
2024-12-14 19:45:00+00:00,Serie A,Juventus FC,Venezia FC,1565.363259263772,1434.3202051745395,186.04305408923256,1.4,0.2,1.0,0.6,0.6,1.8,1.6,0.2,2.0,6.0,1
2024-12-14 20:00:00+00:00,Primera Division,Rayo Vallecano de Madrid,Real Madrid CF,1487.7047293560247,1581.2402084169944,-38.53547906096969,1.2,1.8,0.8,1.8,1.2,1.2,1.0,1.8,7.0,4.0,1
2024-12-14 20:00:00+00:00,Ligue 1,Stade de Reims,AS Monaco FC,1495.9692269240786,1544.5968888626855,6.372338061393066,1.0,1.2,0.8,1.6,0.8,2.0,1.0,1.2,6.0,3.0,1
2024-12-14 20:00:00+00:00,Eredivisie,Feyenoord Rotterdam,Heracles Almelo,1577.0643046227503,1455.197182726123,176.8671218966274,2.2,1.0,2.8,1.2,1.6,1.2,2.0,0.6,3.0,7.0,2
2024-12-14 20:30:00+00:00,Primeira Liga,Sporting Clube de Portugal,Boavista FC,1572.8921819688082,1468.0753479776763,159.81683399113194,0.6,1.0,1.4,0.6,2.4,1.2,1.8,1.2,4.0,6.0,2
2024-12-15 11:15:00+00:00,Eredivisie,FC Utrecht,Go Ahead Eagles,1581.3714574776009,1496.8946368212235,139.4768206563774,2.0,1.4,2.0,2.4,1.8,1.2,1.8,1.4,6.0,7.0,1
2024-12-15 11:30:00+00:00,Serie A,US Lecce,AC Monza,1455.903955813269,1450.1102193606555,60.79373645261353,1.0,0.4,0.8,0.6,1.4,1.2,1.2,1.0,7.0,5.0,2
2024-12-15 13:00:00+00:00,Primera Division,Club Atlético de Madrid,Getafe CF,1589.1042002441839,1464.808397687688,179.2958025564958,3.0,1.2,4.0,0.6,1.0,0.8,2.4,0.2,3.0,5.0,2
2024-12-15 13:30:00+00:00,Eredivisie,FC Twente '65,FC Groningen,1539.6037608219137,1466.7161240895473,127.88763673236645,2.0,1.4,1.8,0.6,2.2,2.2,2.6,0.0,8.0,7.0,2
2024-12-15 13:30:00+00:00,Eredivisie,NEC,Sparta Rotterdam,1461.5495170528416,1431.7495623335274,84.7999547193142,1.2,0.0,2.2,0.4,1.8,2.0,1.4,0.6,7.0,7.0,1
2024-12-15 14:00:00+00:00,Serie A,Bologna FC 1909,ACF Fiorentina,1501.615304169019,1569.2734303944187,-12.658126225399656,1.0,3.0,1.2,1.6,1.4,0.2,1.4,2.6,3.0,7.0,2
2024-12-15 14:00:00+00:00,Ligue 1,Montpellier HSC,OGC Nice,1429.333070043963,1527.773987844029,-43.44091780006602,0.8,2.0,1.0,1.6,1.4,1.6,1.4,1.0,7.0,7.0,1
2024-12-15 14:00:00+00:00,Championship,Watford FC,West Bromwich Albion FC,1522.2325083346952,1534.6355426384516,42.596965696243615,1.8,1.4,1.0,1.4,0.6,1.0,2.6,1.4,3.0,3.0,2
2024-12-15 14:00:00+00:00,Serie A,Parma Calcio 1913,Hellas Verona FC,1482.8032278474423,1437.3147254073504,100.4885024400919,1.2,0.6,1.4,1.0,1.8,3.0,0.8,0.0,8.0,7.0,0
2024-12-15 14:00:00+00:00,Premier League,Brighton & Hove Albion FC,Crystal Palace FC,1519.739139095333,1467.2157152616396,107.52342383369341,1.6,1.2,1.6,1.2,1.6,1.4,1.8,1.0,7.0,7.0,0
2024-12-15 14:30:00+00:00,Bundesliga,1. FC Heidenheim 1846,VfB Stuttgart,1444.015892935604,1510.5539497643406,-11.538056828736671,0.0,2.0,1.0,2.6,3.4,2.0,0.2,1.0,8.0,3.0,0
2024-12-15 15:00:00+00:00,Championship,Norwich City FC,Burnley FC,1501.1282011361534,1553.9657990350638,2.162402101089583,1.6,2.2,2.4,1.2,1.6,0.2,2.0,1.6,4.0,4.0,0
2024-12-15 15:15:00+00:00,Primera Division,Deportivo Alavés,Athletic Club,1459.489874928223,1548.8002894868482,-34.310414558625325,1.0,2.6,1.0,1.6,1.6,0.6,1.4,1.6,6.0,7.0,1
2024-12-15 15:30:00+00:00,Primeira Liga,FC Arouca,CD Santa Clara,1442.6718685011447,1543.243863064631,-45.571994563486214,0.2,2.4,0.6,1.0,2.0,0.6,0.8,1.2,5.0,7.0,2
2024-12-15 15:45:00+00:00,Eredivisie,AFC Ajax,Almere City FC,1571.4035404975,1418.6472296138295,207.7563108836705,1.6,0.0,1.8,0.4,1.4,2.6,2.6,0.2,7.0,7.0,2
2024-12-15 16:00:00+00:00,Ligue 1,Stade Rennais FC 1901,Angers SCO,1465.3386183420457,1478.0220321351148,42.31658620693088,0.6,1.2,1.0,0.8,1.6,1.6,1.4,1.6,7.0,7.0,2
2024-12-15 16:00:00+00:00,Ligue 1,Le Havre AC,RC Strasbourg Alsace,1445.8617418760216,1468.7730229071067,32.08871896891492,1.2,0.2,0.8,0.6,1.2,2.0,0.6,0.2,7.0,7.0,0
2024-12-15 16:00:00+00:00,Ligue 1,Stade Brestois 29,FC Nantes,1502.4460872095526,1474.0608701537794,83.38521705577318,1.2,0.8,1.4,1.0,2.0,1.6,1.6,0.4,4.0,7.0,2
2024-12-15 16:30:00+00:00,Bundesliga,Borussia Dortmund,TSG 1899 Hoffenheim,1533.7229847597596,1478.2633596575326,110.45962510222694,1.6,1.0,2.2,1.0,1.0,1.6,2.0,0.6,3.0,7.0,1
2024-12-15 16:30:00+00:00,Premier League,Manchester City FC,Manchester United FC,1525.8180819565891,1495.4351412516978,85.38294070489133,1.0,1.4,1.6,2.0,1.8,1.2,2.0,0.6,3.0,7.0,0
2024-12-15 17:00:00+00:00,Serie A,Como 1907,AS Roma,1458.9919790788947,1483.963855484846,30.028123594048793,0.6,0.6,0.8,1.6,1.4,2.0,1.0,0.4,7.0,7.0,2
2024-12-15 17:30:00+00:00,Primera Division,Villarreal CF,Real Betis Balompié,1527.9194459994796,1498.5602755636385,84.35917043584118,1.6,0.6,1.8,1.4,1.4,2.2,1.6,0.8,7.0,8.0,0
2024-12-15 17:30:00+00:00,Primera Division,Real Sociedad de Fútbol,UD Las Palmas,1519.5232357542357,1475.3162923332475,99.20694342098818,2.4,1.8,1.6,1.8,0.2,1.6,2.0,1.8,7.0,8.0,1
2024-12-15 18:00:00+00:00,Primeira Liga,AVS,Sport Lisboa e Benfica,1468.509480135115,1581.634515505085,-58.125035369969964,0.4,2.6,0.6,2.0,2.0,0.6,0.8,2.4,7.0,3.0,1
2024-12-15 18:30:00+00:00,Bundesliga,RB Leipzig,Eintracht Frankfurt,1478.7266383443314,1549.279314910715,-15.552676566383525,0.6,2.6,1.6,3.4,2.6,1.2,0.8,2.0,4.0,8.0,2
2024-12-15 19:00:00+00:00,Premier League,Southampton FC,Tottenham Hotspur FC,1416.2772316815742,1488.6898447911199,-17.412613109545646,0.2,0.8,0.8,1.8,2.4,1.6,0.8,1.2,8.0,7.0,0
2024-12-15 19:00:00+00:00,Eredivisie,NAC Breda,AZ,1504.9319406399948,1522.5059519197566,37.42598872023814,1.4,1.8,1.0,1.6,1.4,1.4,2.4,1.8,8.0,7.0,0
2024-12-15 19:00:00+00:00,Premier League,Chelsea FC,Brentford FC,1558.14668074917,1507.0632010701156,106.08347967905434,2.6,2.0,3.0,2.4,1.2,1.6,2.2,0.2,7.0,8.0,2
2024-12-15 19:45:00+00:00,Ligue 1,Paris Saint-Germain FC,Olympique Lyonnais,1572.3103442437243,1546.6391685822784,80.67117566144589,1.6,2.2,1.4,2.0,0.4,0.6,1.6,2.2,4.0,7.0,2
2024-12-15 19:45:00+00:00,Serie A,AC Milan,Genoa CFC,1540.5816368921805,1454.3336665751422,141.24797031703838,2.0,1.8,1.8,1.2,1.0,0.6,2.0,1.2,3.0,8.0,1
2024-12-15 20:00:00+00:00,Primera Division,FC Barcelona,CD Leganés,1606.828738147565,1474.134106143504,187.69463200406108,2.0,0.8,2.8,1.0,1.4,2.2,2.4,0.6,4.0,7.0,0
2024-12-15 20:30:00+00:00,Primeira Liga,GD Estoril Praia,Casa Pia AC,1488.816329862676,1479.1534029166044,64.6629269460716,1.6,1.2,1.6,1.0,1.6,1.2,2.0,1.0,9.0,7.0,0
2024-12-16 18:45:00+00:00,Primeira Liga,Sporting Clube de Braga,FC Famalicão,1530.1722667868917,1497.9011523745435,87.2711144123482,2.0,1.0,1.8,1.0,1.4,1.6,1.4,1.0,9.0,8.0,1
2024-12-16 19:45:00+00:00,Serie A,SS Lazio,FC Internazionale Milano,1551.2665980029283,1587.8940802349216,18.372517768006674,2.4,2.0,1.6,2.0,0.8,0.6,3.0,2.4,8.0,5.0,0
2024-12-16 20:00:00+00:00,Premier League,AFC Bournemouth,West Ham United FC,1524.9742684022062,1485.4908926198768,94.4833757823294,1.8,1.4,2.0,1.4,1.6,1.8,2.4,0.8,8.0,7.0,1
2024-12-16 20:15:00+00:00,Primeira Liga,FC Porto,CF Estrela da Amadora,1569.773209904072,1463.2678265992843,161.50538330478776,2.0,1.4,2.6,1.4,1.0,1.8,3.0,0.0,8.0,7.0,2
2024-12-16 20:45:00+00:00,Primeira Liga,Rio Ave FC,Vitória SC,1478.6268794506634,1519.545098157721,14.081781292942424,1.4,1.4,1.4,1.4,2.0,0.8,1.8,1.0,9.0,9.0,1
2024-12-18 20:00:00+00:00,Ligue 1,AS Monaco FC,Paris Saint-Germain FC,1548.1136122655162,1580.0292869597522,23.08432530576397,0.8,1.6,1.0,1.4,1.6,0.6,1.8,2.0,4.0,3.0,0
2024-12-18 20:30:00+00:00,Primera Division,Villarreal CF,Rayo Vallecano de Madrid,1515.538009682604,1485.4760103526667,85.06199932993741,1.0,0.8,1.6,1.2,1.6,1.8,1.6,1.4,3.0,4.0,1
2024-12-18 20:30:00+00:00,Primera Division,RCD Espanyol de Barcelona,Valencia CF,1452.1962311424536,1440.2117327097333,66.98449843272033,0.8,0.8,1.0,1.2,1.8,1.4,1.4,0.4,4.0,5.0,1
2024-12-19 17:00:00+00:00,Primeira Liga,CD Nacional,Sport Lisboa e Benfica,1467.985332063059,1583.3103109980289,-60.32497893496975,1.4,2.2,0.8,1.4,0.8,0.6,2.0,2.0,4.0,3.0,0
2024-12-20 19:00:00+00:00,Eredivisie,RKC Waalwijk,PEC Zwolle,1417.8149923807723,1480.142261863638,-7.327269482865631,0.4,1.4,1.4,0.8,2.4,0.8,0.8,0.6,6.0,7.0,1
2024-12-20 19:30:00+00:00,Bundesliga,FC Bayern München,RB Leipzig,1593.5266527221145,1489.173981598962,159.3526711231525,2.0,1.2,2.4,1.4,1.2,2.0,3.0,0.6,6.0,5.0,2
2024-12-20 19:45:00+00:00,Serie A,Hellas Verona FC,AC Milan,1450.1289771781362,1533.3929577217764,-28.263980543640173,0.6,2.0,1.0,1.8,3.0,1.0,1.2,2.0,5.0,5.0,0
2024-12-20 20:00:00+00:00,Primera Division,Girona FC,Real Valladolid CF,1468.3636982247372,1425.5778231040995,97.78587512063768,0.2,0.8,0.6,0.6,1.8,2.0,1.8,0.6,6.0,7.0,2
2024-12-20 20:00:00+00:00,Championship,Luton Town FC,Derby County FC,1457.1919976183942,1482.8327840737804,29.359213544613795,0.8,0.8,1.0,1.2,2.2,1.2,2.2,1.0,6.0,7.0,2
2024-12-20 20:15:00+00:00,Primeira Liga,Casa Pia AC,FC Arouca,1490.993355907177,1453.9760650643454,92.01729084283147,1.2,0.8,1.2,0.6,1.2,1.2,1.8,0.8,4.0,5.0,2
2024-12-21 12:30:00+00:00,Premier League,Aston Villa FC,Manchester City FC,1524.169043919104,1513.4088698483945,65.76017407070958,1.8,0.8,1.6,1.2,1.6,1.6,1.8,0.2,6.0,5.0,2
2024-12-21 12:30:00+00:00,Championship,Hull City AFC,Swansea City AFC,1420.351548384548,1490.4070307980087,-15.055482413460595,0.2,1.6,0.6,1.8,1.8,1.6,0.4,2.0,7.0,6.0,2
2024-12-21 12:30:00+00:00,Championship,Portsmouth FC,Coventry City FC,1462.31170776362,1488.6984247366447,28.613283026975296,1.6,1.4,1.6,1.0,1.4,1.4,1.6,1.4,7.0,7.0,2
2024-12-21 12:30:00+00:00,Championship,Sheffield Wednesday FC,Stoke City FC,1494.537807921955,1456.2137490571238,93.32405886483116,2.0,0.4,1.6,0.8,0.8,1.6,1.0,0.8,6.0,6.0,2
2024-12-21 13:00:00+00:00,Primera Division,Getafe CF,RCD Mallorca,1459.5548913357095,1496.741814640629,17.813076695080554,1.2,1.8,0.6,1.6,0.8,2.2,1.6,1.2,6.0,6.0,0
2024-12-21 14:00:00+00:00,Serie A,Torino FC,Bologna FC 1909,1484.49223273626,1511.9794732143012,27.512759521958742,1.0,1.6,0.4,1.4,0.8,0.8,0.8,1.6,7.0,6.0,0
2024-12-21 14:30:00+00:00,Bundesliga,VfB Stuttgart,FC St. Pauli 1910,1520.221979822438,1446.983185397098,128.23879442534007,2.0,0.6,2.8,0.8,2.2,1.6,1.8,1.2,6.0,6.0,0
2024-12-21 14:30:00+00:00,Bundesliga,Holstein Kiel,FC Augsburg,1420.4392620222634,1484.752266018537,-9.313003996273665,0.0,1.0,0.6,0.6,2.8,1.4,0.6,0.4,7.0,7.0,2
2024-12-21 14:30:00+00:00,Bundesliga,Eintracht Frankfurt,1. FSV Mainz 05,1538.8319716560843,1520.1708306965263,73.661140959558,2.0,2.4,2.2,2.6,1.2,1.2,2.2,2.0,5.0,7.0,0
2024-12-21 14:30:00+00:00,Bundesliga,TSG 1899 Hoffenheim,Borussia Mönchengladbach,1484.6730183082989,1509.843515582876,29.8295027254228,1.2,1.6,1.2,1.6,1.4,1.0,1.4,0.4,5.0,7.0,0
2024-12-21 14:30:00+00:00,Bundesliga,SV Werder Bremen,1. FC Union Berlin,1512.9987551465415,1488.4806480249877,79.51810712155384,2.0,0.2,1.4,0.6,0.8,1.8,1.0,0.6,6.0,14.0,2
2024-12-21 15:00:00+00:00,Premier League,Brentford FC,Nottingham Forest FC,1500.0250534475015,1535.1694686567118,19.855584790789635,1.4,1.8,2.0,1.2,1.6,1.8,3.0,1.4,5.0,6.0,0
2024-12-21 15:00:00+00:00,Premier League,Ipswich Town FC,Newcastle United FC,1444.6627703304468,1511.2854060672767,-11.622635736829807,0.8,1.0,0.8,2.0,1.2,2.0,0.4,1.0,7.0,7.0,0
2024-12-21 15:00:00+00:00,Premier League,West Ham United FC,Brighton & Hove Albion FC,1491.478563419396,1506.7395241496051,39.739039269790965,1.4,1.0,1.6,1.4,2.0,2.0,2.0,1.4,4.0,6.0,1
2024-12-21 15:00:00+00:00,Championship,Sunderland AFC,Norwich City FC,1556.230153319363,1491.0659630042499,120.16419031511305,1.6,1.4,1.2,2.2,1.0,1.6,1.8,0.4,7.0,6.0,2
2024-12-21 15:00:00+00:00,Championship,Queens Park Rangers FC,Preston North End FC,1483.4799788267549,1487.0909120222018,51.38906680455307,2.2,1.4,1.6,1.0,0.2,0.6,1.6,1.2,7.0,7.0,2
2024-12-21 15:00:00+00:00,Championship,Plymouth Argyle FC,Middlesbrough FC,1444.9000320055434,1525.9191112813114,-26.019079275768036,0.2,1.4,0.8,1.2,3.2,1.2,1.6,1.6,7.0,7.0,1
2024-12-21 15:00:00+00:00,Championship,Millwall FC,Blackburn Rovers FC,1498.1290618793516,1553.0014920492379,0.12756983011377088,0.4,3.0,0.4,1.2,1.0,0.0,1.4,2.4,7.0,7.0,2
2024-12-21 15:00:00+00:00,Championship,Leeds United FC,Oxford United FC,1578.845064077877,1438.3563620252914,195.4887020525855,2.0,0.2,1.8,0.8,0.6,3.0,3.0,0.2,7.0,7.0,2
2024-12-21 15:00:00+00:00,Championship,Burnley FC,Watford FC,1564.0280371669674,1531.0125755536496,88.01546161331771,2.2,1.8,1.4,1.2,0.4,0.8,1.8,1.0,6.0,6.0,2
2024-12-21 15:00:00+00:00,Championship,Cardiff City FC,Sheffield United FC,1467.8365797978854,1604.0307993185033,-81.19421952061793,0.6,2.6,1.0,1.8,1.8,0.4,1.2,2.2,7.0,7.0,0
2024-12-21 15:15:00+00:00,Primera Division,RC Celta de Vigo,Real Sociedad de Fútbol,1479.1064477766995,1513.4096506294775,20.696797147222014,1.0,2.0,1.4,1.2,1.6,0.2,1.6,2.0,6.0,5.0,2
2024-12-21 15:30:00+00:00,Eredivisie,Go Ahead Eagles,NAC Breda,1504.0398302984895,1493.8588813863055,65.18094891218402,1.4,1.4,2.6,1.2,1.4,1.4,2.0,1.4,6.0,5.0,2
2024-12-21 15:30:00+00:00,Primeira Liga,FC Famalicão,SC Farense,1503.694821976292,1452.9685581906788,105.72626378561313,1.2,1.0,1.6,0.8,1.6,1.0,0.8,0.6,4.0,7.0,0
2024-12-21 17:00:00+00:00,Serie A,Genoa CFC,SSC Napoli,1461.5223457455463,1572.2108655170052,-55.688519771458914,1.4,2.0,1.0,1.2,0.6,0.6,0.8,2.6,5.0,7.0,0
2024-12-21 17:30:00+00:00,Primera Division,CA Osasuna,Athletic Club,1515.0037168898564,1551.149287445274,18.854429444582365,0.8,2.6,1.0,1.6,1.8,0.6,1.6,1.2,7.0,6.0,0
2024-12-21 17:30:00+00:00,Premier League,Crystal Palace FC,Arsenal FC,1480.2153302073675,1578.7436015357468,-43.52827132837933,1.8,2.2,1.8,2.2,1.2,0.6,1.0,1.6,6.0,7.0,0
2024-12-21 17:30:00+00:00,Bundesliga,Bayer 04 Leverkusen,SC Freiburg,1588.2406727814573,1529.289732519479,113.9509402619783,3.0,1.6,2.4,1.4,0.4,1.6,2.6,1.0,7.0,7.0,2
2024-12-21 17:45:00+00:00,Eredivisie,Almere City FC,SC Heerenveen,1414.0032697193526,1489.6400594323236,-20.636789712970995,0.0,2.0,0.4,1.0,2.8,1.0,0.6,0.6,6.0,7.0,2
2024-12-21 18:00:00+00:00,Primeira Liga,Boavista FC,AVS,1462.3761071577694,1466.833684642171,50.542422515598446,1.0,0.6,1.0,0.8,1.4,1.2,0.4,0.6,6.0,6.0,1
2024-12-21 19:00:00+00:00,Eredivisie,AZ,FC Twente '65,1533.579011173446,1546.080559740096,42.49845143334983,2.4,2.0,1.6,2.0,1.0,2.2,1.4,1.4,6.0,6.0,2
2024-12-21 19:45:00+00:00,Serie A,US Lecce,SS Lazio,1464.1718133739057,1540.738286786529,-21.56647341262328,1.6,1.8,1.2,1.2,1.4,1.8,1.6,1.8,6.0,5.0,0
2024-12-21 20:00:00+00:00,Primera Division,FC Barcelona,Club Atlético de Madrid,1591.897128431958,1594.3577065961624,52.539421835795565,1.4,3.0,2.2,3.8,1.6,0.8,1.8,2.4,6.0,6.0,0
2024-12-21 20:30:00+00:00,Primeira Liga,Moreirense FC,FC Porto,1495.9433907903112,1575.4329226793054,-24.48953188899418,1.2,2.0,1.4,2.0,1.6,1.0,2.2,1.4,7.0,5.0,0
2024-12-22 11:15:00+00:00,Eredivisie,Sparta Rotterdam,AFC Ajax,1437.4762956560044,1576.0475003919769,-83.57120473597251,0.2,2.0,0.4,2.0,1.4,1.0,0.4,2.0,6.0,6.0,0
2024-12-22 11:30:00+00:00,Serie A,AS Roma,Parma Calcio 1913,1474.8259887764807,1469.9889760766564,59.8370126998243,0.6,1.2,1.2,1.8,1.8,2.2,1.2,1.2,6.0,6.0,2
2024-12-22 13:00:00+00:00,Primera Division,Valencia CF,Deportivo Alavés,1445.449496850762,1457.140876969797,43.3086198809649,0.8,0.6,1.2,1.0,1.4,1.8,1.4,0.2,3.0,6.0,1
2024-12-22 13:30:00+00:00,Eredivisie,PSV,Feyenoord Rotterdam,1591.549128764549,1582.372144815928,64.176983948621,1.8,2.2,2.8,3.2,1.4,2.0,3.0,2.6,7.0,7.0,2
2024-12-22 13:30:00+00:00,Eredivisie,FC Utrecht,Fortuna Sittard,1574.2262640003348,1511.6788660588845,117.5473979414503,1.6,1.0,2.4,1.6,2.4,2.0,1.4,0.8,7.0,7.0,0
2024-12-22 14:00:00+00:00,Serie A,Venezia FC,Cagliari Calcio,1442.54908890772,1457.619760575834,39.92932833188593,0.4,1.0,1.0,1.2,2.0,1.4,0.8,0.4,7.0,8.0,2
2024-12-22 14:00:00+00:00,Premier League,Everton FC,Chelsea FC,1479.578604453511,1565.184828371784,-30.606223918273145,1.2,3.0,0.8,3.2,0.8,1.2,1.8,2.0,7.0,6.0,1
2024-12-22 14:00:00+00:00,Premier League,Fulham FC,Southampton FC,1528.9857154843953,1406.7779877831251,177.2077277012702,1.2,0.2,1.6,0.8,1.8,3.0,1.4,0.2,7.0,6.0,1
2024-12-22 14:00:00+00:00,Premier League,Leicester City FC,Wolverhampton Wanderers FC,1454.6745868459766,1428.1048139216462,81.56977292433044,0.8,0.6,1.4,1.6,2.6,2.6,1.4,0.8,7.0,7.0,0
2024-12-22 14:00:00+00:00,Premier League,Manchester United FC,AFC Bournemouth,1507.8443533598925,1518.986597602687,43.857755757205496,1.4,2.0,1.8,1.8,1.4,1.2,2.0,1.4,6.0,5.0,0
2024-12-22 14:30:00+00:00,Bundesliga,VfL Bochum 1848,1. FC Heidenheim 1846,1402.2477936897703,1434.3478628775065,22.899930812263847,0.2,0.0,0.6,1.2,2.4,3.8,0.4,0.6,15.0,7.0,2
2024-12-22 15:00:00+00:00,Championship,West Bromwich Albion FC,Bristol City FC,1525.8554754194972,1497.6733518982398,83.18212352125738,1.2,1.0,1.2,1.2,1.0,1.2,1.4,1.4,7.0,8.0,2
2024-12-22 15:15:00+00:00,Primera Division,Real Madrid CF,Sevilla FC,1583.4689274203524,1497.7845831625616,140.68434425779083,2.0,1.4,2.4,1.2,1.4,1.2,1.8,0.8,7.0,7.0,2
2024-12-22 15:45:00+00:00,Eredivisie,Willem II Tilburg,NEC,1479.437791706289,1455.8227837303646,78.61500797592453,1.4,0.8,1.2,1.2,1.4,2.0,0.4,0.6,8.0,7.0,2
2024-12-22 16:30:00+00:00,Bundesliga,VfL Wolfsburg,Borussia Dortmund,1508.9132975499795,1527.3133261089934,36.59997144098611,2.4,1.2,3.0,1.6,1.6,1.2,1.6,0.8,8.0,7.0,0
2024-12-22 16:30:00+00:00,Premier League,Tottenham Hotspur FC,Liverpool FC,1498.189088689569,1626.530693173434,-73.34160448386501,1.4,2.2,2.6,2.0,1.2,1.0,1.4,2.2,6.0,8.0,0
2024-12-22 17:00:00+00:00,Serie A,Atalanta BC,Empoli FC,1591.0646779870601,1484.914930250415,161.14974773664517,2.4,1.0,2.6,1.2,1.0,1.4,2.4,1.0,8.0,8.0,2
2024-12-22 17:00:00+00:00,Primeira Liga,CD Santa Clara,Sporting Clube de Braga,1531.93966650143,1524.3785971851432,62.561069316286876,1.8,1.6,0.6,2.0,0.6,2.0,3.0,2.0,7.0,5.0,0
2024-12-22 17:30:00+00:00,Primera Division,CD Leganés,Villarreal CF,1489.065715859111,1509.8041674420804,34.26154841703055,1.4,0.6,0.6,1.2,1.4,1.8,1.4,1.4,6.0,3.0,0
2024-12-22 17:30:00+00:00,Primera Division,UD Las Palmas,RCD Espanyol de Barcelona,1481.4298774580056,1446.9584670014249,89.47141045658077,2.0,1.0,1.8,1.0,1.2,1.4,1.4,0.0,7.0,3.0,2
2024-12-22 19:45:00+00:00,Serie A,AC Monza,Juventus FC,1441.8423618000188,1557.1343755305916,-60.29201373057276,0.4,1.4,0.8,1.4,1.4,1.0,0.4,1.4,7.0,8.0,0
2024-12-22 20:00:00+00:00,Primera Division,Real Betis Balompié,Rayo Vallecano de Madrid,1510.941711880514,1491.2098525931904,74.73185928732369,1.0,1.0,1.6,1.2,2.2,1.4,1.6,1.4,7.0,3.0,1
2024-12-22 20:30:00+00:00,Primeira Liga,Gil Vicente FC,Sporting Clube de Portugal,1484.9171069129495,1578.5914227887151,-38.674315875765615,1.2,0.6,1.2,1.2,2.0,2.4,1.6,1.8,8.0,8.0,1
2024-12-23 17:30:00+00:00,Serie A,ACF Fiorentina,Udinese Calcio,1558.9092613491366,1483.5456504235879,130.36361092554876,2.4,0.8,1.4,1.0,0.4,1.8,3.0,0.8,8.0,9.0,0
2024-12-23 18:45:00+00:00,Primeira Liga,Vitória SC,CD Nacional,1523.2835159464394,1459.7043843258994,118.57913162054001,1.4,0.8,1.4,0.4,0.8,1.2,2.0,0.2,6.0,4.0,1
2024-12-23 18:45:00+00:00,Primeira Liga,Sport Lisboa e Benfica,GD Estoril Praia,1591.5912587351886,1476.9763768721034,169.6148818630852,2.2,1.0,1.2,0.8,0.2,1.8,2.0,0.6,4.0,7.0,2
2024-12-23 19:45:00+00:00,Serie A,FC Internazionale Milano,Como 1907,1598.422391451321,1468.12984578726,185.29254566406098,2.4,1.2,3.0,1.2,0.4,1.2,2.6,0.4,7.0,8.0,2
2024-12-23 20:45:00+00:00,Primeira Liga,CF Estrela da Amadora,Rio Ave FC,1457.6081138240509,1474.888461661945,37.71965216210583,1.2,1.6,1.0,1.8,1.8,1.4,2.2,0.6,7.0,7.0,2
2024-12-26 12:30:00+00:00,Premier League,Manchester City FC,Everton FC,1505.2793171665808,1477.1239174188156,83.15539974776516,0.8,1.2,1.4,0.8,1.6,0.8,1.4,1.0,5.0,3.0,1
2024-12-26 15:00:00+00:00,Championship,Oxford United FC,Cardiff City FC,1433.4558584662182,1460.1319032699396,28.323955196278575,0.2,0.4,0.4,0.8,2.6,2.0,0.8,0.8,5.0,5.0,2
2024-12-26 15:00:00+00:00,Premier League,AFC Bournemouth,Crystal Palace FC,1530.2422628054787,1471.4616605002982,113.78060230518054,2.6,1.6,2.2,1.6,0.8,1.8,2.0,1.6,4.0,4.0,1
2024-12-26 15:00:00+00:00,Premier League,Chelsea FC,Fulham FC,1567.6395154064794,1520.9525807959176,101.68693461056182,2.6,1.4,2.8,1.4,1.0,1.0,2.2,1.2,4.0,4.0,0
2024-12-26 15:00:00+00:00,Premier League,Newcastle United FC,Aston Villa FC,1520.951004451193,1532.2985966009178,43.65240785027527,1.6,2.4,2.8,2.0,1.6,1.2,1.4,0.6,5.0,5.0,2
2024-12-26 15:00:00+00:00,Premier League,Nottingham Forest FC,Tottenham Hotspur FC,1545.7403369752367,1490.2692237146239,110.47111326061281,2.4,0.8,1.6,2.4,1.2,2.4,2.4,1.2,5.0,3.0,2
2024-12-26 15:00:00+00:00,Premier League,Southampton FC,West Ham United FC,1414.8111224716029,1487.0064104173014,-17.19528794569851,0.4,1.0,0.4,1.4,2.4,2.2,0.6,0.8,4.0,5.0,0
2024-12-26 15:00:00+00:00,Championship,Preston North End FC,Hull City AFC,1478.5593156327568,1430.7846089739346,102.7747066588222,1.2,0.8,1.2,1.0,1.0,1.6,0.8,0.2,5.0,5.0,2
2024-12-26 15:00:00+00:00,Championship,Norwich City FC,Millwall FC,1484.3929548432745,1508.1253901246525,31.267564718621998,0.8,0.8,1.2,0.4,1.8,0.8,1.4,1.2,5.0,5.0,2
2024-12-26 15:00:00+00:00,Championship,Swansea City AFC,Queens Park Rangers FC,1479.9739702086222,1492.0115752161998,42.96239499242233,1.0,2.2,1.6,1.6,1.8,0.4,0.8,1.2,5.0,5.0,2
2024-12-26 15:00:00+00:00,Championship,Blackburn Rovers FC,Sunderland AFC,1543.005163803937,1562.9031614803382,35.102002323598754,2.4,2.0,1.0,1.6,0.2,1.2,1.4,1.2,5.0,5.0,1
2024-12-26 15:00:00+00:00,Championship,Bristol City FC,Luton Town FC,1490.0228057108354,1466.3489771535708,78.67382855726464,1.0,1.4,1.2,1.4,1.4,1.8,1.0,0.0,4.0,5.0,2
2024-12-26 15:00:00+00:00,Championship,Coventry City FC,Plymouth Argyle FC,1479.5201243501187,1442.3141910951567,92.20593325496202,1.4,0.2,1.2,1.0,1.8,3.4,1.6,0.2,5.0,5.0,2
2024-12-26 15:00:00+00:00,Championship,Middlesbrough FC,Sheffield Wednesday FC,1528.504952191698,1501.9145147270058,81.59043746469229,1.6,2.0,1.8,1.6,1.6,0.8,1.8,2.4,5.0,5.0,1
2024-12-26 15:00:00+00:00,Championship,Sheffield United FC,Burnley FC,1611.7354758464492,1571.5475843495676,95.18789149688155,2.6,2.2,1.6,1.4,0.4,0.6,3.0,2.0,5.0,5.0,0
2024-12-26 15:00:00+00:00,Championship,Watford FC,Portsmouth FC,1523.4930283710494,1471.490008150146,107.00302022090341,1.6,1.6,1.0,1.8,0.8,1.4,2.6,0.4,5.0,5.0,2
2024-12-26 17:30:00+00:00,Premier League,Wolverhampton Wanderers FC,Manchester United FC,1440.4103746568096,1496.5886881571007,-1.1783135002910967,0.6,1.2,1.4,1.6,2.4,1.8,0.8,1.0,4.0,4.0,2
2024-12-26 17:30:00+00:00,Championship,Derby County FC,West Bromwich Albion FC,1473.6758045386039,1533.5060216069016,-4.83021706829777,0.8,1.6,1.2,1.6,1.2,1.0,1.0,1.2,5.0,4.0,2
2024-12-26 20:00:00+00:00,Premier League,Liverpool FC,Leicester City FC,1634.450558148379,1442.3690261108131,247.08153203756592,2.2,0.8,2.8,1.2,1.6,2.8,2.6,0.8,4.0,4.0,2
2024-12-26 20:00:00+00:00,Championship,Stoke City FC,Leeds United FC,1448.837042252073,1583.7455676369502,-79.9085253848773,0.2,2.0,0.8,2.0,2.0,0.6,1.2,1.0,5.0,5.0,0
2024-12-27 19:30:00+00:00,Premier League,Brighton & Hove Albion FC,Brentford FC,1511.2116771516999,1489.4541851289766,76.75749202272323,0.6,1.2,1.2,2.0,2.0,2.0,1.6,0.2,6.0,6.0,1
2024-12-27 20:15:00+00:00,Premier League,Arsenal FC,Ipswich Town FC,1587.4972712428162,1434.9971719465304,207.50009929628573,2.2,0.6,2.2,0.6,0.4,1.8,2.2,1.2,6.0,6.0,2
2024-12-27 20:15:00+00:00,Primeira Liga,FC Arouca,Gil Vicente FC,1446.5643003463836,1482.692335021252,18.87196532513167,0.8,1.4,0.6,1.0,1.4,1.6,0.8,0.6,7.0,4.0,1
2024-12-28 14:00:00+00:00,Serie A,Empoli FC,Genoa CFC,1479.246906041017,1453.111603513994,81.13530252702299,0.8,1.2,1.4,1.0,1.8,0.8,0.8,1.4,5.0,6.0,0
2024-12-28 14:00:00+00:00,Serie A,Parma Calcio 1913,AC Monza,1461.694395303216,1433.560493271804,83.13390203141194,0.6,0.4,1.4,1.0,3.0,1.6,0.8,1.0,6.0,5.0,2
2024-12-28 15:30:00+00:00,Primeira Liga,AVS,CF Estrela da Amadora,1471.6115701503918,1466.526700341453,60.08486980893872,0.8,1.8,0.4,1.0,0.6,0.8,0.4,0.0,6.0,4.0,1
2024-12-28 17:00:00+00:00,Serie A,Cagliari Calcio,FC Internazionale Milano,1448.7639858351174,1603.54328270851,-99.7792968733927,0.8,2.4,0.8,2.4,1.2,0.4,1.4,2.4,6.0,4.0,0
2024-12-28 18:00:00+00:00,Primeira Liga,GD Estoril Praia,Moreirense FC,1471.5041705934082,1486.6470911540086,39.85707943939951,1.0,1.2,0.8,1.4,1.6,2.0,1.4,0.6,4.0,6.0,1
2024-12-28 19:45:00+00:00,Serie A,SS Lazio,Atalanta BC,1550.1183498049998,1596.7327021964581,8.385647608541603,1.8,2.4,1.4,2.0,2.0,1.2,2.4,3.0,7.0,6.0,1
2024-12-28 20:30:00+00:00,Primeira Liga,FC Porto,Boavista FC,1584.729222315608,1457.5982216495486,182.13100066605944,2.0,0.6,1.8,0.6,1.0,1.2,3.0,1.0,7.0,7.0,2
2024-12-29 11:30:00+00:00,Serie A,Udinese Calcio,Torino FC,1497.131112398908,1473.7020029505159,78.42910944839218,1.4,1.0,1.2,0.4,1.6,0.8,1.2,0.8,5.0,7.0,1
2024-12-29 12:30:00+00:00,Championship,Preston North End FC,Sheffield Wednesday FC,1485.6845860297851,1507.553971945232,33.130614084553144,1.6,1.6,1.2,1.8,0.8,1.2,1.4,2.0,2.0,2.0,2
2024-12-29 12:30:00+00:00,Championship,Sheffield United FC,West Bromwich Albion FC,1599.0622996127663,1523.3670057403522,130.69529387241414,2.0,1.4,1.4,1.6,0.8,1.2,2.4,1.0,2.0,2.0,1
2024-12-29 12:30:00+00:00,Championship,Norwich City FC,Queens Park Rangers FC,1493.4954237608108,1483.2418680335568,65.25355572725402,0.8,2.0,0.8,1.6,1.6,1.0,1.8,1.0,2.0,2.0,1
2024-12-29 14:00:00+00:00,Serie A,SSC Napoli,Venezia FC,1580.6216077485576,1451.4048636484367,184.21674410012088,2.4,1.0,1.4,1.2,0.6,1.8,1.8,0.4,7.0,7.0,2
2024-12-29 14:30:00+00:00,Premier League,Leicester City FC,Manchester City FC,1438.4830496638322,1499.597256748032,-6.114207084199734,0.8,0.4,1.2,1.0,2.6,1.8,0.8,0.2,2.0,3.0,0
2024-12-29 15:00:00+00:00,Championship,Stoke City FC,Sunderland AFC,1441.0972804566434,1567.2433880626643,-71.1461076060209,0.2,2.2,0.8,2.0,2.0,1.4,0.6,1.2,2.0,3.0,2
2024-12-29 15:00:00+00:00,Championship,Oxford United FC,Plymouth Argyle FC,1442.642430714594,1434.9074915054766,62.73493920911733,0.8,0.2,1.0,0.8,2.4,3.0,1.4,0.2,3.0,3.0,2
2024-12-29 15:00:00+00:00,Championship,Coventry City FC,Millwall FC,1486.9268239397989,1499.0229212071163,42.90390273268258,1.8,0.6,1.6,0.4,1.4,1.0,1.6,1.0,3.0,3.0,1
2024-12-29 15:00:00+00:00,Championship,Bristol City FC,Portsmouth FC,1497.796316411225,1464.4759862708745,88.3203301403505,1.0,1.4,0.6,1.6,1.4,1.4,1.4,0.4,3.0,3.0,2
2024-12-29 15:00:00+00:00,Championship,Blackburn Rovers FC,Hull City AFC,1538.664937221611,1423.6593385769063,170.0055986447046,2.0,0.8,1.2,0.8,0.6,1.2,1.4,0.0,3.0,3.0,0
2024-12-29 15:00:00+00:00,Championship,Watford FC,Cardiff City FC,1530.5070502503208,1450.9453310215638,134.56171922875706,1.6,0.4,1.2,1.2,1.0,2.2,2.6,0.6,3.0,3.0,0
2024-12-29 15:00:00+00:00,Championship,Swansea City AFC,Luton Town FC,1488.7436773912652,1458.5754664531812,85.16821093808403,1.4,1.4,1.8,1.0,1.4,1.2,1.4,0.0,3.0,3.0,2
2024-12-29 15:00:00+00:00,Premier League,Tottenham Hotspur FC,Wolverhampton Wanderers FC,1483.3458483922625,1450.4442891155397,87.90155927672276,0.6,1.2,2.2,1.4,2.4,1.6,0.8,1.4,3.0,2.0,1
2024-12-29 15:00:00+00:00,Premier League,Fulham FC,AFC Bournemouth,1533.7985633875478,1523.7463210821331,65.05224230541467,1.8,2.2,1.6,1.4,1.0,0.4,1.6,2.0,3.0,3.0,1
2024-12-29 15:00:00+00:00,Premier League,Everton FC,Nottingham Forest FC,1482.8059778373645,1552.663712297598,-14.857734460233587,1.2,2.4,1.0,1.6,1.0,1.2,1.4,1.8,3.0,3.0,0
2024-12-29 15:00:00+00:00,Premier League,Crystal Palace FC,Southampton FC,1477.9576022236438,1405.305638942625,127.65196328101888,1.6,0.2,1.4,0.2,1.6,2.4,1.0,0.4,3.0,3.0,2
2024-12-29 15:30:00+00:00,Primeira Liga,Rio Ave FC,CD Nacional,1465.9698751445428,1466.3240762533271,54.64579889121569,1.4,1.0,1.4,0.8,1.2,1.2,1.4,0.4,5.0,5.0,2
2024-12-29 15:30:00+00:00,Primeira Liga,SC Farense,Vitória SC,1465.9210281660487,1516.6638240190116,4.2572041470371005,1.6,1.0,1.0,1.6,0.8,1.2,1.2,0.6,8.0,5.0,1
2024-12-29 17:00:00+00:00,Serie A,Juventus FC,ACF Fiorentina,1565.4162440588063,1545.3237993738164,75.09244468498991,1.8,1.8,1.8,1.4,1.2,0.8,1.8,2.4,6.0,5.0,1
2024-12-29 17:15:00+00:00,Premier League,West Ham United FC,Liverpool FC,1496.5118939462793,1638.33653459536,-86.82464064908072,1.6,2.2,1.2,3.0,1.2,1.8,1.6,2.2,3.0,2.0,0
2024-12-29 17:45:00+00:00,Championship,Derby County FC,Leeds United FC,1483.8148204051533,1591.4853294323798,-52.670509027226444,1.4,2.6,1.4,2.4,1.0,0.4,1.4,1.4,3.0,2.0,0
2024-12-29 18:00:00+00:00,Primeira Liga,Sporting Clube de Braga,Casa Pia AC,1536.1600374922018,1498.4051206251388,92.754916867063,1.6,1.6,2.0,1.4,1.8,1.0,1.6,1.0,7.0,8.0,0
2024-12-29 19:45:00+00:00,Serie A,AC Milan,AS Roma,1542.5812447817602,1483.1205695499211,114.4606752318391,2.0,1.2,1.4,1.8,0.6,1.2,1.6,0.2,9.0,7.0,1
2024-12-29 20:00:00+00:00,Championship,Middlesbrough FC,Burnley FC,1522.8654949734719,1584.2207605832505,-6.3552656097785984,1.2,2.2,1.8,1.4,2.0,0.6,2.0,2.6,3.0,3.0,1
2024-12-29 20:30:00+00:00,Primeira Liga,Sporting Clube de Portugal,Sport Lisboa e Benfica,1580.8161946804128,1597.0634650138838,38.75272966652892,0.8,2.2,1.0,1.4,1.4,0.2,1.8,2.0,7.0,6.0,2
2024-12-30 17:30:00+00:00,Serie A,Como 1907,US Lecce,1463.0089545300707,1454.791750355435,63.217204174635754,1.0,1.4,1.0,1.2,1.4,1.6,1.0,0.6,6.0,8.0,2
2024-12-30 19:45:00+00:00,Serie A,Bologna FC 1909,Hellas Verona FC,1522.7697030000452,1440.9406901181524,136.82901288189282,2.2,0.6,1.6,0.8,0.4,2.6,1.8,0.6,9.0,10.0,0
2024-12-30 19:45:00+00:00,Premier League,Aston Villa FC,Brighton & Hove Albion FC,1523.548444173562,1505.704340788737,72.84410338482508,1.8,0.6,1.4,1.0,1.6,1.8,2.2,1.0,4.0,3.0,1
2024-12-30 19:45:00+00:00,Premier League,Ipswich Town FC,Chelsea FC,1430.3479511083178,1554.7935328148492,-69.44558170653136,0.6,2.0,0.6,2.4,1.8,1.4,0.4,2.2,2.0,4.0,2
2024-12-30 20:00:00+00:00,Premier League,Manchester United FC,Newcastle United FC,1486.5547736983706,1529.7011568785488,11.85361681982181,0.6,2.0,0.8,3.2,2.2,1.4,1.4,1.4,4.0,4.0,0
2024-12-30 20:15:00+00:00,Primeira Liga,FC Famalicão,CD Santa Clara,1490.742352000922,1520.1582261943715,25.584125806550446,0.6,1.8,1.2,0.6,1.6,0.6,0.6,0.6,9.0,8.0,0
2025-01-01 12:30:00+00:00,Championship,Plymouth Argyle FC,Bristol City FC,1426.6937769425704,1505.3076304500792,-23.613853507508793,0.2,1.6,0.8,1.2,2.6,0.8,1.2,0.8,2.0,2.0,1
2025-01-01 12:30:00+00:00,Championship,Queens Park Rangers FC,Watford FC,1488.4315733576773,1516.816749814375,26.614823543302236,1.6,1.4,1.2,1.4,1.2,1.4,2.0,1.0,3.0,2.0,2
2025-01-01 13:00:00+00:00,Championship,Millwall FC,Oxford United FC,1503.5848892633562,1450.8561452775002,107.728743985856,0.8,1.2,0.4,1.2,0.8,2.2,1.4,0.0,2.0,2.0,0
2025-01-01 15:00:00+00:00,Championship,Luton Town FC,Norwich City FC,1450.9788560059146,1488.3057184366903,17.67313756922431,1.2,1.0,1.0,1.0,1.4,1.2,2.6,0.4,3.0,3.0,0
2025-01-01 15:00:00+00:00,Championship,Sheffield Wednesday FC,Derby County FC,1498.5046678365866,1475.319291918292,78.18537591829454,1.4,1.4,1.8,1.4,1.6,0.8,1.6,1.0,3.0,2.0,2
2025-01-01 15:00:00+00:00,Championship,West Bromwich Albion FC,Preston North End FC,1530.2941175353576,1494.7338901384305,90.56022739692708,1.4,2.0,1.4,1.6,1.0,0.8,1.8,1.0,3.0,3.0,2
2025-01-01 15:00:00+00:00,Championship,Burnley FC,Stoke City FC,1587.371195066924,1453.116879506213,189.2543155607109,2.2,0.8,1.2,0.8,0.4,1.6,2.2,0.8,2.0,3.0,1
2025-01-01 15:00:00+00:00,Championship,Leeds United FC,Blackburn Rovers FC,1599.980857919241,1524.1282077992896,130.85265011995148,2.6,1.4,2.2,1.0,0.4,0.8,3.0,2.4,2.0,3.0,1
2025-01-01 15:00:00+00:00,Championship,Portsmouth FC,Swansea City AFC,1456.9646722320203,1496.3402878385318,15.624384393488526,0.8,1.8,1.0,2.0,2.0,1.4,2.0,1.4,3.0,3.0,2
2025-01-01 15:00:00+00:00,Championship,Cardiff City FC,Coventry City FC,1464.6356314575096,1482.364855883559,37.27077557395069,0.8,1.4,1.2,1.4,2.0,1.4,0.6,0.8,3.0,3.0,1
2025-01-01 17:30:00+00:00,Premier League,Brentford FC,Arsenal FC,1494.9615214919395,1592.1464920810288,-42.18497058908929,0.8,2.2,1.2,2.0,1.8,0.4,2.4,2.2,4.0,4.0,0
2025-01-01 17:30:00+00:00,Championship,Hull City AFC,Middlesbrough FC,1438.1960679992276,1519.7150604897984,-26.51899249057078,1.4,1.2,1.0,1.6,1.0,1.8,0.8,1.6,3.0,2.0,0
2025-01-01 20:00:00+00:00,Championship,Sunderland AFC,Sheffield United FC,1555.2237890130946,1592.1351878177609,18.088601195333695,1.6,2.0,1.6,1.2,1.4,0.6,1.8,2.2,3.0,3.0,2
2025-01-03 20:00:00+00:00,Ligue 1,OGC Nice,Stade Rennais FC 1901,1529.8634661439717,1474.1266362122035,110.73682993176817,1.6,1.2,1.8,1.4,2.0,0.8,2.2,0.2,19.0,19.0,2
2025-01-03 20:00:00+00:00,Primera Division,Valencia CF,Real Madrid CF,1440.8760575876688,1589.6274014198393,-93.7513438321705,0.4,2.0,0.8,2.8,1.4,1.8,1.0,1.4,12.0,12.0,0
2025-01-03 20:15:00+00:00,Primeira Liga,Vitória SC,Sporting Clube de Portugal,1520.1196834054151,1589.7054040998735,-14.58572069445836,1.2,1.4,2.0,1.2,1.4,1.2,1.6,1.4,5.0,4.0,1
2025-01-04 12:30:00+00:00,Premier League,Tottenham Hotspur FC,Newcastle United FC,1477.5351391577308,1540.0421990817251,-7.507059923994348,0.8,2.4,2.6,3.0,2.6,0.8,0.4,2.0,5.0,4.0,0
2025-01-04 12:30:00+00:00,Championship,Swansea City AFC,West Bromwich Albion FC,1486.7896908610594,1537.745052810639,4.044638050420417,1.2,1.4,1.6,1.6,2.0,1.2,1.4,0.6,2.0,2.0,1
2025-01-04 12:30:00+00:00,Championship,Blackburn Rovers FC,Burnley FC,1531.0592630877236,1579.0723539022792,6.986909185444347,1.0,2.2,1.0,1.2,1.0,0.4,1.4,2.6,2.0,2.0,0
2025-01-04 12:30:00+00:00,Championship,Stoke City FC,Plymouth Argyle FC,1461.4157206708578,1424.03906033634,92.37666033451774,1.0,0.4,0.6,1.0,1.2,2.6,1.0,0.0,2.0,3.0,1
2025-01-04 14:00:00+00:00,Serie A,Venezia FC,Empoli FC,1446.2603439229529,1466.9531890571952,34.30715486575764,1.0,0.6,1.2,1.4,1.8,2.0,1.4,1.0,6.0,7.0,1
2025-01-04 15:00:00+00:00,Premier League,Crystal Palace FC,Chelsea FC,1484.4403437900075,1542.8209285520343,-3.3805847620267286,1.6,1.4,1.6,1.4,1.8,1.6,1.0,2.0,6.0,4.0,1
2025-01-04 15:00:00+00:00,Championship,Norwich City FC,Coventry City FC,1498.8139539497279,1486.7668323057903,67.04712164393754,1.4,1.6,1.2,1.6,1.2,1.2,2.0,0.8,3.0,3.0,2
2025-01-04 15:00:00+00:00,Championship,Preston North End FC,Oxford United FC,1487.2829548631491,1463.8611371319957,78.4218177311534,1.4,1.8,1.4,1.4,1.4,1.8,1.8,0.6,3.0,3.0,1
2025-01-04 15:00:00+00:00,Championship,Sheffield Wednesday FC,Millwall FC,1506.2915445786764,1490.5798974088607,70.7116471698157,2.0,0.8,2.6,0.4,1.8,0.8,1.6,0.6,3.0,3.0,1
2025-01-04 15:00:00+00:00,Championship,Watford FC,Sheffield United FC,1507.5812911263736,1582.6553497167674,-20.07405859039386,1.2,1.4,1.4,1.2,1.8,1.0,2.0,1.6,3.0,2.0,0
2025-01-04 15:00:00+00:00,Championship,Middlesbrough FC,Cardiff City FC,1528.95326135242,1460.2336550352782,123.71960631714182,1.8,1.0,1.6,1.4,1.2,1.8,1.6,1.2,2.0,3.0,1
2025-01-04 15:00:00+00:00,Premier League,Southampton FC,Brentford FC,1398.8228973762612,1486.1697708935114,-32.34687351725029,0.2,0.8,0.2,1.2,1.8,1.8,0.6,0.4,6.0,2.0,0
2025-01-04 15:00:00+00:00,Championship,Bristol City FC,Derby County FC,1507.9623470563095,1467.5324151762022,95.42993188010723,1.6,1.2,1.4,1.8,1.0,1.6,2.0,0.4,3.0,3.0,2
2025-01-04 15:00:00+00:00,Premier League,Aston Villa FC,Leicester City FC,1518.1486795325513,1428.6590125254668,144.48966700708456,1.4,0.2,1.6,0.6,2.0,2.8,2.2,0.2,4.0,6.0,2
2025-01-04 15:00:00+00:00,Premier League,AFC Bournemouth,Everton FC,1528.9304312161773,1473.2333573179114,110.6970738982659,1.8,1.2,1.6,1.0,0.8,0.6,1.6,0.6,6.0,6.0,2
2025-01-04 15:00:00+00:00,Championship,Hull City AFC,Leeds United FC,1428.957867136606,1593.049802630807,-109.09193549420115,1.2,2.2,0.8,1.8,1.0,0.4,0.8,2.0,2.0,3.0,1
2025-01-04 15:00:00+00:00,Premier League,Manchester City FC,West Ham United FC,1509.4212938863973,1488.9601537316396,75.46114015475769,0.8,1.6,1.0,1.0,1.4,1.6,1.0,1.4,6.0,5.0,2
2025-01-04 15:30:00+00:00,Primeira Liga,Moreirense FC,AVS,1491.1225974332933,1466.5658920194842,79.55670541380914,0.8,0.8,1.2,0.6,2.0,0.8,2.0,0.8,6.0,7.0,1
2025-01-04 16:00:00+00:00,Ligue 1,AS Saint-Étienne,Stade de Reims,1452.2181803277488,1492.452503521248,14.765676806500778,0.6,1.2,0.4,0.8,2.0,0.6,1.8,1.4,21.0,20.0,2
2025-01-04 17:00:00+00:00,Serie A,ACF Fiorentina,SSC Napoli,1550.785429574988,1585.7661274740415,20.01930210094656,1.4,2.4,1.2,1.4,1.0,0.6,2.4,2.6,6.0,6.0,0
2025-01-04 17:30:00+00:00,Premier League,Brighton & Hove Albion FC,Arsenal FC,1511.1041054297477,1600.9382426794568,-34.8341372497091,0.8,2.6,1.2,2.4,1.6,0.4,1.2,2.6,4.0,3.0,1
2025-01-04 18:00:00+00:00,Ligue 1,Lille OSC,FC Nantes,1575.0624102448594,1466.4158460413757,163.64656420348365,2.2,0.8,2.2,1.0,1.4,2.0,2.2,0.2,21.0,20.0,1
2025-01-04 18:00:00+00:00,Primeira Liga,Sport Lisboa e Benfica,Sporting Clube de Braga,1588.1742555944231,1523.552004763661,119.62225083076214,1.6,1.6,1.2,1.8,0.4,1.4,2.6,2.4,5.0,6.0,0
2025-01-04 19:45:00+00:00,Serie A,Hellas Verona FC,Udinese Calcio,1454.6872252520297,1491.5779852287208,18.109240023308985,1.2,1.4,1.4,1.4,2.0,1.8,0.6,1.4,5.0,6.0,1
2025-01-04 20:00:00+00:00,Ligue 1,Olympique Lyonnais,Montpellier HSC,1538.9202258662506,1427.2435917440205,166.6766341222301,2.0,1.0,2.0,1.4,1.0,1.6,2.0,0.0,20.0,20.0,2
2025-01-04 20:30:00+00:00,Primeira Liga,Boavista FC,FC Arouca,1452.4076889137043,1442.6883217620632,64.71936715164111,0.6,0.8,0.6,0.8,1.6,1.6,0.4,0.2,7.0,8.0,0
2025-01-05 11:30:00+00:00,Serie A,AC Monza,Cagliari Calcio,1425.9086357281913,1441.5594309300081,39.34920479818311,0.2,0.6,1.0,0.4,1.8,1.4,0.2,0.2,7.0,7.0,0
2025-01-05 14:00:00+00:00,Ligue 1,Angers SCO,Stade Brestois 29,1469.234014264957,1510.0911113219563,14.142902943000763,0.6,1.8,0.6,1.8,2.0,1.6,0.8,0.6,20.0,20.0,2
2025-01-05 14:00:00+00:00,Ligue 1,RC Strasbourg Alsace,AJ Auxerre,1479.69399330064,1500.232028366422,34.46196493421803,0.8,1.6,1.2,1.2,1.6,1.0,1.6,0.8,20.0,21.0,2
2025-01-05 14:00:00+00:00,Ligue 1,Racing Club de Lens,Toulouse FC,1531.3662879950473,1499.7900500994149,86.5762378956324,2.0,1.8,2.0,1.2,1.4,1.2,1.4,1.2,21.0,22.0,0
2025-01-05 14:00:00+00:00,Premier League,Fulham FC,Ipswich Town FC,1528.6144532535036,1442.3205553711327,141.29389788237086,1.4,1.2,1.4,1.0,1.2,1.6,1.2,1.2,6.0,5.0,1
2025-01-05 14:00:00+00:00,Serie A,US Lecce,Genoa CFC,1446.5914702467499,1465.4053204978156,36.18614974893421,0.8,1.6,1.0,1.0,2.0,0.6,1.6,2.0,5.0,8.0,1
2025-01-05 15:00:00+00:00,Championship,Sunderland AFC,Portsmouth FC,1564.703627114088,1466.5152692094928,153.18835790459525,2.0,1.2,1.8,1.8,1.4,2.0,2.2,0.2,3.0,4.0,2
2025-01-05 15:30:00+00:00,Primeira Liga,CD Santa Clara,SC Farense,1530.8932684406695,1462.4651687796452,123.42809966102436,1.8,1.6,0.8,1.2,0.8,1.0,2.4,1.2,5.0,7.0,1
2025-01-05 16:30:00+00:00,Premier League,Liverpool FC,Manchester United FC,1645.8882748099998,1476.2137314951942,224.67454331480553,2.6,0.6,3.4,0.8,1.2,2.2,2.6,0.8,6.0,5.0,1
2025-01-05 17:00:00+00:00,Serie A,Torino FC,Parma Calcio 1913,1479.2551301207031,1469.3462528468287,64.9088772738744,1.0,1.2,0.6,1.6,1.0,2.6,0.8,1.0,7.0,8.0,1
2025-01-05 18:00:00+00:00,Primeira Liga,Casa Pia AC,FC Famalicão,1511.0131533536796,1480.007309754624,86.00584359905565,2.0,0.4,1.6,1.4,1.0,2.0,1.8,1.2,7.0,5.0,1
2025-01-05 19:45:00+00:00,Serie A,AS Roma,SS Lazio,1489.6341166077812,1546.543704987857,-1.9095883800757747,1.4,1.4,2.0,1.0,1.2,2.2,1.8,2.4,7.0,8.0,2
2025-01-05 19:45:00+00:00,Ligue 1,Olympique de Marseille,Le Havre AC,1543.4587296580262,1434.9407714824883,163.51795817553784,2.0,0.6,1.8,0.6,1.2,1.8,1.0,0.6,22.0,21.0,2
2025-01-05 20:30:00+00:00,Primeira Liga,CF Estrela da Amadora,GD Estoril Praia,1471.5723784723607,1467.0286643141235,59.54371415823721,1.4,1.0,0.8,1.2,1.0,2.0,2.6,0.4,8.0,8.0,0
2025-01-06 20:00:00+00:00,Championship,Queens Park Rangers FC,Luton Town FC,1497.6670320456788,1440.470620492877,112.19641155280169,1.6,0.6,1.4,0.6,1.4,1.4,2.6,0.0,5.0,5.0,2
2025-01-06 20:00:00+00:00,Premier League,Wolverhampton Wanderers FC,Nottingham Forest FC,1456.2549983500714,1562.236332817051,-50.98133446697966,1.4,3.0,1.8,2.0,1.2,0.6,1.4,1.8,8.0,8.0,0
2025-01-06 20:15:00+00:00,Primeira Liga,Gil Vicente FC,Rio Ave FC,1486.5683136055723,1474.4098851442818,67.15842846129044,1.6,1.4,0.8,1.4,1.2,1.4,1.6,0.6,10.0,8.0,1
2025-01-10 18:00:00+00:00,Ligue 1,FC Nantes,AS Monaco FC,1474.1393511086826,1537.4501679545483,-8.310816845865702,1.0,0.8,0.8,1.0,1.6,1.8,1.0,1.4,6.0,22.0,1
2025-01-10 19:00:00+00:00,Eredivisie,Fortuna Sittard,Go Ahead Eagles,1524.9387103521406,1512.1854761613986,67.75323419074198,1.6,2.0,2.4,3.0,1.8,1.4,2.4,1.0,19.0,20.0,0
2025-01-10 19:45:00+00:00,Serie A,SS Lazio,Como 1907,1536.4887431695747,1471.2092346387558,120.27950853081893,1.4,1.6,0.8,1.4,2.0,1.0,2.0,0.4,5.0,11.0,1
2025-01-10 19:45:00+00:00,Bundesliga,Borussia Dortmund,Bayer 04 Leverkusen,1538.3628784766709,1595.0736527299491,-1.7107742532782595,1.2,3.0,1.6,2.4,1.4,0.6,1.6,1.6,19.0,20.0,0
2025-01-10 20:00:00+00:00,Primera Division,Rayo Vallecano de Madrid,RC Celta de Vigo,1496.661572235467,1488.5114497073776,63.15012252808947,1.2,1.4,1.4,1.4,1.4,1.2,1.0,0.8,19.0,20.0,2
2025-01-10 20:05:00+00:00,Ligue 1,AJ Auxerre,Lille OSC,1491.2206832622014,1567.3389051775525,-21.118221915351114,1.0,1.8,0.8,2.0,1.4,1.4,2.2,1.8,5.0,6.0,1
2025-01-11 13:00:00+00:00,Primera Division,Deportivo Alavés,Girona FC,1461.7143162328903,1475.6212292070702,41.09308702582007,0.8,0.8,1.4,1.2,1.6,1.6,1.0,0.8,20.0,21.0,0
2025-01-11 14:00:00+00:00,Serie A,Udinese Calcio,Atalanta BC,1495.4320728851835,1600.307347013601,-49.87527412841746,1.6,2.0,1.4,1.8,1.4,1.4,0.8,2.6,6.0,13.0,1
2025-01-11 14:00:00+00:00,Serie A,Empoli FC,US Lecce,1471.2707648528992,1442.220365554616,84.05039929828331,0.8,0.8,1.6,0.8,1.6,1.8,0.8,0.6,7.0,6.0,0
2025-01-11 14:30:00+00:00,Bundesliga,TSG 1899 Hoffenheim,VfL Wolfsburg,1473.8165595726232,1497.863745182302,30.952814390321237,1.0,1.8,1.4,2.6,1.8,2.0,1.4,2.0,21.0,19.0,0
2025-01-11 14:30:00+00:00,Bundesliga,1. FSV Mainz 05,VfL Bochum 1848,1532.259763084518,1411.5896335039902,175.67012958052783,2.4,0.8,2.6,0.6,1.2,1.0,2.0,0.0,21.0,20.0,2
2025-01-11 14:30:00+00:00,Bundesliga,SC Freiburg,Holstein Kiel,1522.4567525709872,1430.707247644319,146.74950492666812,1.4,0.6,1.6,1.4,2.6,2.6,2.0,0.2,20.0,21.0,2
2025-01-11 14:30:00+00:00,Bundesliga,1. FC Heidenheim 1846,1. FC Union Berlin,1425.0060230632866,1480.7302204533778,-0.7241973900911489,0.0,0.2,1.0,0.8,3.6,2.0,0.2,0.6,20.0,21.0,2
2025-01-11 14:30:00+00:00,Bundesliga,FC St. Pauli 1910,Eintracht Frankfurt,1460.5152358628666,1526.7430392680926,-11.227803405226041,1.2,1.4,1.0,1.8,1.4,1.4,0.8,1.4,21.0,21.0,0
2025-01-11 15:15:00+00:00,Primera Division,Real Valladolid CF,Real Betis Balompié,1418.3202921217664,1505.4899922382374,-32.16970011647095,0.6,1.0,0.4,1.4,2.4,2.0,0.8,1.4,21.0,19.0,2
2025-01-11 15:30:00+00:00,Eredivisie,Heracles Almelo,Sparta Rotterdam,1449.8893425329452,1429.8363271802484,75.05301535269678,0.4,0.2,1.2,0.4,2.2,1.6,1.6,0.2,27.0,20.0,1
2025-01-11 16:00:00+00:00,Ligue 1,Stade Brestois 29,Olympique Lyonnais,1500.4979521005423,1544.459920991956,11.03803110858621,1.8,2.0,1.8,2.0,1.4,1.0,2.0,1.6,6.0,6.0,2
2025-01-11 17:00:00+00:00,Serie A,Torino FC,Juventus FC,1474.075005324212,1559.9546138576347,-30.879608533422697,1.2,1.8,0.6,2.0,0.8,1.4,0.4,1.4,6.0,13.0,1
2025-01-11 17:30:00+00:00,Primera Division,RCD Espanyol de Barcelona,CD Leganés,1439.478206027332,1478.0827733564752,16.395432670856735,1.0,0.8,0.8,0.8,0.8,2.4,1.6,1.0,20.0,20.0,1
2025-01-11 17:30:00+00:00,Bundesliga,Borussia Mönchengladbach,FC Bayern München,1520.6999743185518,1599.2367883992413,-23.53681408068951,2.0,2.0,2.0,3.2,1.2,1.4,2.6,2.0,21.0,21.0,0
2025-01-11 17:45:00+00:00,Eredivisie,AFC Ajax,RKC Waalwijk,1583.6874688677328,1414.6925235548242,223.9949453129086,2.0,0.6,2.0,1.6,1.0,2.0,2.6,0.4,20.0,21.0,2
2025-01-11 18:00:00+00:00,Ligue 1,Stade de Reims,OGC Nice,1482.8772381792808,1536.7799190808817,1.0973190983991117,0.6,2.0,0.4,2.0,1.2,2.0,1.0,1.2,7.0,7.0,0
2025-01-11 19:00:00+00:00,Eredivisie,PEC Zwolle,NEC,1483.264730689586,1448.0476639028582,90.21706678672786,1.0,0.2,0.4,0.8,0.8,2.8,1.8,0.6,22.0,20.0,0
2025-01-11 19:45:00+00:00,Serie A,AC Milan,Cagliari Calcio,1536.0676977239002,1452.687174367778,138.38052335612224,1.6,0.6,1.0,0.6,0.8,1.6,1.8,0.8,13.0,6.0,1
2025-01-11 20:00:00+00:00,Eredivisie,PSV,AZ,1599.7226923024573,1542.3618717589036,112.3608205435537,1.8,3.0,2.8,1.6,1.0,0.6,3.0,1.8,20.0,21.0,1
2025-01-11 20:00:00+00:00,Primera Division,Sevilla FC,Valencia CF,1491.6261091630747,1433.5107990087508,113.11531015432388,1.4,0.4,1.6,0.8,1.8,1.4,2.0,0.6,20.0,8.0,1
2025-01-11 20:05:00+00:00,Ligue 1,Stade Rennais FC 1901,Olympique de Marseille,1467.2101832752935,1549.071546560794,-26.8613632855006,1.2,2.6,1.8,2.6,1.0,0.8,1.8,2.4,8.0,6.0,0
2025-01-12 11:15:00+00:00,Eredivisie,FC Twente '65,Willem II Tilburg,1537.2976991546384,1487.2129115337955,105.08478762084292,1.8,1.4,1.6,1.6,2.0,1.4,2.6,1.8,21.0,20.0,2
2025-01-12 11:30:00+00:00,Serie A,Genoa CFC,Parma Calcio 1913,1469.7764251899496,1474.5263776433198,50.25004754662973,1.2,0.8,0.6,1.0,0.6,2.4,0.6,1.0,6.0,6.0,2
2025-01-12 13:00:00+00:00,Primera Division,UD Las Palmas,Getafe CF,1488.9101384320986,1449.0426385371802,94.86749989491841,2.0,1.2,1.4,0.6,1.0,0.8,1.8,0.2,20.0,22.0,0
2025-01-12 13:30:00+00:00,Eredivisie,FC Groningen,Almere City FC,1460.239325171365,1424.5965467327235,90.64277843864147,1.4,0.6,0.6,0.8,1.4,2.0,1.4,0.2,28.0,21.0,1
2025-01-12 13:30:00+00:00,Eredivisie,Feyenoord Rotterdam,FC Utrecht,1574.19858127802,1560.9664197070788,68.23216157094112,2.0,1.0,2.6,2.4,2.0,3.2,2.0,2.6,21.0,21.0,0
2025-01-12 14:00:00+00:00,Ligue 1,Le Havre AC,Racing Club de Lens,1429.3279545797204,1518.9247504455084,-34.59679586578795,0.6,1.4,0.8,1.4,2.2,1.2,0.6,1.6,6.0,7.0,0
2025-01-12 14:00:00+00:00,Serie A,Venezia FC,FC Internazionale Milano,1441.9427681272489,1610.7478376136194,-113.80506948637048,1.2,2.4,1.4,2.8,1.4,0.4,1.0,2.4,8.0,14.0,0
2025-01-12 14:30:00+00:00,Bundesliga,RB Leipzig,SV Werder Bremen,1483.4638459218352,1520.7491827181514,17.714663203683813,1.2,2.0,1.6,1.8,2.8,0.8,1.4,1.8,22.0,22.0,2
2025-01-12 15:15:00+00:00,Primera Division,Club Atlético de Madrid,CA Osasuna,1605.8584903067012,1504.461574877234,156.3969154294673,3.0,0.8,3.0,1.2,1.0,1.4,3.0,1.2,21.0,21.0,2
2025-01-12 15:30:00+00:00,Primeira Liga,CD Nacional,FC Porto,1457.8840662535881,1589.9197550514523,-77.03568879786417,0.8,2.6,1.0,2.4,1.6,0.2,1.4,2.0,14.0,14.0,2
2025-01-12 15:45:00+00:00,Eredivisie,NAC Breda,SC Heerenveen,1485.7132355233964,1479.0467824189527,61.66645310444369,1.4,1.4,1.4,0.8,1.2,1.6,1.8,0.6,22.0,21.0,0
2025-01-12 16:15:00+00:00,Ligue 1,Montpellier HSC,Angers SCO,1421.703896618315,1478.827173486371,-2.1232768680561094,0.4,1.2,0.8,0.6,1.6,1.2,1.0,1.4,7.0,7.0,0
2025-01-12 16:15:00+00:00,Ligue 1,Toulouse FC,RC Strasbourg Alsace,1512.2315876489538,1488.7053384048604,78.52624924409338,1.8,1.4,1.0,1.6,1.2,1.2,2.0,0.6,7.0,7.0,0
2025-01-12 16:30:00+00:00,Bundesliga,FC Augsburg,VfB Stuttgart,1474.4842803964814,1506.6899293566694,22.794351039812,0.8,2.0,0.8,2.6,2.4,1.4,2.0,1.6,22.0,22.0,0
2025-01-12 17:00:00+00:00,Serie A,Bologna FC 1909,AS Roma,1509.0231678661678,1499.6890784260634,64.33408944010444,1.6,2.0,1.4,2.4,1.0,0.8,1.2,0.2,12.0,6.0,1
2025-01-12 19:45:00+00:00,Ligue 1,Paris Saint-Germain FC,AS Saint-Étienne,1590.69273127072,1461.793445669716,183.89928560100407,2.2,1.2,2.2,1.0,0.8,2.0,2.0,0.2,24.0,8.0,2
2025-01-12 19:45:00+00:00,Serie A,SSC Napoli,Hellas Verona FC,1596.3416924723517,1450.833137595567,200.50855487678473,2.4,1.4,1.8,1.4,0.6,1.8,1.8,1.2,8.0,8.0,2
2025-01-13 19:45:00+00:00,Serie A,AC Monza,ACF Fiorentina,1414.7808922904214,1540.2098645766778,-70.42897228625634,0.0,0.8,1.0,0.8,2.0,1.6,0.0,2.0,8.0,9.0,2
2025-01-13 20:00:00+00:00,Primera Division,Real Sociedad de Fútbol,Villarreal CF,1504.0046486987994,1520.7871099447161,38.21753875408331,1.4,1.0,1.0,1.8,0.6,1.8,1.6,1.4,23.0,22.0,2
2025-01-14 17:30:00+00:00,Bundesliga,Holstein Kiel,Borussia Dortmund,1424.6965750508784,1528.4121181198832,-48.71554306900475,0.6,1.0,1.8,1.8,2.6,1.8,1.2,1.4,3.0,3.0,2
2025-01-14 17:30:00+00:00,Serie A,Como 1907,AC Milan,1477.8725112203522,1528.949505727098,3.923005493254095,1.6,1.8,1.4,1.0,1.0,0.6,1.4,2.0,3.0,2.0,0
2025-01-14 19:30:00+00:00,Bundesliga,Eintracht Frankfurt,SC Freiburg,1536.4199895585903,1528.4674251644278,62.95256439416244,1.4,2.0,1.8,2.2,1.4,2.2,1.6,0.4,3.0,3.0,2
2025-01-14 19:30:00+00:00,Bundesliga,VfL Wolfsburg,Borussia Mönchengladbach,1508.752289271642,1511.3763838509917,52.37590542065027,1.8,1.4,2.6,1.6,2.0,1.4,1.4,1.0,3.0,3.0,2
2025-01-14 19:30:00+00:00,Bundesliga,Bayer 04 Leverkusen,1. FSV Mainz 05,1605.0244130867368,1537.5945137582626,122.42989932847422,3.0,2.4,2.6,2.4,0.8,1.2,3.0,2.0,3.0,3.0,2
2025-01-14 19:30:00+00:00,Premier League,Brentford FC,Manchester City FC,1495.2414337429361,1517.2828680834152,32.9585656595209,0.8,1.4,1.4,1.8,1.4,1.2,1.8,0.8,10.0,10.0,1
2025-01-14 19:30:00+00:00,Premier League,Chelsea FC,AFC Bournemouth,1546.0569639049254,1535.8479196599912,65.20904424493415,1.0,1.8,0.8,1.4,1.2,0.6,2.0,2.0,10.0,10.0,1
2025-01-14 19:30:00+00:00,Premier League,West Ham United FC,Fulham FC,1481.0985795346216,1521.4246487222424,14.67393081237924,1.0,1.4,0.8,1.6,2.2,1.4,1.0,1.8,10.0,9.0,2
2025-01-14 19:45:00+00:00,Serie A,Atalanta BC,Juventus FC,1602.2149347440825,1562.401493539413,94.81344120466952,1.6,1.8,1.4,1.8,1.2,1.2,2.4,1.4,3.0,3.0,1
2025-01-14 19:45:00+00:00,Championship,Cardiff City FC,Watford FC,1466.9846742397726,1498.1584269079203,23.8262473318523,1.0,0.6,1.2,1.2,1.6,2.0,0.2,0.4,10.0,10.0,1
2025-01-14 19:45:00+00:00,Championship,Plymouth Argyle FC,Oxford United FC,1429.9702769446553,1469.4140647701956,15.556212174459688,0.6,2.0,1.0,1.4,2.2,1.4,1.2,0.8,10.0,10.0,1
2025-01-14 20:00:00+00:00,Premier League,Nottingham Forest FC,Liverpool FC,1570.7794136188006,1636.860733471517,-11.081319852716433,3.0,2.2,2.0,3.6,0.2,1.6,2.4,2.6,8.0,9.0,1
2025-01-15 17:30:00+00:00,Bundesliga,VfL Bochum 1848,FC St. Pauli 1910,1406.2548828302456,1450.838285572369,10.416597257876674,0.6,1.2,0.4,1.0,1.2,1.2,0.8,1.2,4.0,4.0,2
2025-01-15 19:30:00+00:00,Premier League,Leicester City FC,Crystal Palace FC,1422.5935065379606,1481.2043084371164,-3.610801899155831,0.0,1.6,0.4,1.4,2.8,1.6,0.8,1.8,11.0,11.0,0
2025-01-15 19:30:00+00:00,Premier League,Newcastle United FC,Wolverhampton Wanderers FC,1549.82616214728,1447.711917548322,157.11424459895807,3.0,1.4,3.0,1.6,0.2,1.4,2.0,1.4,11.0,8.0,2
2025-01-15 19:30:00+00:00,Premier League,Everton FC,Aston Villa FC,1466.3158688740975,1524.2141855200575,-2.8983166459599943,0.6,1.4,0.2,1.4,0.8,1.8,1.2,0.6,11.0,11.0,0
2025-01-15 19:30:00+00:00,Bundesliga,1. FC Union Berlin,FC Augsburg,1470.70937640713,1463.8291459378038,61.88023046932631,0.0,0.8,0.8,0.8,2.4,2.0,1.6,0.4,4.0,3.0,0
2025-01-15 19:30:00+00:00,Bundesliga,SV Werder Bremen,1. FC Heidenheim 1846,1511.2586103405265,1435.0268671095344,131.23174323099215,2.0,0.6,2.2,1.0,1.4,2.6,1.6,0.0,3.0,4.0,1
2025-01-15 19:30:00+00:00,Bundesliga,FC Bayern München,TSG 1899 Hoffenheim,1608.5603788668013,1462.9280154832832,200.63236338351817,2.4,0.4,3.2,0.6,1.2,1.4,3.0,0.8,4.0,4.0,2
2025-01-15 19:30:00+00:00,Bundesliga,VfB Stuttgart,RB Leipzig,1517.345063815347,1492.95441829946,79.39064551588694,2.4,1.8,2.4,2.2,1.0,2.2,1.8,0.6,3.0,3.0,2
2025-01-15 19:45:00+00:00,Championship,Blackburn Rovers FC,Portsmouth FC,1520.858190780486,1460.6592664931397,115.19892428734624,0.4,1.2,0.6,1.8,1.2,1.4,1.4,0.2,11.0,10.0,2
2025-01-15 19:45:00+00:00,Serie A,FC Internazionale Milano,Bologna FC 1909,1617.5845954525794,1503.8590274158364,168.72556803674297,2.4,1.6,2.4,1.4,0.2,1.0,2.6,1.6,3.0,3.0,1
2025-01-15 20:00:00+00:00,Premier League,Arsenal FC,Tottenham Hotspur FC,1603.2723149670057,1467.751176092176,190.52113887482983,2.2,0.8,2.0,2.2,0.6,2.2,2.6,1.2,11.0,11.0,2
2025-01-16 19:30:00+00:00,Premier League,Ipswich Town FC,Brighton & Hove Albion FC,1449.510359902394,1508.7700331421988,-4.259673239804897,1.4,0.8,1.2,1.0,1.6,1.4,0.8,1.2,11.0,12.0,0
2025-01-16 20:00:00+00:00,Premier League,Manchester United FC,Southampton FC,1485.241272833677,1389.7512345268365,150.49003830684046,0.8,0.2,0.8,0.2,2.0,2.6,1.2,0.4,11.0,12.0,2
2025-01-17 18:00:00+00:00,Ligue 1,Montpellier HSC,AS Monaco FC,1411.7650086783258,1540.5443423635238,-73.77933368519803,0.4,1.0,1.0,1.2,2.0,1.8,1.0,1.0,5.0,7.0,2
2025-01-17 19:30:00+00:00,Bundesliga,Eintracht Frankfurt,Borussia Dortmund,1544.627640909275,1517.019089181929,82.60855172734591,1.4,0.8,1.8,2.0,1.6,2.4,2.0,1.4,3.0,3.0,2
2025-01-17 19:45:00+00:00,Serie A,AS Roma,Genoa CFC,1504.8532188763947,1478.340113639759,81.51310523663574,1.6,1.6,2.0,0.8,1.0,0.6,1.8,2.2,5.0,5.0,2
2025-01-17 20:00:00+00:00,Championship,Burnley FC,Sunderland AFC,1589.2734262095169,1570.559629830441,73.7137963790758,2.2,2.0,1.0,1.4,0.2,1.0,1.8,1.0,13.0,12.0,1
2025-01-17 20:00:00+00:00,Primera Division,RCD Espanyol de Barcelona,Real Valladolid CF,1435.6733241838808,1429.2435735206986,61.429750663182176,0.6,1.2,0.4,0.6,0.8,2.0,1.2,0.6,6.0,6.0,2
2025-01-17 20:05:00+00:00,Ligue 1,Lille OSC,OGC Nice,1570.0651546813347,1546.8115023583441,78.25365232299055,1.8,2.0,1.6,2.4,1.0,2.2,2.2,1.6,7.0,6.0,2
2025-01-17 20:15:00+00:00,Primeira Liga,Sport Lisboa e Benfica,FC Famalicão,1574.861142665665,1485.7667358436788,144.09440682198624,1.4,0.6,1.4,1.4,0.8,1.8,2.0,1.2,13.0,12.0,2
2025-01-18 12:30:00+00:00,Premier League,Newcastle United FC,AFC Bournemouth,1555.5890134096555,1541.0363879609545,69.55262544870106,3.0,1.8,2.8,1.6,0.2,0.8,2.0,2.2,2.0,3.0,0
2025-01-18 12:30:00+00:00,Championship,Cardiff City FC,Swansea City AFC,1462.966639399333,1483.3399487453219,34.6266906540111,1.2,1.4,1.4,1.4,1.4,1.6,0.4,1.4,3.0,14.0,2
2025-01-18 12:30:00+00:00,Championship,Millwall FC,Hull City AFC,1495.9208320338437,1428.665176263326,122.2556557705177,1.0,1.4,0.8,1.2,1.0,1.2,0.8,0.6,13.0,13.0,0
2025-01-18 12:30:00+00:00,Championship,Plymouth Argyle FC,Queens Park Rangers FC,1426.1894987974008,1504.5455186855413,-23.35601988814051,0.6,2.0,0.6,1.6,1.8,1.4,0.8,1.2,3.0,11.0,0
2025-01-18 13:00:00+00:00,Primera Division,Girona FC,Sevilla FC,1486.7984988032474,1485.1474112435142,56.65108755973324,1.2,1.0,1.0,1.6,1.2,2.0,1.8,0.6,7.0,6.0,0
2025-01-18 14:00:00+00:00,Serie A,Bologna FC 1909,AC Monza,1511.699781913458,1426.7806841910149,139.9190977224432,1.6,0.6,1.8,1.2,1.4,1.8,1.4,0.4,2.0,4.0,2
2025-01-18 14:30:00+00:00,Bundesliga,FC Bayern München,VfL Wolfsburg,1613.3521639625299,1517.2561062622237,151.09605770030612,2.4,1.8,3.4,2.6,0.8,2.0,3.0,2.0,2.0,3.0,2
2025-01-18 14:30:00+00:00,Bundesliga,VfB Stuttgart,SC Freiburg,1525.0989746598698,1520.259773813743,59.83920084612669,2.4,1.4,2.2,1.8,0.8,2.8,2.4,0.4,2.0,3.0,2
2025-01-18 14:30:00+00:00,Bundesliga,Holstein Kiel,TSG 1899 Hoffenheim,1436.0896039888326,1458.1362303875546,32.95337360127792,1.2,0.4,2.4,0.6,2.4,2.0,1.8,0.6,3.0,2.0,0
2025-01-18 14:30:00+00:00,Bundesliga,VfL Bochum 1848,RB Leipzig,1415.955158860883,1485.2005074549372,-14.245348594054121,1.2,1.2,0.6,2.0,0.8,2.6,1.4,0.6,2.0,2.0,1
2025-01-18 14:30:00+00:00,Bundesliga,1. FC Heidenheim 1846,FC St. Pauli 1910,1441.9674175442333,1441.1380095417314,55.82940800250185,0.8,0.6,1.6,0.4,2.4,1.2,0.8,1.2,2.0,2.0,0
2025-01-18 15:00:00+00:00,Premier League,Brentford FC,Liverpool FC,1490.9623119437504,1639.8752288880125,-93.91291694426218,1.0,2.2,1.6,3.4,1.4,1.4,1.4,2.2,3.0,3.0,0
2025-01-18 15:00:00+00:00,Championship,Sheffield United FC,Norwich City FC,1592.0782139352207,1506.9077861327173,140.17042780250335,1.4,2.0,1.2,1.4,1.2,1.0,2.0,1.0,14.0,14.0,2
2025-01-18 15:00:00+00:00,Premier League,West Ham United FC,Crystal Palace FC,1490.67648080433,1491.100384945802,54.57609585852788,1.4,1.6,1.2,1.2,2.4,1.4,1.4,2.2,3.0,2.0,0
2025-01-18 15:00:00+00:00,Premier League,Leicester City FC,Fulham FC,1412.697430029275,1511.8467474525341,-44.14931742325916,0.0,1.2,0.4,1.6,2.4,1.6,0.8,1.6,2.0,3.0,0
2025-01-18 15:00:00+00:00,Championship,West Bromwich Albion FC,Stoke City FC,1541.1947949263765,1455.4845040625426,140.71029086383396,1.6,1.0,1.6,0.2,1.0,0.8,2.2,0.4,14.0,14.0,1
2025-01-18 15:00:00+00:00,Championship,Derby County FC,Watford FC,1460.2120588708106,1502.17646174836,13.035597122450554,0.6,0.8,1.0,1.2,1.8,1.8,1.2,0.6,14.0,3.0,0
2025-01-18 15:00:00+00:00,Championship,Luton Town FC,Preston North End FC,1433.5921338530145,1481.7300272249493,6.8621066280652485,0.6,1.4,0.8,1.4,1.4,1.4,2.0,1.0,11.0,14.0,1
2025-01-18 15:00:00+00:00,Championship,Oxford United FC,Blackburn Rovers FC,1473.1948429174502,1527.6588904902783,0.5359524271718783,2.2,1.0,1.6,1.2,0.8,1.0,1.4,2.0,3.0,2.0,2
2025-01-18 15:00:00+00:00,Championship,Portsmouth FC,Middlesbrough FC,1453.8585667833474,1522.2022421479255,-13.343675364578075,0.6,1.4,1.0,1.6,1.8,1.4,2.6,1.6,2.0,14.0,2
2025-01-18 15:00:00+00:00,Championship,Coventry City FC,Bristol City FC,1478.6730001228009,1515.2827033617011,18.390296761099762,1.0,2.0,1.4,1.4,1.4,0.8,1.8,0.4,14.0,14.0,2
2025-01-18 15:15:00+00:00,Primera Division,CD Leganés,Club Atlético de Madrid,1481.8876551999263,1611.6382960345957,-74.75064083466941,1.0,3.0,1.0,2.2,2.0,1.0,1.2,3.0,6.0,6.0,2
2025-01-18 15:30:00+00:00,Eredivisie,PEC Zwolle,PSV,1470.724903465859,1593.2635752546564,-67.5386717887975,1.0,1.4,0.4,2.2,0.6,1.0,1.2,1.2,6.0,6.0,2
2025-01-18 15:30:00+00:00,Primeira Liga,CD Santa Clara,GD Estoril Praia,1524.1496615679935,1478.7258860780762,100.42377548991726,1.4,1.0,0.6,1.6,0.8,2.2,2.0,0.8,13.0,12.0,0
2025-01-18 16:00:00+00:00,Ligue 1,Racing Club de Lens,Paris Saint-Germain FC,1527.9322528830976,1595.8442371282922,-12.911984245194617,2.0,2.6,1.6,2.4,0.8,0.8,1.2,2.0,6.0,5.0,0
2025-01-18 17:00:00+00:00,Serie A,Juventus FC,AC Milan,1568.3979928300912,1539.0624141033707,84.33557872672054,1.4,1.8,1.6,1.0,1.4,0.6,1.8,2.0,3.0,3.0,2
2025-01-18 17:30:00+00:00,Primera Division,Real Betis Balompié,Deportivo Alavés,1494.5667108393052,1450.537046636713,99.02966420259213,1.0,0.8,1.0,1.2,1.4,1.4,1.8,0.4,7.0,7.0,0
2025-01-18 17:30:00+00:00,Bundesliga,Bayer 04 Leverkusen,Borussia Mönchengladbach,1611.6395535438726,1502.87256686041,163.76698668346262,3.0,1.4,2.4,1.6,0.6,1.8,3.0,1.0,3.0,3.0,2
2025-01-18 17:30:00+00:00,Premier League,Arsenal FC,Aston Villa FC,1608.2793849943891,1534.1307671962618,129.14861779812736,2.6,2.0,2.4,1.4,0.8,1.4,2.6,1.2,2.0,2.0,1
2025-01-18 17:45:00+00:00,Eredivisie,FC Utrecht,AZ,1572.905434918708,1548.8209888067045,79.08444611200343,1.6,2.6,2.4,1.6,2.4,0.8,0.8,1.4,6.0,6.0,1
2025-01-18 18:00:00+00:00,Ligue 1,Stade Rennais FC 1901,Stade Brestois 29,1457.9817787099105,1510.180358872251,2.801419837659523,1.2,1.8,2.0,1.6,1.2,1.4,1.8,0.0,6.0,7.0,0
2025-01-18 18:00:00+00:00,Primeira Liga,Rio Ave FC,Sporting Clube de Portugal,1479.6524733692406,1592.6191730978278,-57.96669972858717,1.0,1.6,1.0,1.8,1.2,1.6,1.8,1.0,11.0,14.0,0
2025-01-18 19:00:00+00:00,Eredivisie,Willem II Tilburg,Feyenoord Rotterdam,1480.1485186168018,1562.2595660663908,-27.111047449589023,1.2,1.8,1.6,2.6,2.2,2.2,1.0,2.0,6.0,6.0,1
2025-01-18 19:45:00+00:00,Serie A,Atalanta BC,SSC Napoli,1596.2184354534043,1601.1360749293017,50.08236052410257,1.8,3.0,1.2,2.2,0.8,0.4,2.0,2.6,4.0,6.0,0
2025-01-18 20:00:00+00:00,Primera Division,Getafe CF,FC Barcelona,1461.707250014895,1580.3963447214192,-63.6890947065242,1.2,1.4,0.6,2.2,1.0,1.6,1.4,1.6,6.0,28.0,1
2025-01-18 20:00:00+00:00,Eredivisie,Go Ahead Eagles,FC Groningen,1524.1112214685559,1454.3547056246618,124.75651584389402,2.0,1.0,3.0,0.4,1.4,1.4,2.0,0.0,8.0,6.0,2
2025-01-18 20:05:00+00:00,Ligue 1,Olympique Lyonnais,Toulouse FC,1534.7775142202474,1500.0091358370048,89.76837838324263,1.8,1.8,2.0,1.2,1.2,1.0,2.6,1.8,7.0,6.0,1
2025-01-18 20:30:00+00:00,Primeira Liga,Vitória SC,FC Arouca,1517.2059144074608,1454.5298441898374,117.67607021762342,0.8,1.4,2.0,1.4,2.2,1.4,1.8,0.8,15.0,14.0,1
2025-01-19 11:15:00+00:00,Eredivisie,NAC Breda,FC Twente '65,1473.9567385712,1544.362092071632,-15.405353500432057,1.2,1.8,1.4,2.4,1.6,2.2,1.2,1.4,6.0,7.0,2
2025-01-19 11:30:00+00:00,Serie A,ACF Fiorentina,Torino FC,1528.2100726760843,1471.6281256424338,111.58194703365052,0.2,1.2,0.8,0.8,2.0,1.0,1.8,1.0,5.0,7.0,1
2025-01-19 12:00:00+00:00,Championship,Leeds United FC,Sheffield Wednesday FC,1593.342493504087,1500.9506099536934,147.3918835503937,2.2,1.6,2.2,2.4,0.8,2.0,2.6,2.0,14.0,14.0,2
2025-01-19 13:00:00+00:00,Primera Division,RC Celta de Vigo,Athletic Club,1480.3093013061214,1561.6914294578964,-26.382128151775078,1.2,2.6,1.2,1.8,1.2,0.8,2.0,1.8,8.0,28.0,0
2025-01-19 13:30:00+00:00,Eredivisie,SC Heerenveen,AFC Ajax,1490.803279371149,1588.0064937214909,-42.203214350341796,2.0,2.0,1.6,2.0,1.4,1.0,2.2,2.0,6.0,7.0,0
2025-01-19 13:30:00+00:00,Eredivisie,Almere City FC,Heracles Almelo,1430.4811662794266,1444.4287958198545,41.0523704595721,0.8,0.6,0.8,1.4,1.4,2.2,1.2,0.0,7.0,7.0,0
2025-01-19 14:00:00+00:00,Ligue 1,AS Saint-Étienne,FC Nantes,1456.6419398121438,1471.045176699707,40.59676311243675,0.6,1.2,1.0,1.2,2.4,1.6,1.8,0.4,6.0,8.0,1
2025-01-19 14:00:00+00:00,Serie A,Parma Calcio 1913,Venezia FC,1465.9626891935104,1435.1060102882889,85.85667890522154,0.8,1.0,0.8,1.0,2.0,1.2,1.2,0.4,7.0,7.0,1
2025-01-19 14:00:00+00:00,Premier League,Nottingham Forest FC,Southampton FC,1567.7649182023051,1383.8306985294957,238.93421967280938,2.6,0.2,1.8,0.4,0.2,2.2,2.0,0.4,4.0,2.0,2
2025-01-19 14:00:00+00:00,Premier League,Everton FC,Tottenham Hotspur FC,1456.3992871978933,1462.7441060647925,48.65518113310077,0.4,0.2,0.2,1.4,1.0,2.6,1.0,1.2,3.0,3.0,2
2025-01-19 14:00:00+00:00,Premier League,Manchester United FC,Brighton & Hove Albion FC,1491.1618088310177,1518.6474360336013,27.5143727974164,0.8,1.4,1.0,1.2,2.0,0.8,1.2,1.2,2.0,2.0,0
2025-01-19 14:00:00+00:00,Serie A,Cagliari Calcio,US Lecce,1459.80536636458,1454.593416962753,60.21194940182704,0.8,1.4,0.8,1.2,1.6,1.2,0.8,1.2,7.0,8.0,2
2025-01-19 14:30:00+00:00,Bundesliga,1. FC Union Berlin,1. FSV Mainz 05,1458.9469169305248,1530.9793733011268,-17.03245637060195,0.0,1.8,0.8,2.0,2.6,1.4,1.0,1.4,3.0,4.0,2
2025-01-19 15:15:00+00:00,Primera Division,Real Madrid CF,UD Las Palmas,1596.9926599987573,1476.2455269543839,175.7471330443734,2.6,2.0,3.0,1.2,1.6,0.8,1.8,2.0,15.0,7.0,2
2025-01-19 15:30:00+00:00,Primeira Liga,CD Nacional,AVS,1470.065696659775,1472.1498524826222,52.91584417715285,1.4,1.0,1.2,0.8,1.2,0.8,2.0,1.0,7.0,15.0,2
2025-01-19 15:30:00+00:00,Primeira Liga,Moreirense FC,SC Farense,1485.5386369701553,1469.2087756523213,71.329861317834,1.0,1.2,1.0,1.0,1.6,1.0,2.0,1.2,15.0,14.0,1
2025-01-19 15:45:00+00:00,Eredivisie,NEC,Fortuna Sittard,1460.5874911265853,1513.0129650449833,2.5745260816020163,0.8,1.6,0.8,2.2,2.4,2.0,1.4,1.2,7.0,8.0,2
2025-01-19 16:15:00+00:00,Ligue 1,Angers SCO,AJ Auxerre,1488.7660614263602,1488.4944337584193,55.27162766794095,1.8,0.6,1.2,0.6,1.2,1.4,1.2,0.8,7.0,8.0,2
2025-01-19 16:15:00+00:00,Ligue 1,Stade de Reims,Le Havre AC,1472.8456549018183,1420.3204521421312,107.52520275968709,0.4,0.0,0.6,0.6,1.8,2.6,0.4,0.6,7.0,7.0,1
2025-01-19 16:30:00+00:00,Bundesliga,SV Werder Bremen,FC Augsburg,1504.3180599058276,1475.591605414409,83.72645449141851,2.0,0.8,2.4,1.0,1.6,2.0,1.8,1.0,3.0,3.0,0
2025-01-19 16:30:00+00:00,Premier League,Ipswich Town FC,Manchester City FC,1439.6329570109915,1521.561989882601,-26.92903287160948,0.8,1.6,0.8,2.0,1.8,1.2,0.6,1.0,2.0,4.0,0
2025-01-19 17:00:00+00:00,Serie A,Hellas Verona FC,SS Lazio,1446.038755138617,1529.8254665879783,-28.78671144936129,1.4,1.0,1.2,0.8,1.4,2.2,0.8,1.8,6.0,8.0,0
2025-01-19 17:30:00+00:00,Primera Division,CA Osasuna,Rayo Vallecano de Madrid,1498.6817691493395,1504.8637206367232,48.818048512616315,0.6,1.8,0.8,1.6,1.2,1.2,1.0,1.0,7.0,8.0,1
2025-01-19 18:00:00+00:00,Primeira Liga,CF Estrela da Amadora,Sporting Clube de Braga,1459.875156708408,1536.865117692419,-21.989960984011077,1.4,1.6,1.2,2.0,1.6,1.6,2.0,2.4,13.0,15.0,0
2025-01-19 19:00:00+00:00,Eredivisie,Sparta Rotterdam,RKC Waalwijk,1435.2968738933391,1410.3734987010662,79.92337519227294,0.4,0.4,0.4,1.4,1.4,2.0,0.2,0.4,8.0,8.0,1
2025-01-19 19:45:00+00:00,Serie A,FC Internazionale Milano,Empoli FC,1609.7438409549577,1458.897713444762,205.84612751019563,2.6,0.2,2.8,1.0,0.4,2.0,2.2,1.0,4.0,8.0,2
2025-01-19 19:45:00+00:00,Ligue 1,Olympique de Marseille,RC Strasbourg Alsace,1558.2999511261771,1500.9277902168094,112.37216090936772,2.6,2.0,2.4,1.8,0.8,1.0,1.4,1.2,7.0,7.0,1
2025-01-19 20:00:00+00:00,Primera Division,Valencia CF,Real Sociedad de Fútbol,1439.9894969283114,1512.9090746790514,-17.919577750740018,0.6,2.0,1.0,1.2,1.4,0.4,0.8,1.8,8.0,6.0,2
2025-01-19 20:30:00+00:00,Primeira Liga,Gil Vicente FC,FC Porto,1481.3257253806134,1577.7381246452653,-41.41239926465187,1.8,2.0,1.0,2.0,0.6,0.6,1.6,1.4,13.0,7.0,2
2025-01-20 19:45:00+00:00,Serie A,Como 1907,Udinese Calcio,1467.7596028440796,1493.524485154702,29.235117689377603,1.4,1.2,1.2,1.0,1.0,1.2,1.4,1.6,6.0,9.0,2
2025-01-20 20:00:00+00:00,Primera Division,Villarreal CF,RCD Mallorca,1511.8826839644641,1507.2540674391582,59.628616525305915,0.8,1.8,1.4,1.2,1.6,1.8,1.2,1.2,7.0,30.0,2
2025-01-20 20:00:00+00:00,Premier League,Chelsea FC,Wolverhampton Wanderers FC,1540.8684956039622,1441.9490662859464,153.91942931801577,0.6,1.4,0.8,1.4,1.4,1.6,1.6,0.8,6.0,5.0,2
2025-01-20 20:15:00+00:00,Primeira Liga,Boavista FC,Casa Pia AC,1440.5661664859301,1505.2537272646248,-9.68756077869466,0.4,2.2,0.8,1.8,2.2,0.8,0.4,1.4,15.0,15.0,0
2025-01-21 17:45:00+00:00,UEFA Champions League,AS Monaco FC,Aston Villa FC,1528.452156791613,1541.0190496793489,42.433107112264224,0.4,1.6,1.0,1.4,2.2,1.6,1.2,1.4,3.0,3.0,2
2025-01-21 17:45:00+00:00,UEFA Champions League,Atalanta BC,SK Sturm Graz,1584.7868510824119,1467.2513160993776,172.53553498303427,1.2,0.6,1.4,0.6,1.4,1.4,1.4,0.0,2.0,41.0,2
2025-01-21 19:45:00+00:00,Championship,Watford FC,Preston North End FC,1512.551480437481,1485.260842185679,82.29063825180197,0.8,1.6,1.2,1.2,1.6,1.0,1.4,1.0,3.0,3.0,0
2025-01-21 19:45:00+00:00,Championship,Swansea City AFC,Sheffield United FC,1474.3332982658387,1598.2493039393948,-68.91600567355613,1.4,1.4,1.2,1.2,1.8,1.2,1.6,2.0,3.0,3.0,0
2025-01-21 19:45:00+00:00,Championship,Oxford United FC,Luton Town FC,1483.179416978819,1430.0613188922848,108.11809808653425,2.2,0.2,1.2,0.4,0.4,1.2,2.0,0.0,3.0,3.0,2
2025-01-21 19:45:00+00:00,Championship,Middlesbrough FC,West Bromwich Albion FC,1511.8183690217197,1534.0192990156158,32.799070006103875,1.2,1.2,1.2,1.4,1.2,1.2,1.8,0.6,3.0,3.0,2
2025-01-21 19:45:00+00:00,Championship,Hull City AFC,Queens Park Rangers FC,1442.0455945173976,1513.8742892017528,-16.82869468435524,1.4,2.0,1.0,1.4,1.0,1.2,1.0,1.2,3.0,3.0,0
2025-01-21 19:45:00+00:00,Championship,Derby County FC,Sunderland AFC,1449.8370401816896,1575.9833449177738,-71.14630473608418,0.6,1.6,0.8,1.0,1.8,0.8,1.2,1.0,3.0,3.0,0
2025-01-21 19:45:00+00:00,Championship,Blackburn Rovers FC,Coventry City FC,1517.6743164289094,1488.144178615503,84.53013781340633,0.8,1.6,0.8,1.4,0.8,0.6,1.4,0.8,3.0,3.0,0
2025-01-21 20:00:00+00:00,UEFA Champions League,Club Brugge KV,Juventus FC,1518.0440238393667,1576.017197038472,-2.973173199105304,2.0,1.8,1.2,1.6,1.0,1.0,2.0,1.4,42.0,3.0,1
2025-01-21 20:00:00+00:00,UEFA Champions League,Sport Lisboa e Benfica,FC Barcelona,1580.9362683472307,1581.91681920503,54.019449142200756,1.8,1.0,2.0,1.4,0.6,1.6,2.0,1.8,3.0,3.0,0
2025-01-21 20:00:00+00:00,Championship,Millwall FC,Cardiff City FC,1482.540413779772,1471.973289878816,65.56712390095595,0.4,1.8,0.6,1.6,1.2,0.8,0.6,1.2,3.0,3.0,1
2025-01-21 20:00:00+00:00,UEFA Champions League,FK Crvena Zvezda,PSV,1469.6074886761762,1581.3437772344816,-56.73628855830543,0.6,0.8,1.8,1.2,3.4,1.4,1.0,1.2,41.0,3.0,0
2025-01-21 20:00:00+00:00,UEFA Champions League,ŠK Slovan Bratislava,VfB Stuttgart,1446.9265482118296,1533.393494285205,-31.46694607337531,0.0,2.4,0.8,2.0,3.2,0.6,0.0,1.6,41.0,3.0,0
2025-01-21 20:00:00+00:00,UEFA Champions League,Bologna FC 1909,Borussia Dortmund,1517.8770469641397,1509.3529395038743,63.52410746026544,1.6,0.8,2.2,1.6,1.6,2.2,2.0,1.4,3.0,4.0,2
2025-01-21 20:00:00+00:00,UEFA Champions League,Club Atlético de Madrid,Bayer 04 Leverkusen,1599.5193934138713,1617.2465842286076,37.27280918526367,2.4,3.0,1.4,2.8,0.6,0.8,3.0,2.0,3.0,3.0,2
2025-01-21 20:00:00+00:00,UEFA Champions League,Liverpool FC,Lille OSC,1647.236160377136,1577.8501626033399,124.38599777379613,2.2,1.8,2.6,1.4,0.8,1.0,2.2,1.4,3.0,3.0,2
2025-01-22 17:45:00+00:00,UEFA Champions League,RB Leipzig,Sporting Clube de Portugal,1488.1240563027648,1600.9660676502688,-57.84201134750401,1.4,2.2,2.2,2.2,2.6,1.2,1.4,1.0,4.0,3.0,2
2025-01-22 17:45:00+00:00,UEFA Champions League,FK Shakhtar Donetsk,Stade Brestois 29,1479.4018885740265,1520.2609884693716,14.140900104654975,0.6,2.4,1.0,1.8,2.6,1.0,1.0,0.6,42.0,3.0,2
2025-01-22 19:45:00+00:00,Championship,Portsmouth FC,Stoke City FC,1464.2424399095532,1462.6599999733032,56.58243993625001,1.2,1.2,1.2,0.4,1.6,0.6,2.6,0.4,4.0,4.0,2
2025-01-22 19:45:00+00:00,Championship,Sheffield Wednesday FC,Bristol City FC,1494.9554725291878,1505.811524868999,44.143947660188815,1.0,2.0,2.0,1.4,2.6,0.6,1.6,0.4,3.0,4.0,1
2025-01-22 19:45:00+00:00,Championship,Leeds United FC,Norwich City FC,1599.3376309285927,1500.7366961285431,153.60093480004957,2.2,2.0,2.0,1.2,0.8,1.0,2.6,0.8,3.0,4.0,2
2025-01-22 20:00:00+00:00,UEFA Champions League,Paris Saint-Germain FC,Manchester City FC,1605.4727713472867,1530.7884583855928,129.68431296169388,3.0,2.2,2.8,3.0,1.0,0.8,2.0,1.4,4.0,3.0,2
2025-01-22 20:00:00+00:00,UEFA Champions League,Real Madrid CF,FC Red Bull Salzburg,1602.3256768899375,1466.985785919934,190.33989097000358,2.6,0.6,3.2,0.6,1.8,3.0,2.4,1.0,3.0,43.0,2
2025-01-22 20:00:00+00:00,UEFA Champions League,AC Milan,Girona FC,1531.4432098949899,1475.1822478155666,111.26096207942328,1.6,1.2,1.0,1.2,1.0,1.0,1.8,1.4,4.0,4.0,2
2025-01-22 20:00:00+00:00,UEFA Champions League,Arsenal FC,GNK Dinamo Zagreb,1601.391102511302,1495.6003569068955,160.79074560440654,2.2,1.6,1.8,1.6,1.0,1.2,2.2,2.0,4.0,43.0,2
2025-01-22 20:00:00+00:00,Championship,Plymouth Argyle FC,Burnley FC,1416.8607282811893,1583.849711122184,-111.98898284099482,0.6,1.8,0.6,0.6,1.2,0.0,0.6,2.6,4.0,5.0,0
2025-01-22 20:00:00+00:00,UEFA Champions League,Feyenoord Rotterdam,FC Bayern München,1564.8141606599497,1619.2581704818476,0.5559901781020926,1.4,2.4,2.2,3.0,2.0,1.0,2.0,2.0,4.0,4.0,2
2025-01-22 20:00:00+00:00,UEFA Champions League,AC Sparta Praha,FC Internazionale Milano,1478.5353015112903,1614.427123685771,-80.8918221744807,0.2,2.6,0.8,2.2,3.6,0.6,1.0,2.4,42.0,3.0,0
2025-01-22 20:00:00+00:00,UEFA Champions League,Celtic FC,BSC Young Boys,1514.2844465973985,1448.9102211693978,120.37422542800073,1.2,0.0,1.0,0.6,1.8,3.8,2.3333333333333335,0.0,43.0,42.0,2
2025-01-24 19:00:00+00:00,Eredivisie,Heracles Almelo,FC Utrecht,1455.6049097254554,1567.3343825969844,-56.72947287152897,1.0,1.6,1.4,2.0,1.8,2.0,1.2,2.6,5.0,6.0,1
2025-01-24 19:30:00+00:00,Bundesliga,VfL Wolfsburg,Holstein Kiel,1511.350099742906,1425.1439636258788,141.2061361170272,1.2,1.2,2.2,2.6,2.0,2.6,2.0,0.0,6.0,6.0,1
2025-01-24 19:45:00+00:00,Serie A,Torino FC,Cagliari Calcio,1478.0670010932556,1468.0894713915184,64.97752970173724,0.8,1.4,0.8,1.6,1.2,1.6,0.6,1.0,5.0,5.0,2
2025-01-24 19:45:00+00:00,Ligue 1,AJ Auxerre,AS Saint-Étienne,1480.0719932489546,1452.145426603397,82.92656664555761,0.6,0.8,0.6,1.2,1.4,1.6,1.8,0.0,5.0,5.0,1
2025-01-24 20:00:00+00:00,Championship,Sheffield United FC,Hull City AFC,1606.2913533864503,1432.529584843943,228.7617685425073,2.0,1.4,1.6,1.2,1.0,1.2,2.0,1.2,3.0,3.0,0
2025-01-24 20:00:00+00:00,Primera Division,UD Las Palmas,CA Osasuna,1470.9125100632036,1493.9525139055004,31.959996157703245,1.4,0.6,1.0,0.8,1.4,1.2,1.8,1.0,5.0,5.0,1
2025-01-24 20:15:00+00:00,Primeira Liga,FC Arouca,Moreirense FC,1461.1263313484742,1480.1806319934349,35.945699355039324,1.6,0.6,1.6,0.6,1.4,1.4,1.0,0.8,5.0,5.0,2
2025-01-25 12:30:00+00:00,Championship,Luton Town FC,Millwall FC,1423.076501877118,1477.3419957197857,0.7345061573323619,0.2,0.6,0.8,0.8,1.6,1.2,1.6,0.6,3.0,3.0,0
2025-01-25 12:30:00+00:00,Championship,Stoke City FC,Oxford United FC,1454.2743266762811,1490.1642339939858,19.110092682295317,1.2,2.2,0.6,1.4,0.8,0.8,1.0,1.0,2.0,3.0,1
2025-01-25 12:30:00+00:00,Championship,Norwich City FC,Swansea City AFC,1494.8905242418905,1466.2912488187833,83.5992754231072,1.4,0.8,0.8,0.8,1.2,2.2,2.0,0.8,2.0,3.0,2
2025-01-25 13:00:00+00:00,Primera Division,RCD Mallorca,Real Betis Balompié,1498.953662399296,1481.7911678080227,72.16249459127334,1.2,1.0,0.8,1.2,2.4,1.6,1.4,0.8,4.0,6.0,0
2025-01-25 14:00:00+00:00,Serie A,Como 1907,Atalanta BC,1476.9201288677718,1590.1924828878775,-58.272354020105695,1.4,1.2,1.6,1.8,1.2,1.0,2.0,2.2,4.0,3.0,0
2025-01-25 14:30:00+00:00,Bundesliga,1. FSV Mainz 05,VfB Stuttgart,1520.4895321464996,1542.4902710682957,32.99926107820397,1.8,2.4,1.6,2.0,1.0,0.6,2.6,2.0,6.0,3.0,2
2025-01-25 14:30:00+00:00,Bundesliga,RB Leipzig,Bayer 04 Leverkusen,1499.7736707970262,1608.3152851810735,-53.54161438404731,1.4,2.4,2.2,2.6,2.6,1.2,1.8,2.0,2.0,3.0,1
2025-01-25 14:30:00+00:00,Bundesliga,SC Freiburg,FC Bayern München,1511.965254188408,1609.2741731518868,-42.308918963478845,1.2,2.4,1.6,2.8,3.4,1.2,2.6,1.4,7.0,2.0,0
2025-01-25 14:30:00+00:00,Bundesliga,Borussia Dortmund,SV Werder Bremen,1501.1612053083418,1491.9538092609237,64.20739604741811,0.6,1.4,1.6,2.2,2.4,2.0,1.0,1.2,3.0,5.0,1
2025-01-25 14:30:00+00:00,Bundesliga,FC Augsburg,1. FC Heidenheim 1846,1487.955856059313,1430.3742073624833,112.58164869682969,1.2,0.8,1.0,1.2,1.6,2.0,1.4,0.2,5.0,7.0,2
2025-01-25 15:00:00+00:00,Premier League,Liverpool FC,Ipswich Town FC,1653.801545704254,1430.4064885079997,278.39505719625436,2.2,0.8,2.4,0.8,0.8,2.2,2.2,1.4,3.0,5.0,2
2025-01-25 15:00:00+00:00,Championship,Bristol City FC,Blackburn Rovers FC,1510.408629953374,1505.288238892016,60.12039106135808,1.6,0.8,1.6,0.8,1.0,1.0,2.6,1.4,2.0,3.0,2
2025-01-25 15:00:00+00:00,Championship,Cardiff City FC,Derby County FC,1477.1717079388025,1441.8566446736938,90.31506326510862,1.4,0.0,1.6,0.4,1.0,1.8,1.0,0.2,3.0,3.0,2
2025-01-25 15:00:00+00:00,Championship,Coventry City FC,Watford FC,1500.5302561523965,1500.22628384354,55.3039723088566,1.6,0.8,1.0,1.2,0.6,1.6,2.2,1.0,3.0,3.0,2
2025-01-25 15:00:00+00:00,Championship,Preston North End FC,Middlesbrough FC,1497.58603877962,1520.8771303428887,31.708908436731235,1.6,1.6,1.4,1.0,1.2,0.6,1.8,1.0,3.0,3.0,2
2025-01-25 15:00:00+00:00,Championship,Queens Park Rangers FC,Sheffield Wednesday FC,1523.3902988752075,1490.3583674448128,88.0319314303947,2.6,1.0,1.8,1.8,0.8,2.4,3.0,1.4,3.0,2.0,0
2025-01-25 15:00:00+00:00,Championship,Sunderland AFC,Plymouth Argyle FC,1583.9637404257696,1409.9768520940065,228.9868883317631,2.0,0.6,0.8,0.6,0.4,1.8,2.6,0.2,3.0,2.0,1
2025-01-25 15:00:00+00:00,Premier League,Southampton FC,Newcastle United FC,1379.7957739202495,1543.613448245893,-108.81767432564357,0.0,2.4,0.8,2.2,2.8,1.0,0.0,2.0,6.0,7.0,0
2025-01-25 15:00:00+00:00,Premier League,Brighton & Hove Albion FC,Everton FC,1529.4377119631667,1465.0079619434157,119.42975001975105,1.8,0.8,1.6,0.8,0.8,1.4,1.2,0.6,6.0,6.0,0
2025-01-25 15:00:00+00:00,Premier League,Wolverhampton Wanderers FC,Arsenal FC,1436.1104768168857,1607.067524312877,-115.95704749599122,0.8,2.2,1.0,2.2,2.2,1.0,1.2,2.2,4.0,2.0,0
2025-01-25 15:00:00+00:00,Championship,West Bromwich Albion FC,Portsmouth FC,1524.9605376944469,1472.6281132065753,107.33242448787155,1.2,1.8,1.2,1.8,1.2,1.2,2.2,0.0,3.0,2.0,2
2025-01-25 15:00:00+00:00,Premier League,AFC Bournemouth,Nottingham Forest FC,1553.011953124717,1571.7998428115513,36.21211031316557,1.8,2.6,1.8,2.0,1.0,0.6,1.6,2.4,7.0,6.0,2
2025-01-25 15:15:00+00:00,Primera Division,Club Atlético de Madrid,Villarreal CF,1608.4506924614054,1520.1830890043263,143.26760345707908,2.4,1.4,1.2,2.2,0.6,1.2,3.0,1.4,3.0,4.0,1
2025-01-25 15:30:00+00:00,Primeira Liga,FC Famalicão,CF Estrela da Amadora,1479.6916101621132,1450.5072348737945,84.18437528831873,0.4,0.8,1.2,0.8,2.4,1.6,0.4,0.2,7.0,5.0,1
2025-01-25 15:30:00+00:00,Primeira Liga,SC Farense,Rio Ave FC,1474.5667806290417,1471.3055788167997,58.26120181224201,1.2,1.0,0.8,1.0,0.8,1.6,1.4,0.8,6.0,6.0,0
2025-01-25 16:00:00+00:00,Ligue 1,AS Monaco FC,Stade Rennais FC 1901,1537.2368703180882,1447.9011491127899,144.33572120529834,1.0,0.6,1.2,1.2,1.6,1.6,1.8,0.2,3.0,6.0,2
2025-01-25 17:00:00+00:00,Serie A,SSC Napoli,Juventus FC,1612.567659300294,1579.264957657049,88.30270164324497,3.0,1.4,2.2,1.2,0.6,0.8,1.8,1.4,6.0,3.0,2
2025-01-25 17:30:00+00:00,Bundesliga,Borussia Mönchengladbach,VfL Bochum 1848,1497.265536175675,1413.0316100130556,139.23392616261935,1.2,1.4,1.6,1.2,2.2,1.2,2.0,0.0,7.0,7.0,2
2025-01-25 17:30:00+00:00,Primera Division,Sevilla FC,RCD Espanyol de Barcelona,1496.763662231195,1443.9234306693725,107.84023156182252,1.4,1.2,1.8,0.8,2.0,0.8,1.6,0.0,7.0,7.0,1
2025-01-25 17:30:00+00:00,Premier League,Manchester City FC,Chelsea FC,1524.3568701477745,1546.7070850730229,32.64978507475166,2.0,1.0,3.2,1.4,1.4,1.6,1.6,1.6,2.0,4.0,2
2025-01-25 17:45:00+00:00,Eredivisie,PSV,NAC Breda,1589.725138119793,1484.3998499326326,160.32528818716037,1.4,1.2,1.8,1.6,1.6,1.8,2.6,1.4,3.0,6.0,2
2025-01-25 18:00:00+00:00,Ligue 1,RC Strasbourg Alsace,Lille OSC,1507.3872017723895,1571.2847772762218,-8.897575503832286,2.2,1.2,1.8,1.0,0.6,1.0,1.6,1.2,5.0,3.0,2
2025-01-25 18:00:00+00:00,Primeira Liga,Casa Pia AC,Sport Lisboa e Benfica,1514.9749690894057,1569.3938723520487,0.5810967373570293,2.6,1.2,2.2,2.4,1.0,1.6,1.8,2.0,4.0,3.0,2
2025-01-25 19:45:00+00:00,Serie A,Empoli FC,Bologna FC 1909,1454.2144307139488,1526.0687811596722,-16.854350445723412,0.2,1.6,1.2,2.2,2.4,1.8,0.8,1.2,6.0,3.0,1
2025-01-25 20:00:00+00:00,Primera Division,Real Valladolid CF,Real Madrid CF,1420.993467035207,1607.336664173458,-131.34319713825107,1.2,2.6,0.8,3.6,1.4,1.6,1.4,2.0,8.0,3.0,0
2025-01-25 20:05:00+00:00,Ligue 1,Paris Saint-Germain FC,Stade de Reims,1611.9043595851049,1466.5126600281844,200.39169955692046,3.0,0.6,3.0,0.8,1.4,1.6,2.6,0.8,3.0,6.0,1
2025-01-25 20:15:00+00:00,Eredivisie,FC Groningen,SC Heerenveen,1447.7987231867978,1482.012046201371,20.786676985426766,1.0,1.8,0.6,1.4,0.8,1.6,1.6,1.2,7.0,6.0,2
2025-01-25 20:30:00+00:00,Primeira Liga,Sporting Clube de Portugal,CD Nacional,1589.3164531560074,1478.5543243958523,165.76212876015506,1.6,1.4,1.8,1.6,1.2,1.4,1.8,0.2,3.0,6.0,2
2025-01-26 11:15:00+00:00,Eredivisie,Fortuna Sittard,PEC Zwolle,1503.0870645059508,1482.6447014860337,75.44236301991714,1.4,1.0,2.2,0.8,2.6,0.8,1.8,0.6,6.0,7.0,0
2025-01-26 11:30:00+00:00,Serie A,AC Milan,Parma Calcio 1913,1538.3460178450594,1460.2073041293659,133.13871371569348,1.6,1.0,1.0,0.6,1.0,1.6,1.8,0.8,3.0,6.0,2
2025-01-26 13:00:00+00:00,Primera Division,Rayo Vallecano de Madrid,Girona FC,1509.5929758805623,1468.2794398654971,96.31353601506521,1.4,1.2,1.6,1.2,1.4,1.0,1.4,0.8,6.0,3.0,2
2025-01-26 13:30:00+00:00,Eredivisie,RKC Waalwijk,Willem II Tilburg,1415.967475811778,1477.5939240232428,-6.626448211464776,0.4,1.4,1.4,1.8,2.0,2.0,1.0,1.2,6.0,7.0,2
2025-01-26 14:00:00+00:00,Premier League,Crystal Palace FC,Brentford FC,1502.6584174928887,1483.601380454627,74.0570370382618,2.2,1.0,1.4,1.6,0.4,1.4,1.2,1.0,7.0,7.0,0
2025-01-26 14:00:00+00:00,Ligue 1,Le Havre AC,Stade Brestois 29,1426.653447015765,1510.6677716970385,-29.014324681273365,0.2,1.8,0.8,1.6,2.6,1.4,0.6,0.6,6.0,3.0,0
2025-01-26 14:00:00+00:00,Premier League,Tottenham Hotspur FC,Leicester City FC,1454.13543131927,1403.9613538658098,105.17407745346031,0.2,0.0,1.2,0.4,2.0,2.2,0.4,0.0,7.0,7.0,0
2025-01-26 14:00:00+00:00,Serie A,Udinese Calcio,AS Roma,1484.3639591310098,1512.549202527407,26.814756603602746,1.2,2.2,1.0,2.6,1.4,0.8,0.4,0.4,5.0,8.0,0
2025-01-26 14:30:00+00:00,Bundesliga,TSG 1899 Hoffenheim,Eintracht Frankfurt,1469.0818707505084,1552.2937905873298,-28.21191983682138,0.8,1.8,1.0,1.8,2.0,1.2,0.8,2.0,8.0,8.0,1
2025-01-26 15:15:00+00:00,Primera Division,Real Sociedad de Fútbol,Getafe CF,1502.3937646253944,1460.1867755312842,97.20698909411021,1.4,1.4,0.8,0.8,0.6,0.8,2.0,0.8,6.0,7.0,0
2025-01-26 15:30:00+00:00,Primeira Liga,GD Estoril Praia,Vitória SC,1491.5384223167157,1510.609427248824,35.92899506789172,1.4,1.0,1.8,2.4,2.2,2.4,1.6,0.6,8.0,7.0,2
2025-01-26 15:45:00+00:00,Eredivisie,AZ,Sparta Rotterdam,1554.392041128428,1429.7028967826272,179.68914434580074,2.2,0.6,1.4,0.6,0.8,1.4,2.0,0.4,7.0,6.0,0
2025-01-26 16:15:00+00:00,Ligue 1,Racing Club de Lens,Angers SCO,1518.3037186641031,1497.188501935825,76.11521672827826,1.4,1.8,1.4,1.4,1.2,1.2,1.2,1.8,8.0,7.0,2
2025-01-26 16:15:00+00:00,Ligue 1,Toulouse FC,Montpellier HSC,1505.870211211482,1423.8571942502365,137.0130169612455,1.4,0.8,0.8,1.0,1.0,1.8,2.0,0.0,7.0,8.0,0
2025-01-26 16:15:00+00:00,Ligue 1,FC Nantes,Olympique Lyonnais,1475.541689908454,1528.9164388457702,1.6252510626836738,1.2,1.4,1.2,1.2,1.6,1.0,1.0,1.0,7.0,7.0,1
2025-01-26 16:30:00+00:00,Premier League,Aston Villa FC,West Ham United FC,1532.2343361528738,1479.1184482572432,108.11588789563052,1.6,1.2,1.4,1.0,1.2,2.6,2.6,1.4,4.0,8.0,1
2025-01-26 16:30:00+00:00,Bundesliga,FC St. Pauli 1910,1. FC Union Berlin,1452.7312197234814,1469.436758085152,38.294461638329494,1.2,0.6,0.6,1.0,0.8,2.4,0.8,0.0,8.0,7.0,2
2025-01-26 17:00:00+00:00,Serie A,US Lecce,FC Internazionale Milano,1446.3093119358148,1622.140046999386,-120.83073506357118,0.8,2.6,1.0,2.0,1.8,0.6,1.2,2.4,7.0,3.0,0
2025-01-26 17:30:00+00:00,Primera Division,Athletic Club,CD Leganés,1570.9335468490851,1494.0065578206506,131.9269890284345,2.6,1.4,1.8,1.0,0.8,1.8,2.6,1.0,7.0,8.0,1
2025-01-26 18:00:00+00:00,Primeira Liga,FC Porto,CD Santa Clara,1566.551792864749,1511.337125329354,110.21466753539494,1.8,0.8,2.0,0.8,1.0,1.4,3.0,1.2,6.0,8.0,1
2025-01-26 19:00:00+00:00,Premier League,Fulham FC,Manchester United FC,1520.5828236159994,1480.3715329014522,95.2112907145472,1.6,0.8,2.0,1.2,1.6,2.0,1.4,1.0,8.0,7.0,0
2025-01-26 19:45:00+00:00,Serie A,SS Lazio,ACF Fiorentina,1538.998809210293,1521.7711972252625,72.22761198503053,1.6,0.4,1.4,1.0,1.0,2.0,1.6,1.4,7.0,7.0,0
2025-01-26 19:45:00+00:00,Ligue 1,OGC Nice,Olympique de Marseille,1539.026494436339,1551.840539570597,42.185954865741905,2.0,2.2,2.4,2.2,1.8,0.8,2.6,3.0,8.0,7.0,2
2025-01-26 20:00:00+00:00,Primera Division,FC Barcelona,Valencia CF,1593.459215200212,1450.5048069819684,197.95440821824354,1.4,1.2,2.0,1.2,2.0,1.2,1.2,0.6,5.0,7.0,2
2025-01-26 20:30:00+00:00,Primeira Liga,Sporting Clube de Braga,Boavista FC,1546.2330395270326,1430.8449246611492,170.38811486588338,2.0,0.2,1.8,1.0,1.2,2.6,1.0,1.0,7.0,6.0,2
2025-01-27 17:30:00+00:00,Serie A,Venezia FC,Hellas Verona FC,1440.8613953524334,1436.8654125163023,58.995982836131134,1.0,0.8,0.8,0.6,1.0,1.6,1.0,1.2,8.0,8.0,1
2025-01-27 19:45:00+00:00,Serie A,Genoa CFC,AC Monza,1470.6441299887467,1420.6034191403332,105.04071084841348,1.4,0.6,1.0,1.2,1.2,2.0,1.2,0.4,10.0,9.0,2
2025-01-27 20:00:00+00:00,Primera Division,Deportivo Alavés,RC Celta de Vigo,1463.3125896679956,1471.0671839149327,47.24540575306287,1.2,1.2,1.6,1.2,1.4,1.0,1.0,0.2,9.0,8.0,1
2025-01-27 20:00:00+00:00,Championship,Burnley FC,Leeds United FC,1590.7335873093668,1605.1838028152454,40.54978449412147,1.8,2.2,1.2,2.0,0.0,0.8,1.4,1.6,5.0,5.0,1
2025-01-27 20:15:00+00:00,Primeira Liga,AVS,Gil Vicente FC,1463.661224746545,1492.5120571611299,26.14916758541517,0.8,1.8,0.8,1.2,1.2,0.6,0.4,0.8,8.0,7.0,2
2025-01-28 19:00:00+00:00,Eredivisie,Heracles Almelo,FC Groningen,1453.8900244746412,1457.201147365905,51.68887710873628,1.2,1.0,1.6,0.4,1.8,0.8,1.4,0.0,4.0,2.0,1
2025-01-28 19:45:00+00:00,Championship,Portsmouth FC,Millwall FC,1465.6227245639077,1487.363136474898,33.25958808900964,1.2,1.0,1.2,1.0,2.2,1.2,2.6,1.0,3.0,3.0,0
2025-01-29 20:00:00+00:00,UEFA Champions League,Aston Villa FC,Celtic FC,1525.8858776658312,1520.9520796898928,59.93379797593843,1.6,1.8,1.2,1.0,1.0,0.4,2.2,0.6666666666666666,3.0,7.0,2
2025-01-29 20:00:00+00:00,UEFA Champions League,FC Internazionale Milano,AS Monaco FC,1628.7960048943967,1543.3061219580738,140.48988293632283,2.6,1.4,2.2,1.8,0.6,2.0,2.6,0.4,3.0,4.0,2
2025-01-29 20:00:00+00:00,UEFA Champions League,Manchester City FC,Club Brugge KV,1533.419890340294,1514.7962632207896,73.62362711950436,2.0,1.6,3.4,1.0,1.6,1.0,2.0,1.3333333333333333,4.0,8.0,2
2025-01-29 20:00:00+00:00,UEFA Champions League,Bayer 04 Leverkusen,AC Sparta Praha,1610.119651362908,1470.8223781976753,194.29727316523258,2.0,0.0,2.0,0.6,1.4,3.6,3.0,0.3333333333333333,4.0,7.0,2
2025-01-29 20:00:00+00:00,UEFA Champions League,Juventus FC,Sport Lisboa e Benfica,1571.753167648679,1559.410597645016,67.34257000366301,1.2,0.6,1.0,2.0,0.8,2.2,1.8,1.4,4.0,4.0,0
2025-01-29 20:00:00+00:00,UEFA Champions League,GNK Dinamo Zagreb,AC Milan,1489.9239351053207,1544.6911504498303,0.2327846554903772,1.4,2.0,1.2,1.4,1.4,1.2,0.6666666666666666,1.8,7.0,3.0,2
2025-01-29 20:00:00+00:00,UEFA Champions League,Lille OSC,Feyenoord Rotterdam,1561.0287404374512,1574.7981579899106,41.230582447540655,1.0,1.4,1.0,2.0,1.2,1.6,2.6,1.6,4.0,7.0,2
2025-01-29 20:00:00+00:00,UEFA Champions League,Sporting Clube de Portugal,Bologna FC 1909,1594.877258097265,1528.9173874666758,120.9598706305892,2.0,1.8,2.2,2.0,1.2,1.4,1.8,1.4,3.0,4.0,1
2025-01-29 20:00:00+00:00,UEFA Champions League,PSV,Liverpool FC,1595.412458834922,1657.1539981179694,-6.741539283047359,2.0,2.2,2.4,2.2,1.8,1.0,2.6,2.6,4.0,4.0,2
2025-01-29 20:00:00+00:00,UEFA Champions League,FC Red Bull Salzburg,Club Atlético de Madrid,1461.9747986364134,1601.2126350158326,-84.23783637941915,0.6,2.0,0.8,1.2,3.2,0.8,0.0,2.4,7.0,4.0,0
2025-01-29 20:00:00+00:00,UEFA Champions League,Borussia Dortmund,FK Shakhtar Donetsk,1496.0005893957702,1488.9951053463597,62.0054840494106,0.2,1.2,1.4,1.4,2.6,2.0,0.6,0.3333333333333333,4.0,7.0,2
2025-01-29 20:00:00+00:00,UEFA Champions League,FC Bayern München,ŠK Slovan Bratislava,1618.0624084620472,1437.829771428739,235.23263703330827,2.4,0.0,2.2,1.0,1.2,3.0,3.0,0.0,4.0,8.0,2
2025-01-29 20:00:00+00:00,UEFA Champions League,Girona FC,Arsenal FC,1460.982673449695,1613.8486506242746,-97.86597717457948,1.2,2.2,1.2,1.8,1.0,0.8,1.2,2.2,3.0,4.0,0
2025-01-29 20:00:00+00:00,UEFA Champions League,Stade Brestois 29,Real Madrid CF,1519.8346082058774,1613.726656906345,-38.89204870046751,1.8,3.0,1.0,3.6,1.2,1.0,2.4,2.6,3.0,4.0,0
2025-01-29 20:00:00+00:00,UEFA Champions League,SK Sturm Graz,RB Leipzig,1461.845684293912,1497.9693046151917,18.87637967872024,0.6,1.6,0.6,2.4,2.2,2.0,1.0,0.8,8.0,4.0,2
2025-01-29 20:00:00+00:00,UEFA Champions League,VfB Stuttgart,Paris Saint-Germain FC,1533.4372203520502,1603.3678610841544,-14.930640732104166,2.4,2.6,2.0,2.6,0.8,1.4,2.4,2.0,4.0,3.0,0
2025-01-29 20:00:00+00:00,UEFA Champions League,FC Barcelona,Atalanta BC,1598.3073955907305,1598.5308216617586,54.77657392897186,1.4,1.6,2.8,2.0,1.8,1.0,1.2,2.2,3.0,4.0,1
2025-01-29 20:00:00+00:00,UEFA Champions League,BSC Young Boys,FK Crvena Zvezda,1442.2425880769035,1461.226127790865,36.01646028603864,0.0,0.6,0.6,2.2,3.0,3.2,0.0,0.0,7.0,8.0,0
2025-01-31 19:00:00+00:00,Eredivisie,NAC Breda,Heracles Almelo,1478.7125292175035,1449.0798454326878,84.63268378481575,0.6,1.2,1.6,1.4,2.4,1.6,1.2,0.6,6.0,3.0,1
2025-01-31 19:30:00+00:00,Bundesliga,SV Werder Bremen,1. FSV Mainz 05,1497.1144251734952,1529.5425828627451,22.57184231075007,1.0,1.8,2.2,1.6,2.4,0.8,1.6,1.2,6.0,6.0,2
2025-01-31 19:45:00+00:00,Ligue 1,Montpellier HSC,Racing Club de Lens,1437.6082811604053,1526.1473351546888,-33.53905399428345,1.4,1.4,1.4,1.2,1.6,1.2,1.6,2.0,5.0,5.0,0
2025-01-31 19:45:00+00:00,Serie A,Parma Calcio 1913,US Lecce,1453.862171524595,1439.653354040804,69.20881748379088,1.0,0.8,1.0,0.8,1.2,2.2,1.4,1.2,5.0,5.0,0
2025-01-31 20:00:00+00:00,Primera Division,CD Leganés,Rayo Vallecano de Madrid,1500.9645026528285,1516.8897422963644,39.07476035646414,1.6,1.8,1.0,1.4,1.2,1.0,1.2,1.2,5.0,5.0,0
2025-01-31 20:00:00+00:00,Championship,Blackburn Rovers FC,Preston North End FC,1497.0015760784731,1506.6759085767487,45.32566750172441,0.6,1.6,0.8,1.2,1.2,1.2,0.8,1.4,6.0,6.0,2
2025-01-31 20:15:00+00:00,Primeira Liga,Boavista FC,FC Famalicão,1425.3903934093246,1473.981586768389,6.408806640935609,0.2,0.4,0.6,0.6,2.6,1.8,0.4,1.0,4.0,6.0,0
2025-02-01 12:30:00+00:00,Premier League,Nottingham Forest FC,Brighton & Hove Albion FC,1562.8383533225513,1516.1295323801733,101.708820942378,2.0,1.6,1.8,1.6,1.6,1.0,2.6,1.8,6.0,6.0,2
2025-02-01 12:30:00+00:00,Championship,Oxford United FC,Bristol City FC,1494.0470459972419,1518.6952927669167,30.35175323032513,1.8,1.6,1.2,1.4,0.8,1.2,2.4,0.6,7.0,6.0,1
2025-02-01 12:30:00+00:00,Championship,Plymouth Argyle FC,West Bromwich Albion FC,1419.0876753814039,1531.9659263371145,-57.878250955710655,0.6,1.6,0.6,2.0,1.8,1.2,0.6,0.4,6.0,6.0,2
2025-02-01 12:30:00+00:00,Championship,Watford FC,Norwich City FC,1491.804751105755,1502.529729793064,44.275021312691024,0.8,1.8,1.2,1.6,1.4,1.2,1.2,0.8,6.0,7.0,0
2025-02-01 13:00:00+00:00,Primera Division,Getafe CF,Sevilla FC,1472.9138289876219,1490.4224182147639,37.49141077285799,1.4,1.6,1.2,1.4,0.8,1.4,1.4,1.2,5.0,6.0,1
2025-02-01 14:00:00+00:00,Serie A,AC Monza,Hellas Verona FC,1413.5378668766643,1441.8806526736205,26.65721420304385,0.6,1.0,1.0,0.8,2.0,1.6,0.6,1.4,4.0,4.0,0
2025-02-01 14:00:00+00:00,Serie A,Udinese Calcio,Venezia FC,1473.593697171885,1435.8461551951152,92.74754197676975,0.6,0.6,0.8,0.6,1.6,1.0,0.4,0.4,6.0,4.0,2
2025-02-01 14:30:00+00:00,Bundesliga,VfB Stuttgart,Borussia Mönchengladbach,1523.8666943921514,1503.4596528678035,75.40704152434796,1.8,1.2,2.0,1.4,1.6,2.0,1.8,0.8,2.0,6.0,0
2025-02-01 14:30:00+00:00,Bundesliga,FC St. Pauli 1910,FC Augsburg,1461.633458312721,1494.8243385487333,21.80911976398761,1.8,1.8,1.2,1.4,0.4,1.4,1.2,1.4,5.0,7.0,1
2025-02-01 14:30:00+00:00,Bundesliga,VfL Bochum 1848,SC Freiburg,1406.837493320927,1503.1770188782475,-41.339525557320485,1.4,0.6,1.2,1.2,1.6,3.4,1.6,0.2,6.0,7.0,0
2025-02-01 14:30:00+00:00,Bundesliga,1. FC Heidenheim 1846,Borussia Dortmund,1423.505724873063,1504.2346370369426,-25.728912163879613,0.8,0.8,1.2,1.6,1.8,2.2,0.6,0.8,7.0,2.0,0
2025-02-01 14:30:00+00:00,Bundesliga,FC Bayern München,Holstein Kiel,1622.1664002709854,1432.3316176351216,244.8347826358638,2.4,1.4,2.6,2.8,1.4,2.2,3.0,0.2,2.0,7.0,2
2025-02-01 15:00:00+00:00,Premier League,Ipswich Town FC,Southampton FC,1427.0540360942844,1372.829250619215,109.22478547506944,0.8,0.0,1.0,1.0,2.8,3.2,0.6,0.2,7.0,7.0,0
2025-02-01 15:00:00+00:00,Premier League,AFC Bournemouth,Liverpool FC,1561.973442613717,1646.959985368002,-29.986542754284983,2.2,2.0,2.8,2.2,1.0,1.2,2.2,2.0,7.0,2.0,0
2025-02-01 15:00:00+00:00,Premier League,Everton FC,Leicester City FC,1478.3161415264092,1416.8993092651513,116.41683226125792,1.2,0.6,0.8,0.6,1.2,1.8,1.4,0.6,7.0,6.0,2
2025-02-01 15:00:00+00:00,Premier League,Newcastle United FC,Fulham FC,1550.5799715469277,1507.9090220362255,97.67094951070226,2.4,1.0,2.2,1.6,1.2,1.6,2.0,1.6,7.0,5.0,0
2025-02-01 15:00:00+00:00,Championship,Swansea City AFC,Coventry City FC,1458.6520432676098,1508.9517888901814,4.700254377428337,0.2,2.0,0.6,1.4,3.0,0.8,1.4,0.8,7.0,7.0,0
2025-02-01 15:00:00+00:00,Championship,Sheffield Wednesday FC,Luton Town FC,1502.8392651304528,1413.0553611220057,144.78390400844705,1.6,0.2,2.0,0.6,1.8,1.4,1.6,0.0,7.0,7.0,1
2025-02-01 15:00:00+00:00,Championship,Portsmouth FC,Burnley FC,1454.6683501837272,1586.2384079804544,-76.57005779672727,1.2,1.8,1.2,1.2,2.2,0.0,2.4,2.6,3.0,4.0,1
2025-02-01 15:00:00+00:00,Championship,Millwall FC,Queens Park Rangers FC,1498.3175108550786,1510.9094011895675,42.40810966551112,1.6,2.4,1.2,1.6,1.0,1.0,0.8,1.6,3.0,7.0,2
2025-02-01 15:00:00+00:00,Championship,Leeds United FC,Cardiff City FC,1609.6789821441578,1484.6292422856177,180.04973985854008,1.8,1.8,1.8,1.8,0.8,1.0,2.6,1.2,4.0,7.0,2
2025-02-01 15:00:00+00:00,Championship,Hull City AFC,Stoke City FC,1448.302756520709,1450.391514673025,52.91124184768387,1.4,0.8,1.6,0.4,1.2,0.8,1.0,0.4,7.0,7.0,0
2025-02-01 15:00:00+00:00,Championship,Derby County FC,Sheffield United FC,1434.3991103268786,1590.5181817096843,-101.11907138280571,0.0,1.8,0.6,1.4,2.0,1.4,1.2,2.4,7.0,7.0,0
2025-02-01 15:15:00+00:00,Primera Division,Villarreal CF,Real Valladolid CF,1527.4211464498992,1414.6034743023201,167.81767214757906,1.6,1.2,2.2,0.6,1.0,1.6,1.6,0.0,7.0,6.0,2
2025-02-01 15:30:00+00:00,Primeira Liga,CD Santa Clara,Casa Pia AC,1517.740399389346,1524.9582437964384,47.78215559290766,1.0,2.6,1.0,2.4,1.4,1.2,1.4,2.0,5.0,6.0,2
2025-02-01 15:30:00+00:00,Primeira Liga,CD Nacional,FC Arouca,1472.9935194545947,1470.0954066649526,57.89811278964203,1.4,1.6,1.6,1.6,1.4,1.4,2.0,1.0,6.0,7.0,0
2025-02-01 16:00:00+00:00,Ligue 1,Stade Brestois 29,Paris Saint-Germain FC,1510.9493590572624,1612.9383870440531,-46.98902798679069,1.8,2.6,1.0,2.6,1.4,1.2,2.4,2.6,2.0,2.0,0
2025-02-01 17:00:00+00:00,Serie A,Atalanta BC,Torino FC,1603.427817187983,1486.2183011174486,172.2095160705344,1.6,1.4,2.4,1.2,1.4,0.8,1.4,1.2,2.0,7.0,1
2025-02-01 17:30:00+00:00,Primera Division,Club Atlético de Madrid,RCD Mallorca,1608.8344931924316,1486.9060192346699,176.92847395776175,2.0,1.2,1.6,0.6,0.8,1.6,2.6,1.2,2.0,7.0,2
2025-02-01 17:30:00+00:00,Premier League,Wolverhampton Wanderers FC,Aston Villa FC,1429.329350505488,1534.1777538845995,-49.84840337911146,0.2,1.6,0.6,1.6,2.4,1.2,0.6,0.8,7.0,2.0,2
2025-02-01 17:30:00+00:00,Bundesliga,1. FC Union Berlin,RB Leipzig,1460.5345194959125,1488.512076547269,27.022442948643402,0.6,1.0,0.6,1.6,2.4,1.8,1.0,0.8,6.0,2.0,1
2025-02-01 17:45:00+00:00,Eredivisie,PEC Zwolle,FC Utrecht,1494.7826115476914,1569.0492678477985,-19.266656300107115,1.4,1.2,1.6,1.6,1.0,2.0,1.8,2.2,6.0,7.0,1
2025-02-01 18:00:00+00:00,Ligue 1,AS Monaco FC,AJ Auxerre,1537.1428758604893,1474.3961568014188,117.74671905907053,1.4,0.6,1.4,0.8,1.8,1.6,1.8,0.8,2.0,7.0,2
2025-02-01 18:00:00+00:00,Primeira Liga,Gil Vicente FC,GD Estoril Praia,1483.2632728014646,1500.507973313741,37.755299487723505,1.2,2.0,1.0,2.0,0.8,1.8,1.6,1.4,4.0,6.0,0
2025-02-01 19:00:00+00:00,Eredivisie,SC Heerenveen,Fortuna Sittard,1472.609622022264,1490.949154444293,36.66046757797085,1.2,1.2,1.0,2.0,1.6,3.0,2.0,1.0,6.0,6.0,1
2025-02-01 19:45:00+00:00,Serie A,Bologna FC 1909,Como 1907,1535.59806367717,1468.5817900938907,122.01627358327937,1.8,1.4,1.8,1.8,1.2,1.2,2.0,0.6,2.0,7.0,2
2025-02-01 20:00:00+00:00,Eredivisie,NEC,PSV,1470.5133916656177,1605.6064715848895,-80.09307991927176,1.4,2.0,1.4,2.4,2.2,2.2,1.4,1.2,13.0,3.0,1
2025-02-01 20:00:00+00:00,Primera Division,RCD Espanyol de Barcelona,Real Madrid CF,1450.2646746858036,1622.61190605496,-117.34723136915636,1.2,3.0,1.0,3.4,1.0,0.6,1.8,2.6,7.0,3.0,2
2025-02-01 20:05:00+00:00,Ligue 1,Lille OSC,AS Saint-Étienne,1569.847568435566,1457.8212630509329,167.02630538463313,1.4,1.0,2.0,1.4,1.2,1.4,2.6,0.2,3.0,8.0,2
2025-02-01 20:30:00+00:00,Primeira Liga,Vitória SC,AVS,1501.6398762517986,1472.9100091062103,83.72986714558829,0.8,1.2,2.0,0.8,2.2,1.0,1.8,0.8,6.0,5.0,2
2025-02-02 11:15:00+00:00,Eredivisie,Almere City FC,RKC Waalwijk,1419.3050523738257,1426.1581772001523,48.14687517367338,0.8,1.0,0.8,1.4,1.6,1.4,1.2,0.6,13.0,6.0,0
2025-02-02 11:30:00+00:00,Serie A,Juventus FC,Empoli FC,1559.8388064538024,1451.3658244069452,163.47298204685717,1.0,0.4,0.8,1.0,1.0,2.0,1.6,0.8,3.0,7.0,2
2025-02-02 13:00:00+00:00,Primera Division,FC Barcelona,Deportivo Alavés,1593.4104000645061,1458.6277444595305,189.78265560497562,1.6,1.2,3.2,1.4,2.0,1.2,0.8,1.0,3.0,5.0,2
2025-02-02 13:30:00+00:00,Eredivisie,Go Ahead Eagles,FC Twente '65,1530.66720390642,1533.9189807101995,51.74822319622035,2.6,1.2,3.0,2.0,1.0,2.2,2.6,1.2,14.0,14.0,1
2025-02-02 13:30:00+00:00,Eredivisie,AFC Ajax,Feyenoord Rotterdam,1596.797726891269,1565.9793299917958,85.8183968994731,2.4,0.8,2.0,1.2,0.6,2.4,2.6,1.0,14.0,3.0,2
2025-02-02 14:00:00+00:00,Serie A,ACF Fiorentina,Genoa CFC,1533.8206359667288,1477.7096822524156,111.11095371431315,1.0,2.0,1.2,1.2,1.8,0.8,1.4,1.6,6.0,5.0,2
2025-02-02 14:00:00+00:00,Ligue 1,Toulouse FC,OGC Nice,1492.1191243013131,1547.818217118594,-0.6990928172808708,1.4,2.0,1.0,2.4,1.0,1.6,1.8,1.4,6.0,6.0,1
2025-02-02 14:00:00+00:00,Premier League,Manchester United FC,Crystal Palace FC,1493.045334481226,1490.5585901259324,57.486744355293695,1.4,2.0,1.4,1.6,1.6,0.8,0.6,2.6,6.0,7.0,0
2025-02-02 14:00:00+00:00,Premier League,Brentford FC,Tottenham Hotspur FC,1495.7012078215835,1441.1974759199286,109.50373190165487,1.4,0.2,2.0,1.4,1.6,2.2,0.8,0.6,7.0,7.0,0
2025-02-02 14:30:00+00:00,Bundesliga,Eintracht Frankfurt,VfL Wolfsburg,1554.8168995535261,1504.1624457336632,105.65445381986297,2.0,1.4,2.0,2.2,1.2,1.8,2.0,1.8,7.0,8.0,1
2025-02-02 15:15:00+00:00,Primera Division,Valencia CF,RC Celta de Vigo,1445.6566265914498,1475.7520291233977,24.90459746805209,1.0,0.8,1.2,1.0,2.4,1.2,1.4,0.4,6.0,5.0,2
2025-02-02 15:45:00+00:00,Eredivisie,Sparta Rotterdam,FC Groningen,1444.4581564075813,1462.0113264078584,37.44682999972292,1.2,1.0,1.0,0.6,1.2,1.0,0.2,0.2,7.0,4.0,2
2025-02-02 16:15:00+00:00,Ligue 1,Stade de Reims,FC Nantes,1475.0491585291347,1472.1615784304577,57.88758009867706,0.6,0.8,1.0,1.2,1.8,1.8,0.6,0.6,7.0,7.0,0
2025-02-02 16:15:00+00:00,Ligue 1,Stade Rennais FC 1901,RC Strasbourg Alsace,1441.8318974728043,1517.64323861116,-20.81134113835583,0.6,2.6,1.6,2.2,2.0,0.8,1.2,1.4,8.0,7.0,2
2025-02-02 16:15:00+00:00,Ligue 1,Angers SCO,Le Havre AC,1489.3448854452392,1417.4866105069261,126.85827493831312,1.8,0.2,1.4,0.6,0.8,2.4,1.8,0.8,7.0,7.0,1
2025-02-02 16:30:00+00:00,Premier League,Arsenal FC,Manchester City FC,1621.104049620491,1541.3319905949631,134.77205902552782,2.6,2.0,2.0,3.2,0.8,1.6,2.2,1.4,3.0,3.0,2
2025-02-02 16:30:00+00:00,Bundesliga,Bayer 04 Leverkusen,TSG 1899 Hoffenheim,1615.0455737440402,1466.558761784312,203.48681195972813,2.0,0.8,1.8,1.2,1.0,2.2,3.0,1.0,3.0,7.0,2
2025-02-02 17:00:00+00:00,Serie A,AC Milan,FC Internazionale Milano,1534.6978505297977,1634.9592509919812,-45.261400462183474,1.8,2.6,1.4,2.6,1.4,0.6,1.8,3.0,3.0,3.0,1
2025-02-02 17:30:00+00:00,Primera Division,CA Osasuna,Real Sociedad de Fútbol,1498.20314399166,1489.6667111690567,63.536432822603274,0.6,0.8,0.6,0.2,1.0,1.2,1.2,1.2,8.0,7.0,2
2025-02-02 18:00:00+00:00,Primeira Liga,Sporting Clube de Portugal,SC Farense,1588.1965818867707,1462.9054315281205,180.29115035865016,1.6,1.2,2.2,1.0,1.4,1.0,2.0,1.4,3.0,8.0,2
2025-02-02 19:00:00+00:00,Eredivisie,Willem II Tilburg,AZ,1467.4032226348686,1539.636781503474,-17.233558868605314,1.4,1.6,1.6,1.2,2.0,1.0,1.0,1.6,7.0,7.0,0
2025-02-02 19:45:00+00:00,Ligue 1,Olympique de Marseille,Olympique Lyonnais,1543.048816888342,1532.2965503237665,65.7522665645754,1.6,1.0,1.8,0.8,1.2,1.2,1.6,1.0,7.0,7.0,2
2025-02-02 19:45:00+00:00,Serie A,AS Roma,SSC Napoli,1523.3194644865318,1620.0794493086642,-41.75998482213231,2.2,3.0,2.0,2.2,1.0,0.6,2.4,3.0,7.0,8.0,1
2025-02-02 20:00:00+00:00,Primera Division,Real Betis Balompié,Athletic Club,1493.8388109726488,1563.9756020169073,-15.136791044258416,1.4,2.2,1.0,1.4,1.2,0.6,1.2,2.2,8.0,7.0,1
2025-02-02 20:30:00+00:00,Primeira Liga,CF Estrela da Amadora,Sport Lisboa e Benfica,1456.2172582675187,1571.3249588398926,-60.107700572373915,1.0,1.2,0.8,2.4,1.2,2.0,1.8,1.4,8.0,4.0,0
2025-02-03 18:45:00+00:00,Primeira Liga,Moreirense FC,Sporting Clube de Braga,1471.2115566769564,1551.6875707788572,-25.476014101900773,0.6,2.4,0.6,1.8,1.4,0.6,1.6,3.0,9.0,7.0,0
2025-02-03 19:45:00+00:00,Serie A,Cagliari Calcio,SS Lazio,1459.9381713673254,1526.9493704688268,-12.011199101501461,1.4,1.0,1.4,1.2,1.6,1.2,1.4,1.8,10.0,8.0,0
2025-02-03 20:00:00+00:00,Championship,Middlesbrough FC,Sunderland AFC,1511.7872605457599,1574.8529171383723,-8.065656592612413,1.4,2.2,1.2,1.2,1.0,0.6,1.8,1.6,9.0,9.0,0
2025-02-03 20:00:00+00:00,Premier League,Chelsea FC,West Ham United FC,1537.6440648805035,1485.4669067442858,107.17715813621771,1.0,0.8,1.4,1.0,1.8,2.8,2.0,1.0,9.0,8.0,2
2025-02-03 20:00:00+00:00,Primera Division,Girona FC,UD Las Palmas,1453.7272744534787,1466.661879977044,42.065394476434676,0.6,1.0,0.8,0.8,1.4,1.4,0.6,1.4,5.0,10.0,2
2025-02-03 20:45:00+00:00,Primeira Liga,Rio Ave FC,FC Porto,1482.9669279177208,1560.1485188047568,-22.18159088703601,1.4,1.4,1.0,1.8,1.4,1.2,1.6,0.8,9.0,8.0,1
2025-02-04 19:45:00+00:00,Championship,Burnley FC,Oxford United FC,1587.4028787038187,1489.842334542203,152.56054416161578,1.8,1.8,1.2,1.2,0.0,0.8,1.4,1.2,3.0,3.0,2
2025-02-04 19:45:00+00:00,Championship,Queens Park Rangers FC,Blackburn Rovers FC,1502.1239787987593,1505.7043494278291,51.419629370930124,1.8,1.2,1.2,1.2,1.2,1.2,2.4,0.8,3.0,3.0,2
2025-02-05 19:45:00+00:00,Championship,Coventry City FC,Leeds United FC,1519.0870648334162,1614.9156946104752,-40.82862977705895,2.4,2.2,1.6,3.0,0.6,0.6,2.6,1.8,4.0,4.0,0
2025-02-06 19:45:00+00:00,Serie A,ACF Fiorentina,FC Internazionale Milano,1540.7273478575546,1636.997176344774,-41.269828487219456,1.4,2.6,1.2,2.4,1.6,0.4,1.4,2.6,4.0,4.0,2
2025-02-07 18:00:00+00:00,Ligue 1,FC Nantes,Stade Brestois 29,1483.8124687802758,1502.293625852185,36.51884292809086,1.4,1.2,1.4,1.0,1.2,2.2,1.0,1.2,5.0,6.0,0
2025-02-07 19:30:00+00:00,Bundesliga,FC Bayern München,SV Werder Bremen,1626.093030308169,1506.4656678101426,174.6273624980265,2.4,1.0,2.4,1.6,2.0,2.2,3.0,1.4,6.0,7.0,2
2025-02-07 19:45:00+00:00,Serie A,Como 1907,Juventus FC,1461.9561042869507,1565.452668772423,-48.49656448547239,0.8,1.4,1.4,1.4,1.6,1.0,1.8,1.2,6.0,5.0,0
2025-02-07 20:00:00+00:00,Primera Division,Rayo Vallecano de Madrid,Real Valladolid CF,1528.0096863567214,1409.0900486802755,173.91963767644597,2.2,0.6,1.4,0.6,0.8,2.6,1.4,0.0,7.0,6.0,2
2025-02-07 20:05:00+00:00,Ligue 1,Paris Saint-Germain FC,AS Monaco FC,1621.5941202491306,1543.8779052425477,132.71621500658284,2.6,1.8,3.2,1.8,1.4,1.8,2.2,0.4,6.0,6.0,2
2025-02-07 20:15:00+00:00,Primeira Liga,FC Porto,Sporting Clube de Portugal,1562.8442806486844,1593.427924283917,24.416356364767353,1.0,2.0,1.6,2.0,1.6,0.8,2.6,1.0,3.0,5.0,1
2025-02-08 12:30:00+00:00,Championship,West Bromwich Albion FC,Sheffield Wednesday FC,1520.3152971845795,1495.5642823430871,79.7510148414924,1.0,1.2,1.6,1.4,1.4,1.6,2.6,1.4,7.0,6.0,2
2025-02-08 12:30:00+00:00,Championship,Sunderland AFC,Watford FC,1584.6208105751848,1480.5372671818564,159.08354339332845,2.2,0.8,1.4,1.0,0.8,1.2,2.2,0.8,4.0,7.0,1
2025-02-08 13:00:00+00:00,Primera Division,RC Celta de Vigo,Real Betis Balompié,1466.4676158712525,1490.9408740665613,30.526741804691255,0.8,1.0,1.2,1.0,1.4,1.4,2.0,1.2,5.0,5.0,2
2025-02-08 14:00:00+00:00,Serie A,Hellas Verona FC,Atalanta BC,1452.6464069437857,1595.5075217230835,-87.86111477929785,1.0,1.6,0.4,2.4,1.2,1.4,0.2,1.8,7.0,6.0,0
2025-02-08 14:30:00+00:00,Bundesliga,TSG 1899 Hoffenheim,1. FC Union Berlin,1461.8265922187504,1456.4249822500906,60.40160996865984,0.8,0.8,1.2,0.4,2.4,1.6,1.0,0.0,5.0,6.0,0
2025-02-08 14:30:00+00:00,Bundesliga,1. FSV Mainz 05,FC Augsburg,1520.1913402260977,1498.7845656439142,76.40677458218352,1.2,2.0,1.0,1.4,0.8,0.6,3.0,1.6,7.0,7.0,1
2025-02-08 14:30:00+00:00,Bundesliga,SC Freiburg,1. FC Heidenheim 1846,1511.992755103568,1414.2449117632052,152.7478433403628,1.2,0.8,1.2,1.4,2.4,1.8,2.0,0.2,7.0,7.0,2
2025-02-08 14:30:00+00:00,Bundesliga,VfL Wolfsburg,Bayer 04 Leverkusen,1510.446362239849,1619.7777433096019,-54.33138106975298,1.6,2.0,2.2,2.2,1.4,1.2,2.0,2.0,6.0,5.0,1
2025-02-08 14:30:00+00:00,Bundesliga,Borussia Dortmund,VfB Stuttgart,1513.4954501468003,1511.7297545190472,56.765695627753075,1.4,1.2,1.6,1.8,1.6,1.8,1.0,2.0,7.0,7.0,0
2025-02-08 15:00:00+00:00,Championship,Norwich City FC,Derby County FC,1513.7972137169627,1427.2300653593504,141.56714835761227,1.8,0.0,1.6,0.2,1.2,1.4,2.0,0.2,7.0,7.0,1
2025-02-08 15:00:00+00:00,Championship,Sheffield United FC,Portsmouth FC,1597.6872266772125,1453.503879460363,199.1833472168496,2.4,1.4,1.4,1.2,1.0,1.6,1.4,0.0,7.0,7.0,2
2025-02-08 15:15:00+00:00,Primera Division,Athletic Club,Girona FC,1566.8735389229948,1462.522416626093,159.35112229690185,1.8,0.6,1.4,1.0,1.0,1.6,2.2,0.8,5.0,4.0,2
2025-02-08 15:30:00+00:00,Eredivisie,Heracles Almelo,Go Ahead Eagles,1454.8020395768497,1525.8553540442251,-16.053314467375458,1.4,2.2,1.2,2.4,0.8,1.4,1.0,1.0,7.0,6.0,2
2025-02-08 15:30:00+00:00,Primeira Liga,AVS,CD Santa Clara,1465.2743524845687,1526.3737239773116,-6.0993714927428755,1.0,1.6,0.8,1.4,1.4,1.2,1.0,1.4,6.0,7.0,0
2025-02-08 16:00:00+00:00,Ligue 1,OGC Nice,Racing Club de Lens,1551.1314289703369,1535.1849909769442,70.94643799339269,2.0,1.8,2.2,1.2,1.4,0.8,2.6,2.0,6.0,7.0,2
2025-02-08 17:00:00+00:00,Serie A,Empoli FC,AC Milan,1445.7519620883245,1532.6599251770049,-31.90796308868039,0.4,1.4,1.0,1.2,2.4,1.4,0.4,1.2,6.0,6.0,0
2025-02-08 17:30:00+00:00,Primera Division,UD Las Palmas,Villarreal CF,1457.8667378044297,1532.9345720719439,-20.067834267514172,0.8,2.0,1.0,3.0,1.8,1.0,1.4,1.0,4.0,7.0,0
2025-02-08 17:30:00+00:00,Bundesliga,Borussia Mönchengladbach,Eintracht Frankfurt,1515.5965927409077,1548.5329830473404,22.063609693567287,1.2,2.2,1.4,2.0,2.0,0.8,2.0,2.0,7.0,6.0,1
2025-02-08 17:45:00+00:00,Eredivisie,PSV,Willem II Tilburg,1606.6745267808644,1457.898837931865,203.77568884899938,2.0,0.8,2.6,1.4,2.4,2.4,2.6,1.2,6.0,5.0,1
2025-02-08 18:00:00+00:00,Primeira Liga,Sport Lisboa e Benfica,Moreirense FC,1579.6119761949444,1461.9435039597122,172.66847223523223,1.8,0.6,2.8,0.8,2.0,1.2,1.4,0.2,5.0,4.0,2
2025-02-08 18:00:00+00:00,Ligue 1,Lille OSC,Le Havre AC,1575.3792050670465,1424.317168103449,206.06203696359762,1.8,0.4,2.8,0.8,1.4,2.0,2.6,1.0,6.0,6.0,0
2025-02-08 19:00:00+00:00,Eredivisie,FC Groningen,NEC,1453.0849786108456,1469.4453364696428,38.639642141202785,1.0,1.6,0.6,2.0,0.8,1.8,2.2,1.2,6.0,6.0,2
2025-02-08 19:45:00+00:00,Serie A,Torino FC,Genoa CFC,1494.138596582348,1470.8029703615898,78.33562622075829,1.4,1.4,1.0,1.0,0.6,1.0,1.0,1.0,7.0,6.0,1
2025-02-08 20:00:00+00:00,Eredivisie,Feyenoord Rotterdam,Sparta Rotterdam,1558.4003444881298,1453.3845042045941,160.01584028353568,0.8,1.6,1.4,1.0,2.2,1.0,2.0,1.0,6.0,6.0,2
2025-02-08 20:00:00+00:00,Primera Division,Real Madrid CF,Club Atlético de Madrid,1609.3572117605447,1614.140956422344,50.216255338200654,2.4,2.0,3.0,1.8,0.6,0.8,3.0,2.4,7.0,7.0,1
2025-02-08 20:05:00+00:00,Ligue 1,AS Saint-Étienne,Stade Rennais FC 1901,1452.2896264194524,1452.4301806470812,54.859445772371146,1.0,0.6,1.4,1.4,1.8,2.0,2.0,0.0,7.0,6.0,0
2025-02-08 20:30:00+00:00,Primeira Liga,FC Famalicão,Vitória SC,1484.1660261329405,1509.2755328734402,29.890493259500317,1.0,1.2,0.8,2.0,1.4,1.8,0.6,0.4,8.0,7.0,1
2025-02-09 11:15:00+00:00,Eredivisie,FC Utrecht,Almere City FC,1571.8286299652134,1407.9280770418786,218.90055292333477,1.2,0.8,1.6,0.8,2.0,1.8,1.0,0.2,7.0,7.0,0
2025-02-09 11:30:00+00:00,Serie A,Venezia FC,AS Roma,1428.4539900941654,1521.1823252773988,-37.72833518323341,0.6,2.2,1.0,2.0,1.4,1.0,1.2,1.0,7.0,6.0,0
2025-02-09 12:00:00+00:00,Championship,Bristol City FC,Swansea City AFC,1522.9000042219557,1448.516767324375,129.38323689758067,1.6,0.2,1.2,0.6,1.0,2.6,2.6,0.6,7.0,7.0,0
2025-02-09 13:00:00+00:00,Primera Division,Deportivo Alavés,Getafe CF,1453.6047010445525,1468.5055751220877,40.09912592246474,1.0,1.6,1.2,1.2,1.2,0.6,1.2,1.2,7.0,8.0,0
2025-02-09 13:30:00+00:00,Eredivisie,RKC Waalwijk,NAC Breda,1437.5351525320993,1472.9903350733416,19.544817458757734,1.6,0.8,1.8,1.6,1.0,2.2,1.4,0.8,7.0,8.0,2
2025-02-09 13:30:00+00:00,Eredivisie,Fortuna Sittard,AFC Ajax,1495.333762152034,1604.3767123949349,-54.042950242900815,0.8,3.0,1.8,2.2,3.0,0.4,1.2,2.0,7.0,7.0,0
2025-02-09 14:00:00+00:00,Serie A,SS Lazio,AC Monza,1536.6037980287033,1402.7721126064991,188.83168542220415,1.4,0.6,1.4,0.8,1.2,1.8,1.0,0.2,5.0,8.0,2
2025-02-09 14:00:00+00:00,Ligue 1,Olympique Lyonnais,Stade de Reims,1524.1667780073199,1463.3982681793166,115.76850982800329,1.0,0.4,1.0,1.2,1.2,2.2,2.2,1.0,6.0,6.0,2
2025-02-09 14:00:00+00:00,Serie A,Cagliari Calcio,Parma Calcio 1913,1450.283743807449,1441.8961175950544,63.38762621239448,1.4,0.4,1.6,0.8,1.4,1.6,1.2,0.2,5.0,8.0,2
2025-02-09 14:30:00+00:00,Bundesliga,Holstein Kiel,VfL Bochum 1848,1428.4049875979379,1398.0217570956065,85.38323050233134,0.8,0.8,2.4,0.8,2.8,1.8,1.2,0.0,8.0,8.0,1
2025-02-09 15:15:00+00:00,Primera Division,Valencia CF,CD Leganés,1454.941039843595,1489.8445585924715,20.096481251123578,1.4,1.0,1.2,0.8,2.2,1.4,1.4,1.2,7.0,8.0,2
2025-02-09 15:30:00+00:00,Primeira Liga,GD Estoril Praia,Boavista FC,1511.590400798836,1415.205954044773,151.384446754063,2.6,0.0,2.4,0.6,1.4,3.0,1.6,0.8,7.0,8.0,2
2025-02-09 15:30:00+00:00,Primeira Liga,SC Farense,CD Nacional,1457.6740891309742,1461.3423342133478,51.33175491762631,0.6,1.2,0.8,1.4,1.4,1.4,0.8,0.2,6.0,8.0,0
2025-02-09 15:45:00+00:00,Eredivisie,AZ,PEC Zwolle,1549.1411662064775,1492.0032494302766,112.13791677620088,1.6,1.6,1.2,2.2,0.8,1.4,1.8,1.2,6.0,7.0,2
2025-02-09 15:45:00+00:00,Eredivisie,SC Heerenveen,FC Twente '65,1468.225014314523,1538.7308305723943,-15.505816257871402,0.8,1.4,1.2,2.2,2.0,1.4,1.6,0.8,7.0,7.0,1
2025-02-09 16:15:00+00:00,Ligue 1,RC Strasbourg Alsace,Montpellier HSC,1507.0449554368831,1428.57062533815,133.47433009873316,2.0,1.2,1.6,1.0,1.0,1.6,2.0,0.6,7.0,8.0,2
2025-02-09 16:15:00+00:00,Ligue 1,AJ Auxerre,Toulouse FC,1467.6611274193604,1488.8059124495703,33.85521496979004,0.4,1.0,0.8,0.8,2.0,1.0,1.4,1.4,7.0,7.0,1
2025-02-09 16:30:00+00:00,Bundesliga,RB Leipzig,FC St. Pauli 1910,1492.621613793091,1457.67323121754,89.94838257555102,1.2,1.4,1.4,1.2,1.4,0.6,2.0,1.2,7.0,8.0,2
2025-02-09 17:00:00+00:00,Serie A,US Lecce,Bologna FC 1909,1451.6194079703446,1542.2237494841102,-35.604341513765576,1.4,2.2,1.4,1.8,2.0,0.8,1.0,1.4,8.0,7.0,1
2025-02-09 17:30:00+00:00,Primera Division,Real Sociedad de Fútbol,RCD Espanyol de Barcelona,1481.4753201239828,1463.5193689802188,72.95595114376397,0.6,1.6,0.4,1.0,1.6,0.8,2.0,0.2,7.0,7.0,2
2025-02-09 18:00:00+00:00,Primeira Liga,Sporting Clube de Braga,Gil Vicente FC,1560.9556234961015,1472.1808453163696,143.7747781797318,2.4,1.0,1.8,1.2,0.8,1.2,1.0,0.8,5.0,8.0,2
2025-02-09 19:45:00+00:00,Serie A,SSC Napoli,Udinese Calcio,1622.2165885177972,1480.9858622728348,196.2307262449624,2.6,1.0,2.2,1.0,0.8,1.6,2.4,1.6,7.0,8.0,1
2025-02-09 19:45:00+00:00,Ligue 1,Angers SCO,Olympique de Marseille,1482.5143278487164,1551.1785892047885,-13.664261356072075,2.0,2.0,1.6,2.2,0.6,1.4,1.4,2.4,7.0,7.0,0
2025-02-09 20:00:00+00:00,Primera Division,Sevilla FC,FC Barcelona,1494.830672080298,1598.4334434794841,-48.60277139918617,1.2,2.2,1.2,3.2,1.4,1.6,1.8,2.2,8.0,7.0,0
2025-02-09 20:30:00+00:00,Primeira Liga,Casa Pia AC,CF Estrela da Amadora,1516.324919208473,1447.9302409124668,123.39467829600608,2.0,0.4,2.0,1.0,1.4,1.8,1.8,0.4,8.0,7.0,2
2025-02-10 19:45:00+00:00,Serie A,FC Internazionale Milano,ACF Fiorentina,1625.8148905256262,1551.9096336767025,128.90525684892373,2.0,2.0,1.8,1.8,0.8,1.0,2.6,1.4,4.0,4.0,2
2025-02-10 20:00:00+00:00,Primera Division,RCD Mallorca,CA Osasuna,1481.5995560047575,1506.394535036734,30.20502096802352,1.2,1.0,0.6,1.0,1.6,1.2,1.2,0.6,9.0,8.0,1
2025-02-10 20:15:00+00:00,Primeira Liga,FC Arouca,Rio Ave FC,1481.7465919061995,1480.2711660737932,56.475425832406245,2.2,1.6,1.8,1.4,1.0,1.6,1.4,1.4,9.0,6.0,1
2025-02-11 17:45:00+00:00,UEFA Champions League,Stade Brestois 29,Paris Saint-Germain FC,1513.3408688191614,1627.9497936188404,-59.608924799679016,1.2,2.6,1.0,3.6,2.0,1.4,1.8,3.0,3.0,3.0,0
2025-02-11 19:45:00+00:00,Championship,Watford FC,Leeds United FC,1488.1541421328363,1623.7459318817425,-80.5917897489062,0.8,2.6,1.2,2.8,1.4,0.0,0.6,2.2,3.0,6.0,0
2025-02-11 19:45:00+00:00,Championship,Portsmouth FC,Cardiff City FC,1448.681635314425,1479.3925298193003,24.28910549512466,0.8,1.6,1.0,1.6,1.8,2.2,2.0,1.0,3.0,10.0,2
2025-02-11 19:45:00+00:00,Championship,Derby County FC,Oxford United FC,1434.426562960769,1483.971353791928,5.455209168840838,0.2,1.6,0.4,1.0,1.4,0.8,0.6,1.2,3.0,7.0,1
2025-02-11 19:45:00+00:00,Championship,Coventry City FC,Queens Park Rangers FC,1510.2568275621488,1510.6547145052912,54.60211305685766,2.4,1.8,1.4,1.2,0.6,1.2,2.0,1.4,6.0,7.0,2
2025-02-11 20:00:00+00:00,Championship,Norwich City FC,Preston North End FC,1506.6007161155442,1497.9731352273927,63.62758088815144,1.4,1.6,1.4,1.2,1.2,1.0,2.2,0.8,3.0,11.0,0
2025-02-11 20:00:00+00:00,UEFA Champions League,Manchester City FC,Real Madrid CF,1535.0275194662563,1604.588519443248,-14.560999976991752,1.8,2.0,3.0,2.4,2.2,0.6,2.0,2.0,9.0,3.0,0
2025-02-11 20:00:00+00:00,UEFA Champions League,Juventus FC,PSV,1574.0658207806455,1598.067358388662,30.998462391983594,1.4,2.2,1.4,2.6,1.2,2.0,1.6,0.8,4.0,3.0,2
2025-02-11 20:00:00+00:00,UEFA Champions League,Sporting Clube de Portugal,Borussia Dortmund,1597.4628622186133,1501.8759868156178,150.58687540299547,1.6,1.4,1.6,1.8,1.0,1.6,2.6,1.2,3.0,3.0,0
2025-02-12 17:45:00+00:00,UEFA Champions League,Club Brugge KV,Atalanta BC,1506.8841629661204,1603.0312384950757,-41.147075528955384,1.6,2.2,1.0,3.0,1.0,0.8,1.75,1.8,13.0,4.0,2
2025-02-12 19:30:00+00:00,Premier League,Everton FC,Liverpool FC,1485.0854103864185,1656.0990399859434,-116.01362959952485,1.8,2.4,1.6,2.4,0.8,1.0,1.4,2.0,11.0,11.0,1
2025-02-12 19:45:00+00:00,Championship,Sunderland AFC,Luton Town FC,1577.0039356242048,1420.3303439093713,211.6735917148335,1.8,0.4,1.6,0.8,1.2,1.4,2.2,0.2,4.0,11.0,2
2025-02-12 19:45:00+00:00,Championship,Swansea City AFC,Sheffield Wednesday FC,1462.077614531535,1487.8202181920053,29.257396339529578,0.6,1.0,0.6,1.2,2.4,1.6,1.4,0.8,3.0,4.0,0
2025-02-12 19:45:00+00:00,Championship,Bristol City FC,Stoke City FC,1509.3391570147958,1461.9027574968406,102.43639951795512,1.0,1.2,1.0,0.8,1.2,1.0,2.4,1.0,3.0,11.0,2
2025-02-12 19:45:00+00:00,Championship,Plymouth Argyle FC,Millwall FC,1430.7383045339388,1507.1029332458868,-21.364628711947944,1.0,2.0,1.0,1.2,2.0,0.8,1.0,1.6,11.0,11.0,2
2025-02-12 19:45:00+00:00,Championship,Burnley FC,Hull City AFC,1593.2738594540936,1436.7915136968934,211.48234575720016,1.8,1.4,1.2,1.8,0.0,1.4,1.8,1.8,8.0,11.0,2
2025-02-12 20:00:00+00:00,UEFA Champions League,AS Monaco FC,Sport Lisboa e Benfica,1537.522231872838,1585.0145899408963,7.5076419319416345,1.8,1.8,1.8,2.6,2.2,2.4,2.4,1.8,4.0,4.0,0
2025-02-12 20:00:00+00:00,UEFA Champions League,Celtic FC,FC Bayern München,1512.6602034711245,1631.4512948354645,-63.79109136433999,1.6,2.4,1.4,2.4,1.2,1.6,2.5,1.8,14.0,5.0,0
2025-02-12 20:00:00+00:00,UEFA Champions League,Feyenoord Rotterdam,AC Milan,1564.094918052356,1541.7441134751064,77.35080457724962,1.4,2.0,1.8,1.6,1.8,1.0,2.4,1.8,4.0,4.0,2
2025-02-12 20:00:00+00:00,Championship,West Bromwich Albion FC,Blackburn Rovers FC,1528.0593613356614,1497.1736137212972,85.88574761436416,1.4,0.6,1.8,0.8,1.4,1.6,2.6,0.2,4.0,8.0,0
2025-02-12 20:00:00+00:00,Championship,Sheffield United FC,Middlesbrough FC,1602.5094708231504,1502.0193671089473,155.4901037142031,2.4,0.8,1.4,1.4,1.0,1.6,1.4,0.8,4.0,9.0,2
2025-02-14 19:00:00+00:00,Eredivisie,Go Ahead Eagles,Sparta Rotterdam,1515.393631045115,1447.689930640368,122.703700404747,2.0,1.6,2.2,1.0,1.6,1.2,2.6,1.0,6.0,5.0,2
2025-02-14 19:30:00+00:00,Bundesliga,FC Augsburg,RB Leipzig,1504.282282533074,1500.0890224852533,59.193260047820786,2.2,1.6,1.4,1.2,0.4,0.8,1.4,0.4,6.0,5.0,1
2025-02-14 19:45:00+00:00,Ligue 1,Stade Brestois 29,AJ Auxerre,1505.039913372522,1463.35643513008,96.6834782424421,1.2,0.6,1.0,1.0,2.2,1.8,1.2,0.6,3.0,5.0,1
2025-02-14 19:45:00+00:00,Serie A,Bologna FC 1909,Torino FC,1544.5358797625593,1488.5880276464395,110.94785211611975,1.8,1.4,1.2,1.2,0.6,0.8,2.0,1.4,5.0,6.0,2
2025-02-14 20:00:00+00:00,Premier League,Brighton & Hove Albion FC,Chelsea FC,1508.9760938780241,1544.6535222325913,19.322571645432845,1.4,1.6,1.2,1.8,2.0,1.6,0.6,1.0,13.0,11.0,2
2025-02-14 20:00:00+00:00,Primera Division,Girona FC,Getafe CF,1456.8122445739023,1479.6546232934888,32.15762128041342,0.6,2.2,0.8,1.4,1.8,0.4,1.2,1.8,6.0,5.0,0
2025-02-14 20:00:00+00:00,Championship,Queens Park Rangers FC,Derby County FC,1502.2134777013002,1430.936228987753,126.27724871354712,1.2,0.4,1.0,0.4,1.4,1.0,2.4,0.2,3.0,3.0,2
2025-02-14 20:15:00+00:00,Primeira Liga,Boavista FC,CF Estrela da Amadora,1409.3068544514792,1441.3396643534948,22.967190097984485,0.0,0.2,0.8,0.8,2.6,1.8,0.4,0.4,5.0,4.0,0
2025-02-15 12:30:00+00:00,Championship,Cardiff City FC,Bristol City FC,1470.0904897817134,1516.4733624781502,8.617127303563166,1.4,1.6,1.6,1.4,2.4,1.0,1.6,0.6,3.0,2.0,1
2025-02-15 12:30:00+00:00,Championship,Oxford United FC,Portsmouth FC,1487.461687764944,1457.983675352012,84.478012412932,1.2,0.8,0.8,0.8,0.8,1.8,2.6,0.0,3.0,3.0,0
2025-02-15 12:30:00+00:00,Championship,Preston North End FC,Burnley FC,1509.7842816992104,1597.8417803656598,-33.05749866644942,2.0,2.2,1.2,1.6,0.8,0.0,2.2,2.2,3.0,2.0,1
2025-02-15 12:30:00+00:00,Premier League,Leicester City FC,Arsenal FC,1410.130040405142,1627.4085207491978,-162.27848034405588,0.6,2.6,0.6,2.6,2.2,0.8,0.2,2.6,13.0,12.0,0
2025-02-15 13:00:00+00:00,Primera Division,CD Leganés,Deportivo Alavés,1480.4223375980205,1442.4556528731514,92.96668472486908,1.0,0.8,0.4,0.8,0.8,1.0,0.6,1.0,5.0,6.0,1
2025-02-15 14:00:00+00:00,Serie A,Atalanta BC,Cagliari Calcio,1591.8524365495964,1458.4792780720206,188.37315847757577,1.6,1.4,2.2,1.6,1.2,1.4,1.6,0.8,2.0,6.0,1
2025-02-15 14:30:00+00:00,Bundesliga,FC St. Pauli 1910,SC Freiburg,1450.2058225253777,1517.8592650301216,-12.653442504743907,1.4,1.2,1.2,0.8,0.8,2.0,1.4,0.8,5.0,7.0,0
2025-02-15 14:30:00+00:00,Bundesliga,VfB Stuttgart,VfL Wolfsburg,1523.3492178502297,1508.6641882201686,69.68502963006108,1.2,1.2,1.4,2.0,2.0,1.4,1.2,1.4,7.0,7.0,0
2025-02-15 14:30:00+00:00,Bundesliga,1. FC Union Berlin,Borussia Mönchengladbach,1468.1461748710626,1511.6290699592544,11.517104911808246,1.4,1.4,1.2,1.6,1.2,2.0,1.0,1.2,7.0,6.0,0
2025-02-15 14:30:00+00:00,Bundesliga,VfL Bochum 1848,Borussia Dortmund,1403.7643103940343,1515.9577739039073,-57.19346350987303,1.0,2.0,1.2,2.2,1.8,1.2,1.4,1.2,6.0,3.0,2
2025-02-15 15:00:00+00:00,Championship,Blackburn Rovers FC,Plymouth Argyle FC,1509.5964530193003,1441.3524540775945,123.24399894170574,1.2,1.4,1.2,1.8,1.4,2.0,1.2,0.4,2.0,2.0,2
2025-02-15 15:00:00+00:00,Championship,Luton Town FC,Sheffield United FC,1415.7663020989169,1608.3107518508862,-137.5444497519693,0.4,2.4,0.6,1.6,1.4,1.2,1.4,2.4,2.0,2.0,0
2025-02-15 15:00:00+00:00,Premier League,Aston Villa FC,Ipswich Town FC,1522.7527659710959,1414.0099238311925,163.74284213990336,1.0,0.2,1.4,0.8,1.6,3.2,2.2,0.8,13.0,14.0,1
2025-02-15 15:00:00+00:00,Premier League,Manchester City FC,Newcastle United FC,1525.4463735325899,1537.8405618456077,42.60581168698218,1.2,1.8,2.2,2.0,2.8,1.6,2.0,2.4,3.0,14.0,2
2025-02-15 15:00:00+00:00,Championship,Middlesbrough FC,Watford FC,1496.2180860812116,1480.4330332826717,70.78505279853994,0.6,0.2,1.4,0.8,2.0,2.2,1.2,1.0,2.0,3.0,0
2025-02-15 15:00:00+00:00,Championship,Hull City AFC,Norwich City FC,1432.2235927853271,1494.7895696437265,-7.565976858399381,1.2,1.4,1.2,1.4,1.2,1.0,0.8,1.2,2.0,3.0,1
2025-02-15 15:00:00+00:00,Championship,Millwall FC,West Bromwich Albion FC,1496.488783702231,1515.6365220376583,35.85226166457278,2.0,1.2,1.4,1.6,1.6,1.6,1.4,0.4,2.0,2.0,1
2025-02-15 15:00:00+00:00,Championship,Sheffield Wednesday FC,Coventry City FC,1498.6603288771198,1518.6980643661398,34.96226451098005,1.6,2.4,1.4,1.4,1.0,0.6,1.8,1.4,2.0,3.0,0
2025-02-15 15:00:00+00:00,Championship,Stoke City FC,Swansea City AFC,1454.7685520334862,1451.2375038464204,58.531048187065835,1.0,0.6,0.8,0.6,1.4,2.0,1.2,0.6,2.0,2.0,2
2025-02-15 15:00:00+00:00,Premier League,Southampton FC,AFC Bournemouth,1385.8733628823068,1552.8343879957756,-111.96102511346885,0.6,2.0,1.2,2.4,3.0,1.0,0.0,2.2,14.0,14.0,0
2025-02-15 15:00:00+00:00,Premier League,Fulham FC,Nottingham Forest FC,1520.6484317375455,1569.9917918247004,5.656639912845094,1.4,2.0,1.6,2.8,1.4,1.6,0.8,2.4,14.0,14.0,2
2025-02-15 15:00:00+00:00,Premier League,West Ham United FC,Brentford FC,1478.457449392198,1482.6498126077483,50.80763678444964,0.8,1.4,1.2,1.8,2.2,1.4,1.4,1.4,11.0,13.0,0
2025-02-15 15:15:00+00:00,Primera Division,CA Osasuna,Real Madrid CF,1510.595055111242,1614.1696653769145,-48.57461026567262,1.2,2.0,1.0,2.0,1.0,0.8,1.2,2.4,4.0,3.0,1
2025-02-15 15:30:00+00:00,Primeira Liga,Moreirense FC,Casa Pia AC,1456.5408902137603,1522.915495767445,-11.37460555368466,0.4,2.0,0.8,1.8,1.4,1.2,1.0,1.8,6.0,5.0,2
2025-02-15 15:30:00+00:00,Eredivisie,PSV,FC Utrecht,1588.9572059448542,1556.2477880595416,87.70941788531263,1.6,1.2,2.2,1.2,2.0,1.2,2.2,1.8,3.0,6.0,1
2025-02-15 16:00:00+00:00,Ligue 1,Olympique de Marseille,AS Saint-Étienne,1560.7855027980563,1440.7236373901414,175.06186540791487,2.0,0.4,1.6,0.8,1.2,2.0,2.2,0.2,5.0,6.0,2
2025-02-15 17:00:00+00:00,Serie A,SS Lazio,SSC Napoli,1541.6474607494506,1613.7679726910046,-17.120511941554014,2.0,2.2,2.4,1.8,1.0,1.0,1.0,2.6,6.0,5.0,1
2025-02-15 17:00:00+00:00,Primeira Liga,CD Nacional,GD Estoril Praia,1472.8091237842673,1517.48950039213,10.319623392137373,1.8,3.0,1.6,2.4,1.0,1.2,1.8,2.0,6.0,6.0,1
2025-02-15 17:30:00+00:00,Premier League,Crystal Palace FC,Everton FC,1502.1982557961012,1484.972410491096,72.22584530500512,2.0,2.0,1.6,2.0,0.6,1.0,1.0,1.0,13.0,2.0,0
2025-02-15 17:30:00+00:00,Bundesliga,Bayer 04 Leverkusen,FC Bayern München,1621.5599173292821,1639.6355969176388,36.92432041164329,1.6,3.0,1.6,2.8,1.0,1.2,3.0,1.8,7.0,2.0,1
2025-02-15 17:30:00+00:00,Primera Division,Club Atlético de Madrid,RC Celta de Vigo,1618.9096487396407,1475.5912396360034,198.31840910363735,2.2,0.8,2.0,1.4,0.8,1.8,2.6,0.2,6.0,7.0,1
2025-02-15 17:45:00+00:00,Eredivisie,NAC Breda,Feyenoord Rotterdam,1463.5522874857775,1571.9046512725056,-53.35236378672812,0.8,1.8,1.4,1.8,2.8,1.6,1.4,0.8,6.0,2.0,1
2025-02-15 18:00:00+00:00,Ligue 1,AS Monaco FC,FC Nantes,1527.3061781946765,1472.7652258132994,109.54095238137711,1.2,1.2,1.6,1.2,2.4,1.4,1.8,1.2,2.0,8.0,2
2025-02-15 18:00:00+00:00,Primeira Liga,CD Santa Clara,Sport Lisboa e Benfica,1536.1981879864315,1595.2306436190577,-4.0324556326261245,1.6,2.4,1.4,2.0,1.2,1.4,1.4,1.8,7.0,2.0,0
2025-02-15 19:45:00+00:00,Serie A,AC Milan,Hellas Verona FC,1533.9343802549567,1445.1226901717935,143.81169008316328,1.4,0.8,1.4,0.4,1.2,2.2,1.8,2.0,2.0,7.0,2
2025-02-15 20:00:00+00:00,Primera Division,Villarreal CF,Valencia CF,1542.3576148442708,1464.363260838046,132.99435400622474,2.0,2.0,2.4,1.4,0.8,1.8,1.6,0.4,7.0,6.0,1
2025-02-15 20:00:00+00:00,Eredivisie,Willem II Tilburg,FC Groningen,1466.5060063240676,1461.9774029060288,59.528603418038756,0.4,1.4,0.8,1.0,2.4,1.0,1.0,0.2,7.0,7.0,0
2025-02-15 20:05:00+00:00,Ligue 1,Toulouse FC,Paris Saint-Germain FC,1493.1106047388507,1636.2507490654798,-88.14014432662907,0.6,2.6,1.0,3.4,1.4,1.0,1.4,3.0,6.0,4.0,0
2025-02-15 20:30:00+00:00,Primeira Liga,Sporting Clube de Portugal,FC Arouca,1583.3810751303238,1476.801931863146,161.57914326717787,1.6,2.2,1.4,1.8,1.2,1.0,2.0,1.4,4.0,5.0,1
2025-02-16 11:15:00+00:00,Eredivisie,NEC,Almere City FC,1460.5529121744596,1423.5089189475505,92.04399322690915,1.4,1.4,2.0,1.0,2.0,1.2,1.0,0.8,7.0,7.0,1
2025-02-16 11:30:00+00:00,Serie A,ACF Fiorentina,Como 1907,1545.4584620161866,1453.3429522787283,147.1155097374583,2.0,0.6,1.8,1.4,1.0,1.8,1.4,0.6,5.0,8.0,0
2025-02-16 13:00:00+00:00,Primera Division,RCD Espanyol de Barcelona,Athletic Club,1455.5888818541882,1572.5837109751856,-61.99482912099734,1.6,2.2,1.2,1.8,1.0,0.8,1.8,2.2,6.0,7.0,1
2025-02-16 13:30:00+00:00,Eredivisie,PEC Zwolle,SC Heerenveen,1485.1232431444046,1465.3376781786696,74.78556496573492,1.4,1.0,2.0,1.8,1.6,2.0,1.4,1.2,6.0,6.0,1
2025-02-16 13:30:00+00:00,Eredivisie,FC Twente '65,RKC Waalwijk,1541.6181667082476,1446.9732001196635,149.6449665885841,1.0,2.0,2.4,2.6,2.0,0.8,2.6,1.0,6.0,7.0,2
2025-02-16 14:00:00+00:00,Serie A,AC Monza,US Lecce,1397.7284498857518,1449.3072776918955,3.421172193856364,0.6,1.4,0.8,1.4,2.4,2.0,0.6,1.2,7.0,6.0,1
2025-02-16 14:00:00+00:00,Serie A,Udinese Calcio,Empoli FC,1489.4344780996273,1436.667773790223,107.7667043094043,1.0,0.2,1.2,0.8,1.8,2.6,1.0,0.8,6.0,7.0,2
2025-02-16 14:00:00+00:00,Premier League,Liverpool FC,Wolverhampton Wanderers FC,1656.2120398812658,1440.7543384189917,270.45770146227414,2.0,0.6,2.4,0.6,1.4,2.0,2.2,0.8,3.0,14.0,2
2025-02-16 14:00:00+00:00,Ligue 1,Montpellier HSC,Olympique Lyonnais,1422.2338592293627,1530.9527694654528,-53.718910236090096,1.2,1.0,1.0,1.6,1.8,1.2,1.0,0.8,6.0,7.0,0
2025-02-16 14:30:00+00:00,Bundesliga,SV Werder Bremen,TSG 1899 Hoffenheim,1501.1074032828471,1450.1053995977784,106.00200368506876,1.0,0.8,1.2,1.2,2.0,3.0,1.6,0.8,8.0,8.0,0
2025-02-16 15:15:00+00:00,Primera Division,Real Valladolid CF,Sevilla FC,1403.715787944243,1486.2205180311555,-27.50473008691256,0.6,1.2,0.6,1.0,2.2,1.4,1.4,0.8,8.0,6.0,0
2025-02-16 15:30:00+00:00,Primeira Liga,Rio Ave FC,AVS,1485.2158261168468,1455.4498884754487,84.76593764139807,1.2,0.8,1.2,0.8,1.6,1.6,1.6,0.6,5.0,8.0,1
2025-02-16 15:45:00+00:00,Eredivisie,AFC Ajax,Heracles Almelo,1612.8336560824303,1465.2637625759598,202.5698935064704,3.0,1.8,2.0,1.8,0.4,1.0,2.6,0.8,7.0,8.0,2
2025-02-16 16:15:00+00:00,Ligue 1,Racing Club de Lens,RC Strasbourg Alsace,1527.1990768394162,1513.3817215456704,68.81735529374578,1.8,2.0,1.2,1.4,1.0,0.8,1.2,1.4,8.0,7.0,0
2025-02-16 16:15:00+00:00,Ligue 1,Stade de Reims,Angers SCO,1456.6122767211837,1472.9074142554487,38.704862465735005,0.4,1.4,1.0,1.2,2.4,1.0,0.4,1.2,7.0,6.0,0
2025-02-16 16:15:00+00:00,Ligue 1,Le Havre AC,OGC Nice,1439.6383416263493,1559.1173431078648,-64.47900148151552,1.0,2.0,1.0,2.0,1.2,1.0,0.0,1.0,7.0,8.0,0
2025-02-16 16:30:00+00:00,Premier League,Tottenham Hotspur FC,Manchester United FC,1454.2488711337637,1481.4056688110572,27.843202322706475,0.6,1.4,1.4,1.4,1.8,1.6,0.2,1.4,14.0,14.0,2
2025-02-16 16:30:00+00:00,Bundesliga,Eintracht Frankfurt,Holstein Kiel,1552.5005058289937,1422.66243429951,184.8380715294836,1.8,1.0,2.0,2.4,1.0,2.6,1.6,0.2,7.0,7.0,2
2025-02-16 17:00:00+00:00,Serie A,Parma Calcio 1913,AS Roma,1433.7005833304827,1530.1006648007033,-41.400081470220584,0.2,2.2,1.0,1.8,2.0,1.0,1.4,1.6,7.0,7.0,0
2025-02-16 17:30:00+00:00,Primera Division,RCD Mallorca,UD Las Palmas,1477.3990359302495,1448.4436950321028,83.95534089814669,0.8,0.2,0.4,1.0,1.6,2.2,1.4,1.4,5.0,8.0,2
2025-02-16 18:00:00+00:00,Primeira Liga,SC Farense,FC Porto,1446.2072995600547,1558.8093427139881,-57.60204315393344,0.4,0.6,0.4,1.0,1.4,1.8,0.8,1.0,7.0,8.0,0
2025-02-16 18:30:00+00:00,Bundesliga,1. FC Heidenheim 1846,1. FSV Mainz 05,1408.3784018366516,1514.693623336938,-51.31522150028627,0.2,0.8,1.0,0.6,2.0,0.8,0.6,0.6,8.0,8.0,0
2025-02-16 19:45:00+00:00,Serie A,Juventus FC,FC Internazionale Milano,1583.1759732244532,1632.266062186142,5.909911038311066,1.8,2.0,1.8,2.0,1.4,1.0,2.0,2.0,4.0,6.0,2
2025-02-16 19:45:00+00:00,Ligue 1,Stade Rennais FC 1901,Lille OSC,1463.9961696763921,1560.0580315441462,-41.06186186775403,1.2,1.2,1.4,2.6,1.4,1.6,1.8,0.6,7.0,8.0,0
2025-02-16 20:00:00+00:00,Primera Division,Real Betis Balompié,Real Sociedad de Fútbol,1481.8172503018104,1489.4058072500134,47.41144305179705,0.8,1.2,1.2,0.8,1.8,1.4,0.8,0.6,8.0,7.0,2
2025-02-16 20:30:00+00:00,Primeira Liga,Vitória SC,Sporting Clube de Braga,1513.4670674883203,1567.0385344652775,1.4285330230427462,1.2,3.0,1.6,2.0,1.4,0.4,1.8,3.0,8.0,7.0,1
2025-02-17 19:45:00+00:00,Serie A,Genoa CFC,Venezia FC,1476.3535392974984,1419.535650570861,111.81788872663742,1.4,0.4,1.2,0.8,1.2,1.4,1.6,0.4,9.0,8.0,2
2025-02-17 20:00:00+00:00,Primera Division,FC Barcelona,Rayo Vallecano de Madrid,1607.0435975286266,1533.383947092754,128.65965043587266,2.6,2.6,3.8,1.4,1.6,0.6,1.4,1.8,8.0,10.0,2
2025-02-17 20:00:00+00:00,Championship,Leeds United FC,Sunderland AFC,1631.4670407319072,1581.5679774346593,104.89906329724795,2.6,2.2,3.0,2.0,0.0,1.2,2.6,1.6,6.0,5.0,2
2025-02-17 20:15:00+00:00,Primeira Liga,Gil Vicente FC,FC Famalicão,1466.0979343471936,1479.9744915180604,41.12344282913318,0.8,1.2,1.0,0.6,1.4,1.0,1.6,1.0,8.0,8.0,0
2025-02-18 17:45:00+00:00,UEFA Champions League,AC Milan,Feyenoord Rotterdam,1540.0163918633755,1573.7143376285862,21.30205423478924,1.4,1.4,1.0,1.2,0.8,1.6,2.2,0.4,2.0,3.0,1
2025-02-18 19:45:00+00:00,Championship,Preston North End FC,Millwall FC,1507.3995588049656,1492.1271865294034,70.27237227556225,2.0,2.0,1.2,1.2,0.8,1.4,2.2,1.6,3.0,3.0,1
2025-02-18 20:00:00+00:00,UEFA Champions League,Atalanta BC,Club Brugge KV,1583.5727279193536,1518.0629649115997,120.50976300775392,1.2,1.6,1.8,1.2,1.0,1.2,1.2,1.0,3.0,6.0,0
2025-02-18 20:00:00+00:00,UEFA Champions League,FC Bayern München,Celtic FC,1644.0277143889361,1504.4759013889502,194.55181299998594,2.6,1.0,2.4,1.0,1.0,1.4,3.0,0.5,3.0,6.0,1
2025-02-18 20:00:00+00:00,UEFA Champions League,Sport Lisboa e Benfica,AS Monaco FC,1605.1145854274516,1534.2538114691713,125.86077395828033,3.0,1.2,2.0,2.4,0.8,2.2,1.8,0.4,3.0,3.0,1
2025-02-19 17:45:00+00:00,UEFA Champions League,Borussia Dortmund,Sporting Clube de Portugal,1504.326323725489,1575.705731678028,-16.379407952539168,1.8,1.2,1.8,1.4,1.2,1.6,1.0,1.2,4.0,3.0,1
2025-02-19 19:30:00+00:00,Premier League,Aston Villa FC,Liverpool FC,1515.0270241654816,1659.6939368571154,-89.6669126916338,1.0,2.0,1.2,2.4,1.4,1.4,1.8,1.6,4.0,3.0,1
2025-02-19 19:45:00+00:00,Championship,Luton Town FC,Plymouth Argyle FC,1409.5305250990084,1434.7580441802163,29.7724809187921,0.2,1.4,0.6,1.8,1.6,2.2,0.8,0.4,4.0,4.0,1
2025-02-19 20:00:00+00:00,UEFA Champions League,Paris Saint-Germain FC,Stade Brestois 29,1643.7669286883904,1498.993479590009,199.77344909838143,3.0,0.8,3.4,1.2,0.8,2.6,2.6,1.8,3.0,5.0,2
2025-02-19 20:00:00+00:00,UEFA Champions League,Real Madrid CF,Manchester City FC,1616.113947653899,1534.2261899334123,136.88775772048666,1.6,1.8,1.6,2.6,1.0,2.0,2.6,1.4,4.0,4.0,2
2025-02-19 20:00:00+00:00,UEFA Champions League,PSV,Juventus FC,1583.1516882803169,1593.0058887151808,45.14579956513603,1.2,2.4,2.0,1.8,2.0,1.0,1.8,1.2,4.0,3.0,2
2025-02-21 19:30:00+00:00,Bundesliga,SC Freiburg,SV Werder Bremen,1527.495230614441,1488.1476903989542,94.34754021548679,1.8,0.8,0.8,0.8,1.2,2.0,2.4,1.4,6.0,5.0,2
2025-02-21 19:45:00+00:00,Ligue 1,Stade Rennais FC 1901,Stade de Reims,1455.172552987004,1445.5028468910623,64.66970609594182,1.2,0.4,1.2,0.6,1.4,1.8,1.2,1.0,5.0,5.0,2
2025-02-21 19:45:00+00:00,Championship,Bristol City FC,Middlesbrough FC,1520.054665828776,1484.2084572467318,90.84620858204426,1.6,0.6,1.2,1.2,0.8,1.8,2.4,0.8,6.0,6.0,2
2025-02-21 19:45:00+00:00,Serie A,US Lecce,Udinese Calcio,1452.7390770939394,1496.4284923520768,11.310584741862613,1.0,1.4,0.8,1.8,1.8,1.8,1.0,1.6,5.0,5.0,0
2025-02-21 20:00:00+00:00,Premier League,Leicester City FC,Brentford FC,1404.4883699343584,1494.101838147175,-34.61346821281654,0.6,1.4,0.4,1.0,2.2,1.4,0.0,2.0,6.0,6.0,0
2025-02-21 20:00:00+00:00,Championship,Burnley FC,Sheffield Wednesday FC,1600.2265032599046,1487.6574169905225,167.56908626938207,1.8,1.4,0.6,1.2,0.0,1.0,1.8,1.2,6.0,6.0,2
2025-02-21 20:00:00+00:00,Primera Division,RC Celta de Vigo,CA Osasuna,1484.08408454205,1508.6507728342574,30.433311707792654,1.0,1.4,1.4,1.2,1.6,1.0,2.0,0.8,6.0,6.0,2
2025-02-21 20:15:00+00:00,Primeira Liga,Sporting Clube de Braga,CD Nacional,1570.4129840524583,1469.1788551296502,156.23412892280817,2.6,1.4,1.6,1.6,0.2,1.4,1.6,0.8,4.0,6.0,2
2025-02-22 12:30:00+00:00,Premier League,Everton FC,Manchester United FC,1497.021800519138,1472.2053493998721,79.81645111926582,2.6,1.2,2.4,1.0,1.0,1.4,1.4,1.4,6.0,5.0,1
2025-02-22 12:30:00+00:00,Championship,Derby County FC,Millwall FC,1424.4187667497902,1497.455984317842,-18.0372175680518,0.4,1.6,0.4,1.2,1.6,1.6,0.2,1.6,7.0,3.0,0
2025-02-22 12:30:00+00:00,Championship,Sunderland AFC,Hull City AFC,1574.4986988461449,1429.1079913544522,200.39070749169264,1.6,0.8,2.0,1.2,1.6,1.4,2.2,1.8,4.0,6.0,0
2025-02-22 12:30:00+00:00,Championship,Plymouth Argyle FC,Cardiff City FC,1438.9462070455145,1466.5091864310875,27.437020614426956,1.6,1.0,2.0,1.2,1.4,2.6,1.4,1.0,2.0,7.0,1
2025-02-22 13:00:00+00:00,Primera Division,Deportivo Alavés,RCD Espanyol de Barcelona,1448.4026986170497,1454.021203768464,49.38149484858582,1.0,1.6,1.4,1.2,1.4,1.0,0.6,0.2,7.0,6.0,0
2025-02-22 14:00:00+00:00,Serie A,Parma Calcio 1913,Bologna FC 1909,1424.8865655645666,1551.446837526588,-71.56027196202149,0.2,1.8,1.0,1.4,2.0,0.8,0.8,1.4,5.0,7.0,2
2025-02-22 14:00:00+00:00,Serie A,Venezia FC,SS Lazio,1412.6473273958193,1538.8064969011114,-71.15916950529208,0.4,2.0,0.8,2.6,1.6,1.2,1.0,2.4,4.0,6.0,1
2025-02-22 14:30:00+00:00,Bundesliga,1. FSV Mainz 05,FC St. Pauli 1910,1523.2272994010639,1440.5698569410583,137.65744246000554,1.4,1.4,1.0,1.2,0.6,0.8,2.6,1.2,5.0,7.0,2
2025-02-22 14:30:00+00:00,Bundesliga,VfL Wolfsburg,VfL Bochum 1848,1520.643415272787,1415.3957605724527,160.24765470033435,1.2,1.0,1.4,1.4,1.4,1.8,1.6,0.2,7.0,7.0,1
2025-02-22 14:30:00+00:00,Bundesliga,Borussia Mönchengladbach,FC Augsburg,1521.9604375198865,1499.2615254311727,77.69891208871377,2.0,1.8,1.8,1.0,1.2,0.4,1.6,1.6,7.0,7.0,0
2025-02-22 14:30:00+00:00,Bundesliga,Holstein Kiel,Bayer 04 Leverkusen,1417.5315698461027,1617.1677998579848,-144.63623001188216,0.4,1.8,1.8,1.4,2.8,0.6,1.4,1.6,5.0,6.0,0
2025-02-22 15:00:00+00:00,Championship,Coventry City FC,Preston North End FC,1529.700976252737,1502.070761016527,82.63021523621,2.4,1.6,1.4,1.0,0.8,0.8,2.0,1.4,7.0,3.0,2
2025-02-22 15:00:00+00:00,Championship,Norwich City FC,Stoke City FC,1497.9051710746014,1463.0996514755163,89.80551959908507,1.6,1.4,1.6,1.2,0.8,1.4,1.6,1.0,7.0,7.0,2
2025-02-22 15:00:00+00:00,Championship,Portsmouth FC,Queens Park Rangers FC,1470.368337965618,1508.7309399392632,16.63739802635473,1.4,1.2,1.0,1.4,0.8,1.2,2.0,1.4,7.0,7.0,2
2025-02-22 15:00:00+00:00,Premier League,Southampton FC,Brighton & Hove Albion FC,1378.9887601258683,1518.4205182423261,-84.43175811645779,0.6,1.8,1.4,1.6,2.6,1.8,0.0,1.6,7.0,7.0,0
2025-02-22 15:00:00+00:00,Premier League,AFC Bournemouth,Wolverhampton Wanderers FC,1559.718990752214,1437.272441443142,177.446549309072,2.0,0.6,2.8,0.8,1.2,1.8,1.6,0.8,7.0,6.0,0
2025-02-22 15:00:00+00:00,Premier League,Arsenal FC,West Ham United FC,1633.0501912199813,1467.0054238527714,221.04476736720994,3.0,0.8,2.6,1.0,0.4,1.6,2.6,1.0,7.0,7.0,0
2025-02-22 15:00:00+00:00,Championship,Swansea City AFC,Blackburn Rovers FC,1442.9064044043903,1516.1908629166785,-18.28445851228821,0.6,1.8,0.6,1.6,2.2,1.0,0.8,0.8,7.0,7.0,2
2025-02-22 15:00:00+00:00,Premier League,Ipswich Town FC,Tottenham Hotspur FC,1421.7356656368067,1463.4491905449488,13.286475091857938,0.2,1.2,0.6,1.4,3.0,1.4,0.6,1.2,7.0,5.0,0
2025-02-22 15:00:00+00:00,Championship,West Bromwich Albion FC,Oxford United FC,1519.998119210486,1475.077025151338,99.92109405914812,1.4,0.6,1.8,0.2,1.4,0.8,2.0,0.8,7.0,7.0,2
2025-02-22 15:00:00+00:00,Premier League,Fulham FC,Crystal Palace FC,1530.4856349374884,1490.1488657680593,95.33676916942909,1.8,1.8,1.6,1.6,1.2,0.8,1.2,2.6,7.0,6.0,0
2025-02-22 15:15:00+00:00,Primera Division,Rayo Vallecano de Madrid,Villarreal CF,1526.9265950599563,1535.3730146406417,46.553580419314585,2.0,2.2,1.0,2.6,0.6,0.8,2.0,1.4,4.0,6.0,0
2025-02-22 15:30:00+00:00,Primeira Liga,Casa Pia AC,Gil Vicente FC,1512.5882252199,1454.9198031589353,112.66842206096476,1.8,0.6,2.0,0.8,1.6,1.6,2.2,0.8,7.0,4.0,2
2025-02-22 16:00:00+00:00,Ligue 1,Lille OSC,AS Monaco FC,1568.8816482335342,1541.059144868175,82.82250336535913,1.8,1.4,2.8,3.0,1.2,2.2,2.0,0.4,5.0,3.0,2
2025-02-22 17:00:00+00:00,Serie A,Torino FC,AC Milan,1481.6770698824107,1536.0707032512923,0.6063666311183624,1.2,1.6,1.4,1.0,1.2,0.6,1.2,1.2,7.0,3.0,2
2025-02-22 17:30:00+00:00,Primera Division,Valencia CF,Club Atlético de Madrid,1471.347861041675,1610.416803833594,-84.06894279191897,2.0,1.8,1.4,1.8,1.8,0.8,2.0,2.0,6.0,7.0,0
2025-02-22 17:30:00+00:00,Bundesliga,Borussia Dortmund,1. FC Union Berlin,1501.464078698382,1457.8148073104305,98.64927138795156,1.4,1.4,1.2,1.4,1.0,1.2,1.0,0.6,2.0,7.0,2
2025-02-22 17:30:00+00:00,Premier League,Aston Villa FC,Chelsea FC,1514.2186988536594,1535.2090978682893,34.00960098537007,1.2,1.4,1.6,1.6,1.6,2.0,1.8,0.4,2.0,7.0,2
2025-02-22 18:00:00+00:00,Ligue 1,AS Saint-Étienne,Angers SCO,1435.375178658494,1484.01684408557,6.358334572923923,0.4,1.4,0.8,0.8,2.6,0.8,1.4,1.8,7.0,6.0,1
2025-02-22 18:00:00+00:00,Primeira Liga,Sport Lisboa e Benfica,Boavista FC,1598.3092520284479,1398.6467667981588,254.66248523028912,2.6,0.0,2.2,0.6,1.4,2.2,1.4,0.2,3.0,7.0,2
2025-02-22 19:00:00+00:00,Eredivisie,Feyenoord Rotterdam,Almere City FC,1577.6600262406694,1429.431204619751,203.22882162091832,1.6,1.0,1.2,0.8,0.6,1.6,2.4,1.0,4.0,6.0,2
2025-02-22 19:45:00+00:00,Serie A,FC Internazionale Milano,Genoa CFC,1622.4361466954144,1483.24186247254,194.19428422287433,1.4,1.4,1.2,1.4,1.2,1.2,2.6,1.0,6.0,5.0,2
2025-02-22 20:00:00+00:00,Primera Division,UD Las Palmas,FC Barcelona,1440.8141643463723,1613.5009495614242,-117.68678521505194,0.2,2.6,1.0,3.0,2.4,0.8,1.4,2.2,6.0,5.0,0
2025-02-22 20:05:00+00:00,Ligue 1,AJ Auxerre,Olympique de Marseille,1469.402868912593,1566.1339615297038,-41.73109261711079,0.6,2.0,1.4,2.2,2.2,1.2,1.0,2.4,8.0,7.0,2
2025-02-22 20:30:00+00:00,Primeira Liga,GD Estoril Praia,Rio Ave FC,1521.119769046747,1479.4900158203568,96.62975322639022,2.6,1.2,2.0,1.2,1.2,1.6,2.0,1.0,7.0,6.0,2
2025-02-23 11:30:00+00:00,Serie A,Como 1907,SSC Napoli,1467.3411338942224,1616.6089365393439,-94.26780264512149,1.2,1.8,1.6,1.8,1.4,1.4,1.2,2.2,7.0,7.0,2
2025-02-23 12:00:00+00:00,Championship,Watford FC,Luton Town FC,1492.4426621171515,1405.3423622337102,142.10029988344127,0.8,0.4,0.8,0.4,1.8,1.2,0.0,0.2,7.0,3.0,2
2025-02-23 13:00:00+00:00,Primera Division,Athletic Club,Real Valladolid CF,1574.1513890609099,1394.5057880670197,234.64560099389018,1.8,0.0,1.6,0.4,0.8,3.0,2.6,0.0,7.0,6.0,2
2025-02-23 13:30:00+00:00,Eredivisie,FC Twente '65,NEC,1547.558998062989,1454.630626502259,147.92837156073006,1.6,1.6,2.8,2.2,1.8,1.6,2.6,1.2,7.0,7.0,2
2025-02-23 13:30:00+00:00,Eredivisie,AFC Ajax,Go Ahead Eagles,1617.5849196613785,1522.00179564124,150.58312402013848,3.0,2.0,2.4,2.0,0.4,1.4,2.6,0.8,6.0,8.0,2
2025-02-23 14:00:00+00:00,Ligue 1,FC Nantes,Racing Club de Lens,1465.8175925388045,1515.243856974515,5.573735564289564,1.0,1.2,1.0,0.8,2.4,1.2,1.0,2.0,7.0,6.0,2
2025-02-23 14:00:00+00:00,Serie A,Hellas Verona FC,ACF Fiorentina,1439.0406785633747,1531.4602804006925,-37.419601837317714,0.8,1.8,0.4,1.6,2.0,1.2,0.2,0.8,7.0,7.0,2
2025-02-23 14:00:00+00:00,Premier League,Newcastle United FC,Nottingham Forest FC,1529.0607454447852,1560.1545886247575,23.906156820027718,1.2,1.4,1.6,2.4,2.2,2.0,1.8,1.8,7.0,7.0,2
2025-02-23 14:30:00+00:00,Bundesliga,RB Leipzig,1. FC Heidenheim 1846,1505.1097795871547,1399.8447257725256,160.26505381462903,1.2,0.0,0.8,0.4,0.6,1.8,2.6,0.2,8.0,6.0,1
2025-02-23 15:15:00+00:00,Primera Division,Real Madrid CF,Girona FC,1622.3659591310425,1445.8893078693286,231.47665126171387,1.6,0.6,1.6,1.0,1.2,2.0,2.6,0.6,3.0,8.0,2
2025-02-23 15:30:00+00:00,Primeira Liga,CF Estrela da Amadora,CD Santa Clara,1451.9997520068152,1526.3142461780376,-19.31449417122235,0.8,1.4,0.6,1.4,1.0,1.4,1.2,2.0,8.0,7.0,1
2025-02-23 15:30:00+00:00,Primeira Liga,FC Arouca,SC Farense,1484.4772753154416,1437.8501944008137,101.62708091462787,1.8,0.2,1.6,0.4,1.2,1.6,1.6,1.2,7.0,6.0,1
2025-02-23 15:45:00+00:00,Eredivisie,AZ,Fortuna Sittard,1556.0211724923495,1486.8768184645387,124.14435402781078,1.6,0.2,1.4,0.8,0.8,3.0,2.4,1.2,14.0,14.0,2
2025-02-23 16:15:00+00:00,Ligue 1,OGC Nice,Montpellier HSC,1567.2825051977034,1413.767809681896,208.51469551580726,2.0,1.2,1.8,1.0,0.8,2.0,3.0,0.6,7.0,7.0,2
2025-02-23 16:15:00+00:00,Ligue 1,RC Strasbourg Alsace,Stade Brestois 29,1525.3369414105716,1494.1836556067249,86.15328580384676,2.0,0.8,1.4,1.2,0.6,3.4,2.0,1.8,7.0,3.0,1
2025-02-23 16:15:00+00:00,Ligue 1,Le Havre AC,Toulouse FC,1431.4731795365108,1485.59442511594,0.8787544205706581,1.0,0.6,1.0,0.8,1.4,1.2,0.0,1.0,7.0,7.0,0
2025-02-23 16:30:00+00:00,Bundesliga,FC Bayern München,Eintracht Frankfurt,1635.6148654483084,1557.6313702824011,132.98349516590724,2.2,1.8,2.0,1.8,1.0,1.0,2.6,1.6,4.0,7.0,2
2025-02-23 16:30:00+00:00,Premier League,Manchester City FC,Liverpool FC,1527.9741784562689,1660.5022621689377,-77.52808371266883,1.2,1.6,2.2,2.0,2.4,1.6,2.4,1.6,3.0,3.0,0
2025-02-23 17:00:00+00:00,Serie A,Empoli FC,Atalanta BC,1429.6737595377735,1570.2368935802506,-85.56313404247703,0.2,1.0,0.6,1.6,2.6,1.2,0.2,1.6,7.0,4.0,0
2025-02-23 17:30:00+00:00,Primera Division,Getafe CF,Real Betis Balompié,1490.5775599980625,1490.4610470837545,55.11651291430803,2.2,1.4,1.4,1.8,0.4,1.6,1.6,1.2,8.0,6.0,0
2025-02-23 18:00:00+00:00,Primeira Liga,AVS,Sporting Clube de Portugal,1461.1756987719386,1578.567976705135,-62.39227793319628,0.8,1.2,0.8,1.2,1.6,1.4,1.0,1.2,7.0,4.0,1
2025-02-23 18:30:00+00:00,Bundesliga,TSG 1899 Hoffenheim,VfB Stuttgart,1463.0651124816713,1511.3699907976113,6.695121684060041,1.4,0.6,1.8,1.0,2.2,2.2,0.4,2.4,7.0,8.0,1
2025-02-23 19:45:00+00:00,Ligue 1,Olympique Lyonnais,Paris Saint-Germain FC,1539.4188190129194,1648.5767526716745,-54.157933658755155,1.6,3.0,2.2,4.0,1.0,0.6,2.6,3.0,7.0,3.0,0
2025-02-23 19:45:00+00:00,Serie A,Cagliari Calcio,Juventus FC,1466.7589867022634,1584.2980251277208,-62.53903842545742,1.4,2.4,1.4,2.0,1.2,1.2,1.2,1.0,8.0,3.0,0
2025-02-23 20:00:00+00:00,Primera Division,Real Sociedad de Fútbol,CD Leganés,1480.7620104680693,1474.4752918541221,61.28671861394719,0.6,1.0,0.6,0.8,2.0,1.2,2.0,1.2,7.0,8.0,2
2025-02-23 20:30:00+00:00,Primeira Liga,FC Famalicão,Moreirense FC,1491.1526227063187,1466.8681607613053,79.28446194501339,1.6,0.8,0.8,1.2,0.8,1.6,0.6,0.2,6.0,8.0,2
2025-02-24 19:45:00+00:00,Serie A,AS Roma,AC Monza,1538.9146825666194,1394.296650483708,199.61803208291144,2.6,0.2,1.6,0.4,0.6,2.2,2.6,0.0,8.0,8.0,2
2025-02-24 20:00:00+00:00,Primera Division,Sevilla FC,RCD Mallorca,1495.4305179083788,1485.02856661598,65.40195129239873,1.6,0.8,1.6,0.8,1.2,1.8,1.2,1.2,8.0,8.0,1
2025-02-24 20:00:00+00:00,Championship,Sheffield United FC,Leeds United FC,1614.5465288507946,1638.5363193204216,31.010209530373004,2.4,2.6,1.4,3.0,1.0,0.2,2.0,2.2,9.0,7.0,0
2025-02-24 20:15:00+00:00,Primeira Liga,FC Porto,Vitória SC,1567.1664478732291,1510.0926179011394,112.0738299720897,1.2,1.2,1.2,0.8,1.4,0.6,2.2,0.6,8.0,7.0,1
2025-02-25 19:30:00+00:00,Premier League,Wolverhampton Wanderers FC,Fulham FC,1451.977596603727,1517.8084803196061,-10.830883715879054,1.2,1.8,1.0,1.2,1.2,1.0,1.2,2.0,3.0,3.0,0
2025-02-25 19:30:00+00:00,Premier League,Crystal Palace FC,Aston Villa FC,1502.8260203859415,1523.242938428197,34.583081957744525,1.8,1.6,1.6,1.8,0.8,1.6,0.8,0.8,3.0,3.0,2
2025-02-25 19:30:00+00:00,Premier League,Brighton & Hove Albion FC,AFC Bournemouth,1526.0371112680068,1545.013835591629,36.02327567637781,1.8,1.8,2.0,2.4,1.8,1.0,1.0,2.2,3.0,3.0,2
2025-02-25 19:45:00+00:00,Championship,Cardiff City FC,Hull City AFC,1470.6305831848147,1444.3111356984914,81.31944748632327,1.0,1.4,1.0,1.2,2.4,1.0,1.8,2.4,3.0,3.0,2
2025-02-25 19:45:00+00:00,Championship,Stoke City FC,Middlesbrough FC,1455.6283941955542,1476.7652167141412,33.863177481413004,1.4,0.0,1.4,1.0,1.6,2.2,1.6,0.6,3.0,4.0,0
2025-02-25 20:15:00+00:00,Premier League,Chelsea FC,Southampton FC,1526.1848582937516,1371.3721671001877,209.81269119356398,1.2,0.6,1.4,1.2,2.0,2.8,2.0,0.8,3.0,3.0,2
2025-02-26 19:30:00+00:00,Premier League,Brentford FC,Everton FC,1503.1088654452592,1491.4307438566332,66.67812158862603,1.8,2.2,1.4,2.2,1.0,1.0,0.2,1.6,4.0,4.0,1
2025-02-26 19:30:00+00:00,Premier League,Nottingham Forest FC,Arsenal FC,1550.8415792930496,1617.4270020228046,-11.58542272975501,1.2,2.4,2.8,2.0,2.6,0.6,2.6,2.6,3.0,4.0,1
2025-02-26 19:30:00+00:00,Premier League,Manchester United FC,Ipswich Town FC,1477.796406062377,1411.3534364511197,121.44296961125724,0.8,0.2,0.8,0.8,1.6,3.4,0.6,1.0,4.0,4.0,2
2025-02-26 19:30:00+00:00,Premier League,Tottenham Hotspur FC,Manchester City FC,1473.8314197306358,1520.169302415743,8.66211731489284,1.8,0.6,2.0,1.6,1.2,2.6,0.8,0.8,4.0,3.0,0
2025-02-26 20:15:00+00:00,Premier League,Liverpool FC,Newcastle United FC,1668.3071382094636,1538.3737547764931,184.93338343297046,2.2,1.2,2.0,1.8,1.0,2.8,2.6,2.4,3.0,3.0,2
2025-02-27 19:45:00+00:00,Serie A,Bologna FC 1909,AC Milan,1539.4158068416095,1526.0881558681438,68.32765097346578,1.6,1.4,1.2,1.0,1.0,0.8,2.6,0.6,5.0,5.0,2
2025-02-27 20:00:00+00:00,Premier League,West Ham United FC,Leicester City FC,1482.6286130499482,1395.4813426362741,142.14727041367405,0.8,0.6,0.6,0.4,1.2,2.6,0.8,0.6,5.0,6.0,2
2025-02-28 19:00:00+00:00,Eredivisie,RKC Waalwijk,Fortuna Sittard,1441.032368764922,1480.3052970663286,15.727071698593363,2.0,0.2,2.4,0.8,0.8,2.6,1.4,1.0,12.0,5.0,0
2025-02-28 19:30:00+00:00,Bundesliga,VfB Stuttgart,FC Bayern München,1514.8960013744502,1641.9638694562614,-72.06786808181118,0.8,2.2,1.2,2.0,2.0,0.4,1.2,2.0,5.0,5.0,0
2025-02-28 19:45:00+00:00,Ligue 1,AS Monaco FC,Stade de Reims,1533.3988169571044,1437.3429883949436,151.05582856216074,0.8,0.2,2.4,0.4,2.2,1.8,2.4,0.4,6.0,7.0,2
2025-02-28 19:45:00+00:00,Serie A,ACF Fiorentina,US Lecce,1520.3874028599157,1442.4136472509535,132.97375560896216,1.2,1.0,1.2,0.6,1.2,1.2,1.4,1.4,5.0,7.0,2
2025-02-28 20:00:00+00:00,Championship,Sheffield Wednesday FC,Sunderland AFC,1482.1382748878455,1559.2955545021057,-22.157279614260233,0.8,1.4,0.8,1.6,1.8,1.4,1.2,1.4,7.0,6.0,0
2025-02-28 20:00:00+00:00,Primera Division,Real Valladolid CF,UD Las Palmas,1390.390762651936,1434.0775937320968,11.3131689198392,0.0,0.2,0.4,0.8,4.0,2.0,1.2,0.8,5.0,6.0,1
2025-03-01 12:30:00+00:00,Championship,Blackburn Rovers FC,Norwich City FC,1505.6650792089388,1505.3764283545636,55.28865085437519,1.8,1.6,1.4,1.4,1.2,1.0,1.8,1.4,6.0,6.0,1
2025-03-01 12:30:00+00:00,Championship,Leeds United FC,West Bromwich Albion FC,1649.4265023081757,1527.1989122238256,177.22759008435014,3.0,1.4,3.6,1.2,0.4,1.2,2.6,0.6,4.0,6.0,1
2025-03-01 12:30:00+00:00,Championship,Oxford United FC,Coventry City FC,1467.8762321379984,1537.3665363760313,-14.490304238032877,0.4,2.4,0.2,1.4,1.2,0.8,2.0,2.0,6.0,6.0,0
2025-03-01 13:00:00+00:00,Primera Division,Girona FC,RC Celta de Vigo,1441.7143412564014,1493.2103768504792,3.503964405922261,0.6,1.6,0.8,1.4,2.0,1.2,1.2,0.4,5.0,7.0,1
2025-03-01 14:00:00+00:00,Serie A,Atalanta BC,Venezia FC,1577.8227967349605,1411.3339537267561,221.4888430082044,1.4,0.4,2.4,0.6,1.0,1.4,1.0,0.4,5.0,7.0,1
2025-03-01 14:30:00+00:00,Bundesliga,SV Werder Bremen,VfL Wolfsburg,1480.7983932817701,1512.999221707358,22.799171574412185,0.8,1.4,0.8,1.2,2.6,1.0,1.4,1.4,7.0,7.0,0
2025-03-01 14:30:00+00:00,Bundesliga,FC St. Pauli 1910,Borussia Dortmund,1434.3368709757262,1508.698643880577,-19.361772904850795,0.8,1.4,0.8,2.0,1.2,0.8,0.8,1.2,7.0,6.0,0
2025-03-01 14:30:00+00:00,Bundesliga,VfL Bochum 1848,TSG 1899 Hoffenheim,1423.0399541378818,1459.5391019048325,18.500852233049272,1.0,1.0,1.0,1.4,1.4,2.2,2.0,1.4,7.0,5.0,0
2025-03-01 14:30:00+00:00,Bundesliga,RB Leipzig,1. FSV Mainz 05,1497.465178307551,1529.460285366396,23.00489294115505,1.2,2.0,0.8,1.2,0.6,0.2,2.2,1.2,6.0,7.0,0
2025-03-01 14:30:00+00:00,Bundesliga,1. FC Heidenheim 1846,Borussia Mönchengladbach,1407.4893270521293,1509.7606341510793,-47.27130709895005,0.2,2.0,0.8,1.6,1.8,1.2,0.6,1.8,6.0,7.0,0
2025-03-01 15:00:00+00:00,Championship,Luton Town FC,Portsmouth FC,1399.2185739477034,1479.8898408477883,-25.671266900084902,0.4,2.0,0.4,1.4,1.4,0.8,0.4,0.6,6.0,7.0,2
2025-03-01 15:00:00+00:00,Championship,Middlesbrough FC,Derby County FC,1487.7368026866936,1414.9374536993269,127.79934898736678,0.6,0.4,1.4,0.2,2.0,1.4,1.0,0.2,3.0,7.0,2
2025-03-01 15:00:00+00:00,Championship,Queens Park Rangers FC,Sheffield United FC,1499.2094370570928,1603.6563458630405,-49.446908805947714,1.2,2.4,1.6,1.6,1.2,1.0,2.4,2.4,7.0,4.0,0
2025-03-01 15:00:00+00:00,Championship,Stoke City FC,Watford FC,1444.6568082230017,1498.5664504031583,1.090357819843348,1.2,1.4,1.6,1.0,2.2,1.4,1.6,1.6,3.0,6.0,1
2025-03-01 15:15:00+00:00,Primera Division,Rayo Vallecano de Madrid,Sevilla FC,1515.5946370394502,1490.236688933201,80.35794810624907,1.8,1.2,0.8,1.4,0.6,1.2,2.0,1.4,7.0,4.0,1
2025-03-01 15:30:00+00:00,Eredivisie,FC Utrecht,NAC Breda,1562.0533057240789,1461.7426011296968,155.31070459438206,0.8,1.0,1.2,1.0,1.4,2.0,0.4,0.8,14.0,13.0,2
2025-03-01 15:30:00+00:00,Primeira Liga,CD Nacional,FC Famalicão,1463.3951977348113,1498.9094357756335,19.485761959177808,0.8,2.2,1.0,1.2,1.4,0.0,1.4,1.6,7.0,5.0,2
2025-03-01 16:00:00+00:00,Ligue 1,AS Saint-Étienne,OGC Nice,1431.858858173204,1571.9109170829743,-85.05205890977027,0.4,2.6,1.2,2.0,3.0,0.4,1.0,1.6,6.0,5.0,0
2025-03-01 17:00:00+00:00,Serie A,SSC Napoli,FC Internazionale Milano,1603.9603675639535,1627.364270481429,31.596097082524466,1.2,1.4,1.4,0.8,1.4,1.2,2.0,1.4,6.0,6.0,1
2025-03-01 17:30:00+00:00,Bundesliga,Eintracht Frankfurt,Bayer 04 Leverkusen,1551.2823662744481,1623.2297410370313,-16.947374762583195,1.2,2.2,1.4,1.4,1.8,0.2,2.0,1.6,6.0,7.0,0
2025-03-01 17:30:00+00:00,Primera Division,Real Betis Balompié,Real Madrid CF,1502.034252815718,1626.5409257439696,-69.50667292825165,2.0,2.2,2.0,2.0,1.2,1.0,1.2,2.0,6.0,6.0,2
2025-03-01 17:45:00+00:00,Eredivisie,Go Ahead Eagles,PSV,1516.0834927451008,1591.8595518677769,-20.776059122676088,1.4,1.2,1.4,2.0,1.8,1.8,2.6,0.8,6.0,9.0,2
2025-03-01 18:00:00+00:00,Ligue 1,Racing Club de Lens,Le Havre AC,1505.4042682187905,1421.447887005079,138.95638121371144,1.2,0.8,0.8,1.0,1.4,2.0,1.2,1.0,6.0,6.0,0
2025-03-01 18:00:00+00:00,Primeira Liga,FC Arouca,FC Porto,1478.2995426615817,1560.714785931316,-27.415243269734447,1.8,1.4,1.6,1.2,1.2,1.0,1.8,1.4,6.0,4.0,0
2025-03-01 19:00:00+00:00,Eredivisie,FC Groningen,FC Twente '65,1473.6742022729982,1553.5411787731323,-24.866976500134115,2.0,1.6,1.4,2.0,0.8,1.4,2.2,0.4,13.0,6.0,1
2025-03-01 19:45:00+00:00,Serie A,Udinese Calcio,Parma Calcio 1913,1506.7539221950626,1436.917596249545,124.8363259455175,2.0,0.6,1.8,1.2,1.0,1.8,1.6,0.2,8.0,7.0,2
2025-03-01 20:00:00+00:00,Eredivisie,Feyenoord Rotterdam,NEC,1582.397562868144,1448.6484457921158,188.74911707602814,2.2,1.0,1.4,2.0,0.4,2.0,2.4,0.6,7.0,6.0,1
2025-03-01 20:00:00+00:00,Primera Division,Club Atlético de Madrid,Athletic Club,1618.043248763212,1578.2664144759935,94.77683428721843,2.2,1.8,2.2,2.6,0.6,0.8,2.2,1.8,7.0,6.0,2
2025-03-01 20:05:00+00:00,Ligue 1,Paris Saint-Germain FC,Lille OSC,1657.0304658352018,1576.5419761446049,135.4884896905969,3.0,2.4,3.6,3.0,0.6,1.0,2.6,1.0,6.0,7.0,2
2025-03-01 20:30:00+00:00,Primeira Liga,Vitória SC,Casa Pia AC,1516.5442798430524,1519.454455265981,52.08982457707134,1.2,1.8,0.6,1.6,0.4,1.2,1.4,1.8,5.0,7.0,2
2025-03-02 11:15:00+00:00,Eredivisie,SC Heerenveen,AZ,1470.790874178742,1562.5926938905595,-36.80181971181764,0.6,2.0,1.2,1.2,1.8,0.4,1.2,2.2,13.0,6.0,2
2025-03-02 11:30:00+00:00,Serie A,AC Monza,Torino FC,1389.4835574842502,1491.6596172655593,-47.17605978130905,0.2,1.6,0.2,1.6,2.4,1.2,0.8,1.2,5.0,7.0,0
2025-03-02 13:00:00+00:00,Primera Division,CD Leganés,Getafe CF,1466.2211943494922,1479.004354266099,42.21684008339321,0.4,2.0,0.6,1.4,1.8,0.6,0.8,2.4,6.0,6.0,2
2025-03-02 13:30:00+00:00,Eredivisie,Almere City FC,AFC Ajax,1424.6936679922765,1623.5032225575178,-143.80955456524134,0.8,3.0,1.0,2.4,2.0,0.2,0.6,2.4,7.0,7.0,0
2025-03-02 13:30:00+00:00,Eredivisie,Heracles Almelo,PEC Zwolle,1460.5124989970116,1479.6700471443323,35.84245185267923,1.2,1.6,1.4,2.2,1.8,1.6,1.4,1.0,13.0,14.0,2
2025-03-02 14:00:00+00:00,Serie A,Bologna FC 1909,Cagliari Calcio,1547.4741466990822,1458.5398130257283,143.93433367335388,2.0,0.8,1.4,0.6,1.0,1.2,3.0,1.0,2.0,6.0,2
2025-03-02 14:00:00+00:00,Serie A,Genoa CFC,Empoli FC,1478.3137386865255,1422.0878563830636,111.22588230346196,1.4,0.2,1.2,0.4,0.8,3.0,2.0,0.2,7.0,6.0,1
2025-03-02 14:00:00+00:00,Ligue 1,Olympique Lyonnais,Stade Brestois 29,1530.965105849392,1499.9470752294844,86.01803061990768,1.4,1.0,2.6,0.8,1.6,2.4,2.0,1.4,6.0,6.0,2
2025-03-02 14:30:00+00:00,Bundesliga,1. FC Union Berlin,Holstein Kiel,1450.5802421282356,1411.4696286670562,94.11061346117935,0.8,0.4,1.0,1.6,2.2,2.6,0.8,0.2,7.0,8.0,0
2025-03-02 15:15:00+00:00,Primera Division,FC Barcelona,Real Sociedad de Fútbol,1620.2375201756997,1489.0161079726993,186.22141220300045,2.6,1.2,2.0,1.2,0.6,1.8,2.0,0.6,7.0,6.0,2
2025-03-02 15:30:00+00:00,Primeira Liga,Boavista FC,CD Santa Clara,1394.8956028651069,1529.09223564676,-79.19663278165308,0.0,1.6,0.2,1.0,2.2,0.8,0.2,1.6,7.0,7.0,2
2025-03-02 15:30:00+00:00,Primeira Liga,Moreirense FC,CF Estrela da Amadora,1459.1113476919904,1449.2217625380931,64.88958515389731,0.6,1.0,1.2,0.6,2.0,0.8,1.0,1.0,6.0,7.0,1
2025-03-02 15:45:00+00:00,Eredivisie,Sparta Rotterdam,Willem II Tilburg,1441.0817660442428,1454.8092069570982,41.2725590871446,1.4,0.4,0.8,0.6,1.2,1.8,0.8,0.8,15.0,14.0,2
2025-03-02 16:15:00+00:00,Ligue 1,Angers SCO,Toulouse FC,1487.53316457086,1495.6197176473718,46.91344692348821,1.0,1.0,1.0,1.6,1.4,1.4,1.4,1.6,7.0,7.0,0
2025-03-02 16:15:00+00:00,Ligue 1,AJ Auxerre,RC Strasbourg Alsace,1480.5982433431136,1519.573521787812,16.02472155530154,1.2,2.0,2.0,1.2,1.8,0.4,1.4,2.0,7.0,7.0,0
2025-03-02 16:15:00+00:00,Ligue 1,Montpellier HSC,Stade Rennais FC 1901,1409.1393977966252,1463.3324114831228,0.8069863135024207,0.6,1.8,0.6,1.2,2.2,1.0,0.8,0.6,7.0,8.0,0
2025-03-02 16:30:00+00:00,Bundesliga,FC Augsburg,SC Freiburg,1511.4613287999798,1534.844527731625,31.61680106835479,1.8,2.4,1.2,1.8,0.4,0.4,1.4,1.2,8.0,8.0,1
2025-03-02 17:00:00+00:00,Serie A,AS Roma,Como 1907,1543.727775566077,1479.9897028696128,118.73807269646431,2.6,1.2,1.8,1.2,0.4,1.4,2.6,1.0,5.0,7.0,2
2025-03-02 17:30:00+00:00,Primera Division,RCD Mallorca,Deportivo Alavés,1490.2223955911577,1436.9908790400013,108.23151655115635,1.0,0.4,1.0,0.8,1.2,1.4,1.4,1.2,5.0,8.0,1
2025-03-02 18:00:00+00:00,Primeira Liga,SC Farense,AVS,1444.0279270546737,1459.6191013089729,39.408825745700824,0.2,1.0,0.8,1.0,2.0,1.4,0.2,0.6,7.0,7.0,0
2025-03-02 19:45:00+00:00,Ligue 1,Olympique de Marseille,FC Nantes,1554.9385870991832,1475.657181294529,134.28140580465424,1.8,1.4,2.0,1.4,1.6,2.4,2.2,1.0,7.0,7.0,2
2025-03-02 19:45:00+00:00,Serie A,AC Milan,SS Lazio,1518.029816010671,1540.1198705701745,32.909945440496585,0.8,1.6,0.8,2.0,1.2,1.2,2.2,2.0,3.0,8.0,0
2025-03-02 20:00:00+00:00,Primera Division,CA Osasuna,Valencia CF,1499.5244805258283,1463.721416112057,90.80306441377115,1.2,1.4,1.0,1.2,1.0,2.4,1.2,0.6,9.0,8.0,1
2025-03-02 20:30:00+00:00,Primeira Liga,Rio Ave FC,Sporting Clube de Braga,1472.201683703225,1576.1966414472972,-48.99495774407228,1.2,2.6,1.4,1.6,1.4,0.2,1.2,2.6,8.0,9.0,2
2025-03-03 19:45:00+00:00,Serie A,Juventus FC,Hellas Verona FC,1592.517198804256,1450.1135561041515,197.40364270010446,2.4,1.4,1.4,0.6,1.0,1.4,2.4,1.4,8.0,8.0,2
2025-03-03 20:15:00+00:00,Primeira Liga,Sporting Clube de Portugal,GD Estoril Praia,1580.1245741681007,1528.4081011638789,106.71647300422183,0.8,2.6,1.0,1.8,1.6,1.0,1.6,2.0,8.0,8.0,2
2025-03-04 17:45:00+00:00,UEFA Champions League,Club Brugge KV,Aston Villa FC,1531.3987992507027,1514.2350451592495,72.16375409145326,2.0,1.0,1.6,1.2,1.2,2.0,2.0,0.8,13.0,6.0,0
2025-03-04 19:45:00+00:00,Championship,Hull City AFC,Plymouth Argyle FC,1436.6098733429608,1434.8248102917873,56.78506305117344,0.8,1.6,0.6,1.8,1.2,1.2,0.4,0.6,7.0,10.0,2
2025-03-04 19:45:00+00:00,Championship,Cardiff City FC,Burnley FC,1478.3318455403453,1605.7456453625816,-72.41379982223634,1.0,2.2,0.8,1.4,2.2,0.0,2.2,1.8,7.0,10.0,0
2025-03-04 19:45:00+00:00,Championship,Millwall FC,Bristol City FC,1506.9372973683053,1527.4979063613666,34.43939100693865,1.6,1.6,1.2,1.2,1.6,0.8,1.0,0.8,10.0,11.0,0
2025-03-04 19:45:00+00:00,Championship,Preston North End FC,Swansea City AFC,1494.4052008932329,1453.43218811213,95.97301278110285,1.0,1.2,0.8,1.0,1.0,1.2,1.8,0.6,10.0,10.0,1
2025-03-04 20:00:00+00:00,UEFA Champions League,Real Madrid CF,Club Atlético de Madrid,1614.5666316132967,1625.3810617367747,44.185569876522095,2.0,2.2,2.0,1.6,1.2,0.4,2.6,2.0,3.0,3.0,2
2025-03-04 20:00:00+00:00,UEFA Champions League,Borussia Dortmund,Lille OSC,1518.1419434316583,1570.2552958331403,2.8866475985180386,2.0,1.8,2.2,2.0,0.4,1.6,1.6,0.8,3.0,2.0,1
2025-03-04 20:00:00+00:00,UEFA Champions League,PSV,Arsenal FC,1581.2622805627843,1620.4270036225987,15.835276940185622,1.0,2.0,1.8,1.8,1.8,0.6,2.2,2.2,3.0,6.0,0
2025-03-05 17:45:00+00:00,UEFA Champions League,Feyenoord Rotterdam,FC Internazionale Milano,1574.1096851789114,1631.604513846672,-2.4948286677606575,1.8,1.4,0.8,0.8,0.4,1.2,2.6,1.0,3.0,4.0,0
2025-03-05 20:00:00+00:00,UEFA Champions League,Paris Saint-Germain FC,Liverpool FC,1663.3171461466663,1673.4359100394147,44.88123610725165,3.0,2.2,3.6,2.0,0.6,1.0,2.6,1.6,3.0,6.0,0
2025-03-05 20:00:00+00:00,UEFA Champions League,FC Bayern München,Bayer 04 Leverkusen,1649.918835811981,1632.7423428813224,72.17649293065847,2.2,2.2,2.0,1.8,0.6,0.4,2.6,1.6,5.0,4.0,2
2025-03-05 20:00:00+00:00,UEFA Champions League,Sport Lisboa e Benfica,FC Barcelona,1602.0604159614998,1625.338067527748,31.722348433751677,2.6,3.0,2.2,2.4,1.0,0.2,2.0,2.6,11.0,3.0,0
2025-03-07 19:00:00+00:00,Eredivisie,NAC Breda,Sparta Rotterdam,1455.9370659479853,1449.899402730756,61.03766321722924,0.4,1.8,0.6,1.4,2.0,1.0,1.0,1.0,6.0,5.0,1
2025-03-07 19:30:00+00:00,Bundesliga,Borussia Mönchengladbach,1. FSV Mainz 05,1518.4083903998599,1540.1214534587527,33.286936941107115,2.0,2.0,1.6,1.2,1.2,0.4,1.4,1.2,6.0,6.0,0
2025-03-07 19:45:00+00:00,Serie A,Cagliari Calcio,Genoa CFC,1452.4607890980897,1471.8841261546472,35.57666294344244,0.8,1.0,0.8,1.0,1.2,1.0,1.2,0.4,5.0,5.0,1
2025-03-07 19:45:00+00:00,Ligue 1,Toulouse FC,AS Monaco FC,1506.9618482925866,1539.3057873387454,22.656060953841234,1.6,1.4,2.2,2.8,1.0,1.4,0.8,0.2,5.0,7.0,1
2025-03-07 20:00:00+00:00,Championship,Norwich City FC,Oxford United FC,1510.2877989476592,1458.293054969919,106.9947439777402,1.2,0.2,1.4,0.4,1.2,1.6,2.0,0.6,6.0,6.0,1
2025-03-07 20:15:00+00:00,Primeira Liga,CF Estrela da Amadora,Gil Vicente FC,1454.4013509955528,1448.0535731128543,61.34777788269844,1.0,0.0,0.8,0.2,1.0,1.6,0.8,0.8,5.0,13.0,1
2025-03-08 12:30:00+00:00,Championship,Watford FC,Millwall FC,1501.9311666542374,1495.9492858558035,60.98188079843385,1.6,1.0,1.0,0.8,1.2,1.8,0.6,2.0,6.0,3.0,0
2025-03-08 12:30:00+00:00,Championship,Coventry City FC,Stoke City FC,1546.9497135441106,1441.2920919719227,160.65762157218796,2.4,0.8,1.6,1.2,1.2,2.0,2.4,0.8,7.0,6.0,2
2025-03-08 12:30:00+00:00,Premier League,Nottingham Forest FC,Manchester City FC,1547.8415776932554,1530.4185665492578,72.42301114399766,0.8,1.2,2.2,1.6,2.2,1.6,2.2,1.2,9.0,9.0,2
2025-03-08 13:00:00+00:00,Primera Division,RC Celta de Vigo,CD Leganés,1496.644558967263,1475.0120410711913,76.6325178960717,1.6,0.8,1.6,0.8,1.4,1.8,2.4,1.0,7.0,6.0,2
2025-03-08 14:00:00+00:00,Serie A,Parma Calcio 1913,Torino FC,1430.3636383036276,1500.3100649232888,-14.946426619661224,0.6,1.6,0.8,1.6,1.4,1.2,1.4,1.2,6.0,6.0,1
2025-03-08 14:00:00+00:00,Serie A,Como 1907,Venezia FC,1473.2801414682167,1420.299209948911,107.98093151930561,1.2,0.4,1.2,0.4,1.4,1.2,1.2,0.4,5.0,7.0,1
2025-03-08 14:30:00+00:00,Bundesliga,Holstein Kiel,VfB Stuttgart,1424.1139902438722,1506.9410350187306,-27.82704477485845,0.8,0.8,1.4,1.2,2.2,1.8,1.4,2.0,6.0,7.0,1
2025-03-08 14:30:00+00:00,Bundesliga,FC Bayern München,VfL Bochum 1848,1657.8708066390998,1412.5079595404657,300.3628470986341,2.2,1.0,2.2,1.0,0.4,1.0,2.6,0.4,2.0,7.0,0
2025-03-08 14:30:00+00:00,Bundesliga,VfL Wolfsburg,FC St. Pauli 1910,1523.6544943165488,1424.893571424645,153.76092289190387,1.8,0.2,1.2,0.2,0.8,1.6,1.2,1.2,7.0,7.0,1
2025-03-08 14:30:00+00:00,Bundesliga,Borussia Dortmund,FC Augsburg,1514.7255276134354,1507.220494430581,62.50503318285428,1.6,1.4,1.8,0.8,0.6,0.2,1.6,2.2,3.0,5.0,0
2025-03-08 14:30:00+00:00,Bundesliga,Bayer 04 Leverkusen,SV Werder Bremen,1624.7903720542035,1470.1431206725792,209.6472513816243,1.6,0.6,1.2,0.6,0.8,2.6,2.6,0.8,2.0,7.0,0
2025-03-08 15:00:00+00:00,Premier League,Crystal Palace FC,Ipswich Town FC,1511.833913654889,1404.7131203015183,162.1207933533708,1.8,0.2,2.0,1.2,1.0,2.8,1.4,0.4,10.0,9.0,2
2025-03-08 15:00:00+00:00,Premier League,Brighton & Hove Albion FC,Fulham FC,1535.0039775399603,1527.4968433708439,62.5071341691164,1.8,1.8,1.8,1.2,1.8,1.2,1.6,2.4,10.0,10.0,2
2025-03-08 15:00:00+00:00,Premier League,Liverpool FC,Southampton FC,1684.7205581052701,1366.7702815350535,372.9502765702166,2.6,0.6,1.8,0.8,0.6,3.0,2.6,0.6,2.0,10.0,2
2025-03-08 15:00:00+00:00,Championship,Bristol City FC,Hull City AFC,1538.4859178738684,1444.989867197168,148.4960506767004,2.0,1.4,1.4,0.8,0.6,0.8,2.4,1.8,3.0,3.0,1
2025-03-08 15:00:00+00:00,Championship,Burnley FC,Luton Town FC,1613.6910733538266,1409.9561107191864,258.73496263464017,2.6,0.8,1.8,0.4,0.2,1.2,2.2,0.2,3.0,7.0,2
2025-03-08 15:00:00+00:00,Championship,West Bromwich Albion FC,Queens Park Rangers FC,1535.2324923110586,1490.6231018221881,99.60939048887053,1.6,1.2,1.2,1.6,1.0,1.2,2.0,1.2,7.0,7.0,2
2025-03-08 15:00:00+00:00,Championship,Swansea City AFC,Middlesbrough FC,1459.459667787133,1494.2158275011382,20.243840285994793,1.4,1.2,1.0,1.2,0.8,1.4,0.8,0.6,3.0,7.0,2
2025-03-08 15:00:00+00:00,Championship,Sunderland AFC,Cardiff City FC,1568.6586799060833,1470.3864175491003,153.272262356983,1.4,1.0,1.4,1.0,1.2,1.2,1.6,0.6,7.0,3.0,2
2025-03-08 15:00:00+00:00,Championship,Sheffield United FC,Preston North End FC,1612.2426810979453,1488.37772121823,178.86495987971534,2.4,1.2,1.8,0.6,1.2,0.6,1.8,1.4,7.0,3.0,2
2025-03-08 15:00:00+00:00,Championship,Plymouth Argyle FC,Sheffield Wednesday FC,1426.4448164375801,1472.7751494838678,8.669666953712294,1.0,0.6,1.4,0.8,1.4,2.0,1.4,1.2,3.0,7.0,0
2025-03-08 15:00:00+00:00,Championship,Derby County FC,Blackburn Rovers FC,1408.4584288848823,1500.7537086158432,-37.29527973096083,0.4,1.4,0.2,1.2,1.4,1.2,0.2,0.6,7.0,7.0,2
2025-03-08 15:15:00+00:00,Primera Division,Deportivo Alavés,Villarreal CF,1443.3423627303196,1546.7049726611478,-48.362609930828285,0.4,2.2,0.8,2.0,1.4,0.8,0.4,2.0,5.0,14.0,2
2025-03-08 15:30:00+00:00,Primeira Liga,AVS,FC Arouca,1470.7485389182073,1469.0869831692519,56.66155574895538,1.0,1.2,1.0,1.4,1.4,1.6,1.2,1.6,5.0,6.0,0
2025-03-08 15:30:00+00:00,Eredivisie,Fortuna Sittard,Heracles Almelo,1490.7576496586407,1469.4845145220593,76.27313513658146,0.8,1.6,1.0,2.0,2.0,2.0,0.6,0.8,7.0,6.0,2
2025-03-08 16:00:00+00:00,Ligue 1,Stade Rennais FC 1901,Paris Saint-Germain FC,1473.3556383745504,1652.032498080811,-123.67685970626053,2.4,2.4,1.6,3.0,0.4,0.8,1.2,3.0,5.0,2.0,0
2025-03-08 17:00:00+00:00,Serie A,US Lecce,AC Milan,1436.064400280478,1507.0854144476843,-16.02101416720643,1.0,0.8,0.6,1.0,0.6,1.4,0.4,0.6,7.0,5.0,0
2025-03-08 17:30:00+00:00,Primera Division,Valencia CF,Real Valladolid CF,1469.6103482629533,1386.7319251757842,137.87842308716904,1.6,0.2,1.6,0.6,1.6,3.6,1.8,0.0,5.0,7.0,2
2025-03-08 17:30:00+00:00,Bundesliga,SC Freiburg,RB Leipzig,1539.0853621010237,1486.8040102151942,107.28135188582951,2.6,1.2,1.6,1.0,0.0,0.8,2.4,0.6,6.0,7.0,1
2025-03-08 17:30:00+00:00,Premier League,Brentford FC,Aston Villa FC,1497.879601139165,1526.282723055218,26.596878083947104,2.0,1.6,1.6,1.8,0.8,1.8,0.4,0.8,9.0,3.0,0
2025-03-08 18:00:00+00:00,Ligue 1,Lille OSC,Montpellier HSC,1573.6717116513632,1399.1161709051976,229.55554074616566,1.4,0.0,1.4,0.2,1.6,2.8,2.4,0.6,3.0,6.0,2
2025-03-08 18:00:00+00:00,Primeira Liga,GD Estoril Praia,SC Farense,1521.3865652957481,1432.8984894454393,143.48807585030886,2.0,0.2,1.8,0.6,1.6,1.8,2.0,1.2,4.0,6.0,1
2025-03-08 18:00:00+00:00,Primeira Liga,Sport Lisboa e Benfica,CD Nacional,1591.1499021300604,1472.8349397247944,173.314962405266,2.0,1.4,1.6,1.4,0.8,1.2,1.4,0.8,2.0,7.0,2
2025-03-08 19:00:00+00:00,Eredivisie,PSV,SC Heerenveen,1570.8068199899235,1481.8461718587898,143.96064813113367,0.8,1.2,1.8,1.8,3.0,1.6,1.6,1.4,3.0,6.0,2
2025-03-08 19:45:00+00:00,Serie A,FC Internazionale Milano,AC Monza,1641.5327081395758,1380.8331098265207,315.69959831305505,2.0,0.2,1.2,0.2,0.6,2.4,2.6,0.0,3.0,6.0,2
2025-03-08 20:00:00+00:00,Premier League,Wolverhampton Wanderers FC,Everton FC,1442.2892335524893,1496.6600081627275,0.6292253897618139,1.2,1.8,1.0,2.2,1.0,1.2,1.2,1.6,11.0,10.0,1
2025-03-08 20:05:00+00:00,Ligue 1,Olympique de Marseille,Racing Club de Lens,1561.2552580710371,1491.6052182752499,124.65003979578728,2.4,0.6,2.4,1.2,1.2,2.2,2.6,1.4,6.0,7.0,0
2025-03-08 20:30:00+00:00,Primeira Liga,Sporting Clube de Braga,FC Porto,1564.795727254899,1569.9273454236459,49.868381831253146,2.0,1.8,1.2,1.4,0.6,0.8,2.0,1.4,6.0,7.0,2
2025-03-09 11:15:00+00:00,Eredivisie,Willem II Tilburg,FC Utrecht,1445.991570270585,1567.8588409057904,-66.86727063520539,0.2,1.2,0.4,1.4,2.4,1.4,0.8,1.8,6.0,7.0,0
2025-03-09 11:30:00+00:00,Serie A,Hellas Verona FC,Bologna FC 1909,1445.2537212989369,1553.5531706267209,-53.29944932778403,1.2,2.0,0.4,1.4,1.6,1.2,0.8,0.8,5.0,6.0,0
2025-03-09 12:00:00+00:00,Championship,Portsmouth FC,Leeds United FC,1469.1523040763052,1641.3929222209426,-117.24061814463744,1.8,2.6,1.4,2.4,1.0,0.6,2.0,2.2,7.0,7.0,2
2025-03-09 13:00:00+00:00,Primera Division,Getafe CF,Club Atlético de Madrid,1470.2135075443998,1616.6460123204236,-91.43250477602373,1.4,1.6,0.8,1.4,0.8,0.8,1.0,1.4,7.0,4.0,2
2025-03-09 13:30:00+00:00,Eredivisie,NEC,Go Ahead Eagles,1456.9363234813484,1526.6807640500933,-14.744440568744949,0.6,1.4,1.2,1.6,1.8,2.0,1.2,0.8,7.0,7.0,0
2025-03-09 13:30:00+00:00,Eredivisie,PEC Zwolle,AFC Ajax,1470.6980316192846,1629.5852861959195,-103.88725457663486,1.0,3.0,2.0,2.2,2.2,0.2,1.0,2.4,7.0,7.0,0
2025-03-09 14:00:00+00:00,Premier League,Chelsea FC,Leicester City FC,1530.7867438588858,1389.3587030843034,196.4280407745823,1.2,0.6,1.6,0.4,1.8,2.6,2.0,0.6,11.0,9.0,2
2025-03-09 14:00:00+00:00,Ligue 1,Stade Brestois 29,Angers SCO,1492.3734981069517,1476.1910339256451,71.18246418130661,0.4,1.0,0.6,1.0,2.8,2.0,0.8,1.4,7.0,6.0,2
2025-03-09 14:00:00+00:00,Serie A,SSC Napoli,ACF Fiorentina,1599.7201241987104,1526.7366498303913,127.9834743683191,0.8,1.2,1.2,1.0,1.4,1.0,2.2,0.8,7.0,8.0,2
2025-03-09 14:00:00+00:00,Premier League,Tottenham Hotspur FC,AFC Bournemouth,1463.582155597121,1536.0469693196756,-17.46481372255448,1.8,1.2,1.6,1.8,0.8,1.2,0.8,1.6,10.0,11.0,1
2025-03-09 14:30:00+00:00,Bundesliga,Eintracht Frankfurt,1. FC Union Berlin,1541.769764430157,1437.9358805514196,158.83388387873742,1.0,0.8,1.2,1.0,2.2,1.8,2.0,0.6,7.0,7.0,0
2025-03-09 15:15:00+00:00,Primera Division,Real Madrid CF,Rayo Vallecano de Madrid,1623.3016810296479,1509.9887944994332,168.31288653021466,2.0,1.4,1.8,0.6,1.0,0.6,2.6,1.2,4.0,8.0,2
2025-03-09 15:30:00+00:00,Primeira Liga,CD Santa Clara,Moreirense FC,1516.8514495762738,1453.9317592345308,117.91969034174303,1.4,0.8,0.8,1.4,0.8,2.0,0.8,0.2,7.0,7.0,1
2025-03-09 15:45:00+00:00,Eredivisie,FC Twente '65,Almere City FC,1556.160002640725,1418.6116043538748,192.54839828685022,1.8,0.8,2.0,1.0,1.2,1.8,3.0,1.0,7.0,7.0,2
2025-03-09 16:15:00+00:00,Ligue 1,FC Nantes,RC Strasbourg Alsace,1469.340510322675,1530.0344235681143,-5.693913245439262,1.2,2.0,1.2,1.0,2.6,0.2,1.6,2.0,6.0,7.0,0
2025-03-09 16:15:00+00:00,Ligue 1,Stade de Reims,AJ Auxerre,1431.4360180133026,1470.1373415628113,16.298676450491257,0.0,1.0,0.2,1.8,2.2,1.8,0.4,0.2,8.0,7.0,0
2025-03-09 16:15:00+00:00,Ligue 1,Le Havre AC,AS Saint-Étienne,1435.2469369486198,1424.2590974570787,65.98783949154108,1.4,0.2,1.8,1.2,2.4,3.4,0.0,0.2,7.0,8.0,1
2025-03-09 16:30:00+00:00,Bundesliga,TSG 1899 Hoffenheim,1. FC Heidenheim 1846,1470.0710965022486,1398.8415708033488,126.2295256988998,1.4,0.2,1.2,0.6,1.8,2.0,0.4,0.4,8.0,8.0,1
2025-03-09 16:30:00+00:00,Premier League,Manchester United FC,Arsenal FC,1484.4367222119783,1630.8824641954595,-91.44574198348118,1.4,2.0,1.2,2.8,1.4,0.6,1.2,2.6,10.0,4.0,1
2025-03-09 17:00:00+00:00,Serie A,Empoli FC,AS Roma,1428.517468914942,1550.4373369674731,-66.91986805253123,0.2,2.6,0.4,1.8,3.0,0.4,0.2,2.2,7.0,7.0,0
2025-03-09 17:30:00+00:00,Primera Division,Athletic Club,RCD Mallorca,1570.9286015024309,1483.8709119008395,142.0576896015914,1.6,1.2,2.6,1.2,1.0,1.2,2.6,0.8,7.0,7.0,1
2025-03-09 17:30:00+00:00,Primera Division,Real Betis Balompié,UD Las Palmas,1514.0085469463909,1437.7364312082486,131.27211573814225,2.0,0.2,2.2,0.8,1.4,2.0,1.6,0.4,8.0,8.0,2
2025-03-09 18:00:00+00:00,Primeira Liga,Casa Pia AC,Sporting Clube de Portugal,1510.9425875416837,1587.1461100362314,-21.20352249454777,1.2,1.2,1.0,1.4,1.2,1.6,2.6,1.2,7.0,5.0,0
2025-03-09 19:45:00+00:00,Serie A,Juventus FC,Atalanta BC,1597.3770336094706,1568.8575405128056,83.51949309666497,2.4,1.0,1.4,1.4,0.8,1.0,2.4,2.0,6.0,8.0,0
2025-03-09 19:45:00+00:00,Ligue 1,OGC Nice,Olympique Lyonnais,1579.5106777990995,1538.5386829719248,95.97199482717474,2.6,1.8,2.2,2.8,0.6,1.6,3.0,0.8,8.0,7.0,0
2025-03-09 20:00:00+00:00,Primera Division,Real Sociedad de Fútbol,Sevilla FC,1483.915560620651,1495.842531473218,43.07302914743286,1.2,1.2,1.2,1.4,2.0,1.2,2.0,1.6,7.0,8.0,0
2025-03-09 20:30:00+00:00,Primeira Liga,Boavista FC,Vitória SC,1407.136388935593,1525.0561475673499,-62.91975863175685,0.6,1.8,0.4,0.8,1.6,0.2,0.6,0.8,7.0,8.0,0
2025-03-10 19:45:00+00:00,Serie A,SS Lazio,Udinese Calcio,1551.0642721331612,1513.3078801409802,92.75639199218108,2.2,2.6,2.2,1.8,1.0,0.6,1.2,1.6,8.0,9.0,1
2025-03-10 20:00:00+00:00,Primera Division,RCD Espanyol de Barcelona,Girona FC,1465.4330233455123,1438.2801591396176,82.15286420589473,1.6,0.8,1.0,1.0,0.8,2.0,1.8,0.6,16.0,9.0,1
2025-03-10 20:00:00+00:00,Premier League,West Ham United FC,Newcastle United FC,1488.7512526019188,1533.244982946542,10.506269655376855,1.4,1.2,1.0,1.6,0.8,2.4,1.2,1.8,11.0,11.0,0
2025-03-10 20:15:00+00:00,Primeira Liga,FC Famalicão,Rio Ave FC,1489.4696937856504,1483.6025978956231,60.86709589002726,2.0,1.2,1.4,1.4,0.4,1.4,1.0,1.0,9.0,7.0,2
2025-03-11 17:45:00+00:00,UEFA Champions League,FC Barcelona,Sport Lisboa e Benfica,1636.2485813591875,1596.5378538230505,94.71072753613703,3.0,2.0,2.4,2.0,0.2,0.8,2.6,2.4,5.0,2.0,2
2025-03-11 19:45:00+00:00,Championship,Burnley FC,West Bromwich Albion FC,1617.3713148736692,1542.441555977981,129.92975889568834,2.6,1.6,2.4,1.0,0.2,0.8,2.6,0.6,3.0,3.0,1
2025-03-11 19:45:00+00:00,Championship,Middlesbrough FC,Queens Park Rangers FC,1484.797833578025,1483.4140381552659,56.38379542275902,1.2,0.6,1.0,1.2,1.0,1.2,1.4,0.6,3.0,3.0,2
2025-03-11 19:45:00+00:00,Championship,Cardiff City FC,Luton Town FC,1464.5324148819234,1406.2758691993438,113.2565456825796,1.0,0.8,1.0,0.4,1.2,1.6,2.0,0.2,3.0,3.0,0
2025-03-11 19:45:00+00:00,Championship,Derby County FC,Coventry City FC,1419.5277692005013,1552.6292512224977,-78.10148202199639,0.8,3.0,0.4,2.2,1.4,1.2,0.8,2.4,3.0,3.0,2
2025-03-11 19:45:00+00:00,Championship,Norwich City FC,Sheffield Wednesday FC,1503.9687044656591,1483.0246307783257,75.94407368733346,1.2,1.2,1.4,1.2,1.2,1.6,1.6,1.8,3.0,3.0,0
2025-03-11 19:45:00+00:00,Championship,Sunderland AFC,Preston North End FC,1574.5126825732602,1483.114602331487,146.3980802417732,1.8,0.6,1.4,0.4,1.0,0.8,1.6,1.2,3.0,3.0,1
2025-03-11 20:00:00+00:00,Championship,Sheffield United FC,Bristol City FC,1617.505799984688,1531.1210727362384,141.38472724844974,2.4,2.2,1.6,1.6,1.0,0.6,1.8,1.2,3.0,3.0,1
2025-03-11 20:00:00+00:00,UEFA Champions League,Liverpool FC,Paris Saint-Germain FC,1686.8130313657584,1658.6158988901502,83.19713247560821,2.6,2.4,2.0,3.6,0.6,1.0,3.0,3.0,3.0,3.0,0
2025-03-11 20:00:00+00:00,UEFA Champions League,FC Internazionale Milano,Feyenoord Rotterdam,1644.3278402886515,1564.1814908860076,135.14634940264386,2.0,1.2,1.4,0.6,0.8,0.8,3.0,0.6,3.0,6.0,2
2025-03-11 20:00:00+00:00,UEFA Champions League,Bayer 04 Leverkusen,FC Bayern München,1609.3956326731495,1640.8850468566802,23.510585816469302,1.4,2.0,1.2,2.6,1.2,1.0,2.0,2.0,3.0,3.0,0
2025-03-12 17:45:00+00:00,UEFA Champions League,Lille OSC,Borussia Dortmund,1577.883328124837,1502.945649016545,129.93767910829183,2.0,1.6,1.4,1.8,1.2,0.4,2.4,1.8,3.0,4.0,0
2025-03-12 19:45:00+00:00,Championship,Leeds United FC,Millwall FC,1628.1409717204897,1507.6866805574923,175.45429116299738,2.0,1.6,2.0,1.0,0.8,1.0,2.6,2.0,3.0,4.0,2
2025-03-12 19:45:00+00:00,Championship,Watford FC,Swansea City AFC,1490.1937719525486,1468.8776617102462,76.31611024230233,1.4,1.4,0.8,1.0,1.2,0.8,0.6,0.8,4.0,4.0,2
2025-03-12 19:45:00+00:00,Championship,Hull City AFC,Oxford United FC,1452.354712334798,1464.612149451919,42.74256288287893,1.6,0.4,1.0,0.6,0.6,1.6,1.0,0.6,4.0,4.0,2
2025-03-12 19:45:00+00:00,Championship,Portsmouth FC,Plymouth Argyle FC,1482.4042545767581,1416.1953351431223,121.20891943363586,2.4,0.4,1.4,0.4,0.6,1.8,2.0,0.6,3.0,4.0,0
2025-03-12 20:00:00+00:00,UEFA Champions League,Aston Villa FC,Club Brugge KV,1537.0467508724819,1519.3511213547342,72.69562951774765,2.0,1.4,1.8,1.4,1.6,1.6,1.8,1.4,4.0,8.0,2
2025-03-12 20:00:00+00:00,UEFA Champions League,Club Atlético de Madrid,Real Madrid CF,1604.0734878282778,1628.8037296390742,30.269758189203685,1.4,2.4,1.4,2.0,1.0,1.0,2.2,1.4,3.0,3.0,0
2025-03-12 20:00:00+00:00,Championship,Stoke City FC,Blackburn Rovers FC,1435.6125542935356,1489.6843683002242,0.9281859933114447,0.8,1.4,1.6,1.2,2.2,1.2,1.2,0.6,4.0,4.0,2
2025-03-12 20:00:00+00:00,UEFA Champions League,Arsenal FC,PSV,1631.6429172566404,1576.8852029873126,109.75771426932783,1.6,1.4,2.0,2.0,0.6,2.8,2.0,0.8,3.0,4.0,1
2025-03-14 19:00:00+00:00,Eredivisie,Almere City FC,NAC Breda,1413.6482097258324,1450.8647808734213,17.783428852411134,0.8,0.6,0.8,0.4,1.2,1.6,0.6,0.6,5.0,7.0,1
2025-03-14 19:30:00+00:00,Bundesliga,FC St. Pauli 1910,TSG 1899 Hoffenheim,1432.3845424396286,1463.2564324548014,24.128109984827233,0.2,1.6,0.2,1.2,1.6,1.4,0.8,1.8,6.0,5.0,2
2025-03-14 19:45:00+00:00,Ligue 1,OGC Nice,AJ Auxerre,1566.8165586298696,1480.606111361004,141.21044726886566,2.4,1.6,2.0,1.8,0.8,1.0,2.4,0.8,5.0,5.0,1
2025-03-14 19:45:00+00:00,Serie A,Genoa CFC,US Lecce,1476.2378741911043,1426.5251955801994,104.71267861090496,1.2,0.4,1.0,0.4,0.8,1.0,2.0,1.4,7.0,6.0,2
2025-03-14 20:00:00+00:00,Championship,Bristol City FC,Norwich City FC,1538.3131025171122,1491.8170182939975,101.49608422311462,1.8,1.2,1.4,1.8,0.8,1.6,2.0,1.0,3.0,3.0,2
2025-03-14 20:00:00+00:00,Primera Division,UD Las Palmas,Deportivo Alavés,1431.344659079946,1454.7254291531553,31.619229926790695,0.2,1.0,0.6,1.0,1.8,1.2,0.8,1.2,5.0,6.0,1
2025-03-15 12:30:00+00:00,Championship,Queens Park Rangers FC,Leeds United FC,1475.022795895762,1633.4805840461117,-103.45778815034964,0.6,2.0,1.4,1.6,1.4,0.8,1.8,2.0,3.0,2.0,1
2025-03-15 12:30:00+00:00,Championship,Millwall FC,Stoke City FC,1502.3470682318703,1445.5858390166954,111.76122921517481,1.4,0.8,0.8,1.2,1.2,2.0,1.0,0.6,2.0,2.0,2
2025-03-15 13:00:00+00:00,Primera Division,Real Valladolid CF,RC Celta de Vigo,1380.5043956796376,1504.473983243288,-68.96958756365052,0.2,2.2,0.6,1.8,3.0,1.2,1.4,0.6,6.0,7.0,0
2025-03-15 14:00:00+00:00,Serie A,AC Monza,Parma Calcio 1913,1378.037977677445,1427.46023252583,5.57774515161509,0.2,0.8,0.6,1.0,2.8,1.2,0.8,0.2,6.0,7.0,1
2025-03-15 14:00:00+00:00,Serie A,Udinese Calcio,Hellas Verona FC,1519.2492857724344,1436.775880597584,137.4734051748503,2.2,0.6,1.4,0.4,0.4,2.0,2.0,0.8,4.0,6.0,0
2025-03-15 14:30:00+00:00,Bundesliga,FC Augsburg,VfL Wolfsburg,1519.0003730274714,1516.1635233015652,57.83684972590618,1.8,1.8,0.8,1.2,0.0,0.8,1.0,2.0,7.0,7.0,2
2025-03-15 14:30:00+00:00,Bundesliga,1. FSV Mainz 05,SC Freiburg,1551.0766078265888,1532.7587556328679,73.31785219372091,2.6,2.2,1.8,1.4,0.4,0.0,2.6,1.4,7.0,6.0,1
2025-03-15 14:30:00+00:00,Bundesliga,SV Werder Bremen,Borussia Mönchengladbach,1485.5378600536333,1507.4532360320238,33.08462402160944,0.6,1.4,0.8,1.4,2.6,1.6,0.8,1.8,7.0,7.0,0
2025-03-15 14:30:00+00:00,Bundesliga,1. FC Union Berlin,FC Bayern München,1452.213553084081,1651.5607049290961,-144.3471518450151,1.2,2.4,1.4,2.8,2.0,0.8,0.8,2.6,6.0,3.0,1
2025-03-15 15:00:00+00:00,Championship,Blackburn Rovers FC,Cardiff City FC,1479.7110835770643,1451.3833878507387,83.3276957263256,0.8,0.8,0.8,1.0,1.4,1.4,2.0,0.4,2.0,3.0,0
2025-03-15 15:00:00+00:00,Championship,Coventry City FC,Sunderland AFC,1540.4184244797,1567.1985303333688,28.21989414633117,2.4,1.4,2.0,1.2,1.6,1.2,2.4,2.0,3.0,3.0,2
2025-03-15 15:00:00+00:00,Championship,Luton Town FC,Middlesbrough FC,1419.4248962305285,1493.1890758375287,-18.764179607000187,1.4,1.8,0.8,1.4,1.6,1.0,1.0,0.6,3.0,3.0,1
2025-03-15 15:00:00+00:00,Championship,West Bromwich Albion FC,Hull City AFC,1549.3494644578395,1461.1306515075103,143.21881295032927,1.8,2.0,1.2,1.2,0.6,0.6,2.4,1.4,3.0,2.0,1
2025-03-15 15:00:00+00:00,Championship,Swansea City AFC,Burnley FC,1461.0395578410444,1610.4634063938106,-94.42384855276623,1.4,2.2,1.0,2.2,0.8,0.4,1.2,2.2,2.0,3.0,0
2025-03-15 15:00:00+00:00,Championship,Preston North End FC,Portsmouth FC,1490.4287545713785,1469.0505482025073,76.37820636887113,0.6,1.8,0.6,1.2,1.0,0.8,1.4,0.6,3.0,2.0,2
2025-03-15 15:00:00+00:00,Championship,Oxford United FC,Watford FC,1455.8362102792069,1498.0318758217504,12.804334457456434,0.2,2.0,0.8,1.0,2.0,0.4,1.4,1.6,2.0,2.0,2
2025-03-15 15:00:00+00:00,Premier League,Everton FC,West Ham United FC,1500.0114520387929,1478.4489499920983,76.56250204669459,1.4,1.2,1.6,0.8,1.4,0.8,1.6,1.4,6.0,4.0,1
2025-03-15 15:00:00+00:00,Premier League,Ipswich Town FC,Nottingham Forest FC,1399.0677726152198,1555.7867517542852,-101.71897913906537,0.2,1.4,1.0,2.4,2.2,1.2,0.6,1.2,7.0,7.0,0
2025-03-15 15:00:00+00:00,Premier League,Manchester City FC,Brighton & Hove Albion FC,1522.473392488228,1543.2240403875971,34.24935210063086,1.2,2.4,1.2,2.2,1.2,1.8,1.8,2.0,7.0,7.0,1
2025-03-15 15:00:00+00:00,Premier League,Southampton FC,Wolverhampton Wanderers FC,1364.6778082745652,1438.937789676424,-19.259981401858795,0.6,1.4,0.8,1.2,3.0,1.0,0.0,0.8,7.0,6.0,0
2025-03-15 15:00:00+00:00,Championship,Plymouth Argyle FC,Derby County FC,1429.549041517373,1431.738595943299,52.81044557407404,1.0,1.2,0.8,0.8,1.6,1.4,1.4,0.2,2.0,3.0,0
2025-03-15 15:15:00+00:00,Primera Division,RCD Mallorca,RCD Espanyol de Barcelona,1491.0794147463207,1459.77824482582,86.3011699205008,1.4,1.6,1.4,1.0,1.0,0.8,1.6,0.8,5.0,4.0,2
2025-03-15 15:30:00+00:00,Primeira Liga,Gil Vicente FC,CD Santa Clara,1453.1345127468273,1510.248698545725,-2.1141857988975516,0.2,1.0,0.4,0.6,1.6,0.8,1.0,1.6,7.0,6.0,0
2025-03-15 15:30:00+00:00,Primeira Liga,SC Farense,Sporting Clube de Braga,1440.1419237420732,1573.3701759963612,-78.22825225428801,0.4,2.0,0.8,1.0,1.6,0.4,0.2,2.0,6.0,6.0,0
2025-03-15 15:30:00+00:00,Eredivisie,FC Utrecht,NEC,1575.95766202086,1447.3604480123945,183.59721400846547,1.6,0.4,1.8,1.0,1.6,1.8,1.0,0.8,6.0,6.0,0
2025-03-15 16:00:00+00:00,Ligue 1,FC Nantes,Lille OSC,1459.5043796492794,1564.308554145938,-49.80417449665856,0.6,1.4,0.8,1.2,2.6,1.6,1.0,0.8,5.0,2.0,2
2025-03-15 17:00:00+00:00,Serie A,AC Milan,Como 1907,1516.624619147963,1466.9352146252868,104.68940452267611,0.8,1.4,1.4,1.4,1.8,1.2,1.6,0.8,7.0,7.0,2
2025-03-15 17:30:00+00:00,Primera Division,Villarreal CF,Real Madrid CF,1535.321906238312,1639.672765625195,-49.35085938688303,2.0,2.4,1.8,2.2,0.8,1.4,1.6,1.4,7.0,2.0,0
2025-03-15 17:30:00+00:00,Premier League,AFC Bournemouth,Brentford FC,1538.8780478758324,1487.1155733219011,106.76247455393127,0.8,1.4,1.2,1.2,1.6,0.8,1.4,2.6,6.0,7.0,0
2025-03-15 17:30:00+00:00,Bundesliga,RB Leipzig,Borussia Dortmund,1493.1306166833501,1516.520422995444,31.610193687906076,1.2,2.0,1.0,2.2,0.8,0.6,1.6,2.4,7.0,2.0,2
2025-03-15 17:45:00+00:00,Eredivisie,Sparta Rotterdam,PEC Zwolle,1454.97168780532,1463.6021095128262,46.36957829249377,1.4,0.4,1.2,1.2,1.0,2.2,1.4,1.0,7.0,6.0,1
2025-03-15 18:00:00+00:00,Primeira Liga,FC Porto,AVS,1561.3528966821837,1459.1319945039772,157.22090217820642,1.6,1.0,1.0,1.0,0.6,1.2,1.8,1.0,6.0,7.0,2
2025-03-15 18:00:00+00:00,Ligue 1,Angers SCO,AS Monaco FC,1468.2116366989203,1543.2902918025165,-20.078655103596247,0.8,1.6,0.8,3.0,2.2,1.4,1.4,0.4,6.0,7.0,0
2025-03-15 19:00:00+00:00,Eredivisie,RKC Waalwijk,PSV,1430.58001617261,1583.2765596013244,-97.69654342871445,1.8,1.4,2.4,2.0,1.0,2.8,1.4,1.0,15.0,2.0,0
2025-03-15 19:45:00+00:00,Serie A,Torino FC,Empoli FC,1503.2134707010864,1420.4201069144895,137.79336378659696,1.6,0.2,1.8,0.2,1.4,2.4,1.8,0.4,7.0,6.0,2
2025-03-15 20:00:00+00:00,Eredivisie,SC Heerenveen,Heracles Almelo,1475.7677888614007,1461.645231509602,69.12255735179883,1.2,1.4,2.0,1.8,1.8,2.0,1.6,0.8,7.0,7.0,1
2025-03-15 20:00:00+00:00,Primera Division,Girona FC,Valencia CF,1443.93493765931,1475.8378777591,23.09705990021007,0.4,1.6,0.8,1.6,2.0,1.6,0.8,0.8,5.0,7.0,1
2025-03-15 20:05:00+00:00,Ligue 1,Racing Club de Lens,Stade Rennais FC 1901,1505.0465344286179,1466.772237565211,93.27429686340679,0.6,1.8,1.0,1.6,2.2,1.2,0.6,1.2,7.0,7.0,2
2025-03-15 20:30:00+00:00,Primeira Liga,Sporting Clube de Portugal,FC Famalicão,1596.5365801436285,1497.7355033172157,153.80107682641278,1.8,2.0,2.0,1.2,1.2,0.4,1.6,1.4,6.0,5.0,2
2025-03-16 11:15:00+00:00,Eredivisie,Go Ahead Eagles,Willem II Tilburg,1536.2566395190472,1437.8927491555155,153.3638903635317,1.8,0.2,1.8,0.8,2.0,2.6,2.6,0.8,6.0,7.0,2
2025-03-16 11:30:00+00:00,Serie A,Venezia FC,SSC Napoli,1426.644136791841,1606.19450732512,-124.55037053327897,0.6,1.2,0.2,1.4,0.8,1.4,0.6,1.6,7.0,6.0,1
2025-03-16 12:30:00+00:00,Championship,Sheffield Wednesday FC,Sheffield United FC,1495.1763169499873,1610.3137702038143,-60.13745325382706,1.2,2.0,1.6,1.2,2.0,1.0,0.6,3.0,4.0,4.0,0
2025-03-16 13:00:00+00:00,Primera Division,CD Leganés,Real Betis Balompié,1467.1826167951663,1520.4003190746935,1.7822977204727977,0.8,2.4,1.0,2.0,2.0,1.0,1.4,1.8,8.0,6.0,0
2025-03-16 13:30:00+00:00,Premier League,Arsenal FC,Chelsea FC,1625.2515606426286,1535.6672694327826,144.58429120984601,1.2,1.8,2.0,1.6,1.0,1.2,1.6,0.2,3.0,6.0,2
2025-03-16 13:30:00+00:00,Premier League,Fulham FC,Tottenham Hotspur FC,1519.276780523207,1460.7510770409642,113.52570348224276,1.8,2.0,1.4,1.8,1.4,0.8,1.0,1.2,7.0,6.0,2
2025-03-16 13:30:00+00:00,Eredivisie,FC Groningen,Fortuna Sittard,1471.0553784054055,1498.596932671098,27.45844573430736,1.6,1.4,1.4,1.0,1.0,1.2,1.8,1.4,14.0,7.0,2
2025-03-16 13:30:00+00:00,Eredivisie,FC Twente '65,Feyenoord Rotterdam,1561.1233972687673,1557.88631774137,58.23707952739733,2.2,1.0,1.8,0.8,0.8,1.2,3.0,0.4,6.0,4.0,0
2025-03-16 14:00:00+00:00,Serie A,Bologna FC 1909,SS Lazio,1562.0310113280736,1545.122866501707,71.90814482636665,2.4,1.8,1.8,2.0,1.4,1.0,3.0,2.0,7.0,5.0,2
2025-03-16 14:00:00+00:00,Ligue 1,Olympique Lyonnais,Le Havre AC,1551.2328021411547,1430.0368335877167,176.19596855343798,2.4,1.4,2.8,1.8,1.0,2.4,2.0,1.6,6.0,6.0,2
2025-03-16 15:00:00+00:00,Serie A,AS Roma,Cagliari Calcio,1558.5346989679256,1448.1070410616326,165.427657906293,3.0,1.0,1.8,0.8,0.2,1.0,2.6,1.0,6.0,8.0,2
2025-03-16 15:15:00+00:00,Primera Division,Sevilla FC,Athletic Club,1507.075960276244,1563.7200986569496,-1.6441383807057264,1.6,1.6,1.6,2.4,1.2,0.8,1.2,1.6,6.0,6.0,0
2025-03-16 15:20:00+00:00,Bundesliga,VfL Bochum 1848,Eintracht Frankfurt,1429.4937193228852,1527.4920918974956,-42.99837257461036,1.6,0.8,1.6,1.2,1.2,2.4,1.4,1.0,8.0,7.0,0
2025-03-16 15:30:00+00:00,Primeira Liga,FC Arouca,GD Estoril Praia,1480.703527583482,1514.1431309991142,21.56039658436771,1.2,1.6,1.2,1.8,1.4,1.8,1.2,2.0,8.0,7.0,1
2025-03-16 15:30:00+00:00,Primeira Liga,CD Nacional,Casa Pia AC,1467.4469880318043,1501.5521174342866,20.894870597517638,1.4,1.2,1.2,1.0,1.4,1.4,2.0,1.2,7.0,6.0,2
2025-03-16 15:45:00+00:00,Eredivisie,AFC Ajax,AZ,1636.6812083023779,1551.5373962105116,140.14381209186627,3.0,1.8,2.0,1.4,0.0,1.0,3.0,1.6,7.0,14.0,1
2025-03-16 16:15:00+00:00,Ligue 1,Stade Brestois 29,Stade de Reims,1500.3528953336765,1420.96724821511,134.38564711856657,1.0,0.0,1.0,0.0,2.2,2.2,0.8,0.2,7.0,7.0,1
2025-03-16 16:15:00+00:00,Ligue 1,RC Strasbourg Alsace,Toulouse FC,1539.87055424151,1502.9773438288155,91.89321041269454,2.6,1.6,1.2,2.2,0.0,1.0,2.2,2.2,7.0,8.0,2
2025-03-16 16:30:00+00:00,Bundesliga,1. FC Heidenheim 1846,Holstein Kiel,1405.656234850796,1421.5798754199795,39.07635943081641,0.4,1.0,0.6,1.2,1.8,1.8,0.6,0.8,7.0,8.0,2
2025-03-16 17:00:00+00:00,Serie A,ACF Fiorentina,Juventus FC,1520.2622667039818,1585.018407616148,-9.756140912166074,0.6,1.8,0.6,1.0,1.4,1.4,2.0,1.4,7.0,6.0,2
2025-03-16 17:30:00+00:00,Primera Division,Rayo Vallecano de Madrid,Real Sociedad de Fútbol,1504.486745890007,1472.682131817625,86.80461407238181,0.8,1.2,0.6,1.0,1.0,1.8,2.0,0.0,7.0,6.0,1
2025-03-16 17:30:00+00:00,Primera Division,CA Osasuna,Getafe CF,1493.6355483749321,1482.7860320365455,65.8495163383866,1.2,1.8,1.4,1.2,1.4,1.0,1.2,2.4,13.0,7.0,0
2025-03-16 18:00:00+00:00,Primeira Liga,Rio Ave FC,Sport Lisboa e Benfica,1475.3367883640578,1589.1982729039942,-58.86148453993633,1.0,1.4,1.0,2.0,1.2,1.4,1.6,2.4,5.0,5.0,0
2025-03-16 18:30:00+00:00,Bundesliga,VfB Stuttgart,Bayer 04 Leverkusen,1509.4751498426233,1598.7199746007336,-34.244824758110326,1.0,1.2,1.4,1.2,1.8,1.6,0.6,1.6,8.0,4.0,0
2025-03-16 19:00:00+00:00,Premier League,Leicester City FC,Manchester United FC,1384.4781775104066,1483.6762691507975,-44.198091640390885,0.0,1.0,0.0,1.2,2.6,1.6,0.0,1.0,7.0,7.0,0
2025-03-16 19:45:00+00:00,Ligue 1,Paris Saint-Germain FC,Olympique de Marseille,1670.965760845341,1547.8139419176691,178.1518189276719,2.4,1.8,3.2,1.8,1.2,1.0,2.0,1.8,4.0,7.0,2
2025-03-16 19:45:00+00:00,Serie A,Atalanta BC,FC Internazionale Milano,1581.2161665061283,1650.623013433289,-14.406846927160814,1.6,2.6,2.0,1.8,0.6,0.8,1.2,1.0,7.0,4.0,0
2025-03-16 20:00:00+00:00,Primera Division,Club Atlético de Madrid,FC Barcelona,1593.204451842157,1643.5881622782438,4.616289563913142,1.2,3.0,1.8,2.2,1.6,0.2,1.6,2.6,4.0,5.0,0
2025-03-16 20:30:00+00:00,Primeira Liga,Moreirense FC,Boavista FC,1460.5345102650797,1398.927823677082,116.60668658799773,1.0,0.6,1.4,0.6,1.8,1.6,1.2,0.0,7.0,7.0,2
2025-03-16 20:30:00+00:00,Primeira Liga,Vitória SC,CF Estrela da Amadora,1533.264712825861,1449.3204113615798,138.94430146428112,1.8,1.2,0.8,0.6,0.4,0.6,1.8,1.2,7.0,9.0,2
2025-03-27 20:00:00+00:00,Primera Division,FC Barcelona,CA Osasuna,1653.7210219542733,1481.7626196639897,226.95840229028363,3.0,0.6,2.8,1.2,0.6,1.6,2.6,0.6,11.0,11.0,2
2025-03-28 19:30:00+00:00,Bundesliga,Bayer 04 Leverkusen,VfL Bochum 1848,1607.7375087953042,1420.7250319714885,242.01247682381563,1.2,1.4,1.6,1.4,2.2,1.4,1.4,1.0,12.0,12.0,2
2025-03-28 19:45:00+00:00,Ligue 1,RC Strasbourg Alsace,Olympique Lyonnais,1547.2856513477268,1556.5557203511905,45.72993099653627,2.6,2.4,1.2,2.8,0.2,1.4,2.6,1.4,12.0,12.0,2
2025-03-28 20:00:00+00:00,Championship,Sheffield United FC,Coventry City FC,1618.599956348041,1549.6079721006186,123.99198424742235,2.0,2.4,1.2,2.2,1.0,1.4,2.0,2.4,12.0,13.0,2
2025-03-28 20:15:00+00:00,Primeira Liga,Gil Vicente FC,Sport Lisboa e Benfica,1443.1953631545646,1597.5201279887788,-99.32476483421419,0.2,1.8,0.2,2.0,1.4,1.2,0.8,2.4,13.0,12.0,0
2025-03-29 12:30:00+00:00,Championship,Watford FC,Plymouth Argyle FC,1488.4002474326837,1418.0406337096829,125.35961372300085,1.4,0.8,0.8,1.0,0.6,2.0,1.2,1.0,13.0,13.0,1
2025-03-29 12:30:00+00:00,Championship,Hull City AFC,Luton Town FC,1468.3675186965156,1416.6311149090786,106.73640378743698,1.6,1.4,1.2,0.6,0.8,1.4,1.4,0.8,13.0,13.0,0
2025-03-29 13:00:00+00:00,Primera Division,Real Sociedad de Fútbol,Real Valladolid CF,1478.46318306741,1372.4638292768211,160.99935379058888,0.8,0.2,1.0,0.6,2.0,3.0,1.8,0.0,12.0,14.0,2
2025-03-29 14:00:00+00:00,Serie A,Venezia FC,Bologna FC 1909,1426.7495903819956,1569.9903830399055,-88.24079265790988,0.8,2.4,0.2,2.2,0.6,1.0,0.6,1.2,13.0,13.0,0
2025-03-29 14:00:00+00:00,Serie A,Como 1907,Empoli FC,1459.8604189049963,1414.1904774378681,100.66994146712818,1.4,0.2,1.4,0.2,1.2,2.2,1.4,0.2,13.0,13.0,1
2025-03-29 14:30:00+00:00,Bundesliga,VfL Wolfsburg,1. FC Heidenheim 1846,1507.8129932748097,1414.5362453426835,148.27674793212623,1.6,1.0,1.2,1.2,1.0,1.8,1.4,0.6,14.0,12.0,0
2025-03-29 14:30:00+00:00,Bundesliga,TSG 1899 Hoffenheim,FC Augsburg,1453.9497810187086,1527.3509030542268,-18.401122035518256,1.6,2.2,1.2,1.0,0.8,0.0,0.6,2.2,14.0,14.0,1
2025-03-29 14:30:00+00:00,Bundesliga,Holstein Kiel,SV Werder Bremen,1412.699864928092,1474.588475915291,-6.888610987198945,0.8,0.6,1.0,1.2,2.0,2.8,1.0,0.8,12.0,14.0,0
2025-03-29 14:30:00+00:00,Bundesliga,FC Bayern München,FC St. Pauli 1910,1650.9630117388695,1441.6911938757214,264.27181786314804,2.0,0.8,2.2,0.4,1.0,1.2,2.0,0.8,14.0,14.0,2
2025-03-29 14:30:00+00:00,Bundesliga,Borussia Mönchengladbach,RB Leipzig,1518.4026201703662,1502.2233042570995,71.17931591326669,1.8,1.2,2.0,1.0,1.8,0.8,0.8,0.8,14.0,13.0,2
2025-03-29 15:00:00+00:00,Championship,Norwich City FC,West Bromwich Albion FC,1484.6579519024276,1542.1125972688342,-2.4546453664065666,1.0,1.8,1.8,1.2,1.8,0.6,1.0,0.6,14.0,14.0,2
2025-03-29 15:00:00+00:00,Championship,Middlesbrough FC,Oxford United FC,1495.9828571589785,1465.4678386682735,85.51501849070496,2.0,0.8,1.2,1.0,0.6,1.6,1.8,0.4,14.0,14.0,2
2025-03-29 15:00:00+00:00,Championship,Leeds United FC,Swansea City AFC,1633.9211620931433,1453.6923026163113,235.22885947683199,1.6,1.4,1.6,0.8,1.0,0.6,2.6,0.8,14.0,14.0,1
2025-03-29 15:00:00+00:00,Championship,Stoke City FC,Queens Park Rangers FC,1438.696042877042,1474.5822178487306,19.11382502831134,0.8,0.2,0.8,1.0,1.4,1.8,1.6,0.0,14.0,14.0,2
2025-03-29 15:00:00+00:00,Championship,Cardiff City FC,Sheffield Wednesday FC,1463.7367998983707,1486.8901308057607,31.84666909261,1.2,1.2,1.2,1.4,1.4,1.8,1.4,1.8,14.0,13.0,1
2025-03-29 15:00:00+00:00,Championship,Sunderland AFC,Millwall FC,1558.0089827124502,1509.2368643715238,103.77211834092645,1.4,1.8,1.0,0.8,1.4,1.0,1.6,1.4,14.0,14.0,2
2025-03-29 15:00:00+00:00,Championship,Burnley FC,Bristol City FC,1617.8106616185437,1545.472168908682,127.33849270986161,2.6,2.2,2.6,1.6,0.4,0.8,2.6,1.4,14.0,14.0,2
2025-03-29 15:00:00+00:00,Championship,Portsmouth FC,Blackburn Rovers FC,1461.2141480043088,1467.3576715294323,48.856476474876445,1.2,0.2,1.0,0.6,1.2,1.8,2.0,0.6,14.0,14.0,2
2025-03-29 15:15:00+00:00,Primera Division,RCD Espanyol de Barcelona,Club Atlético de Madrid,1452.2123357910193,1583.0715921661274,-75.85925637510809,1.0,0.6,1.0,1.6,1.2,2.4,1.8,1.4,14.0,12.0,1
2025-03-29 15:30:00+00:00,Primeira Liga,Casa Pia AC,Rio Ave FC,1492.152796139598,1467.014933279273,80.13786286032496,0.6,0.8,1.0,1.2,2.0,1.6,2.0,1.0,13.0,12.0,2
2025-03-29 15:30:00+00:00,Eredivisie,NAC Breda,FC Groningen,1454.7095159072305,1480.2667021532277,29.442813754002827,0.6,2.0,0.4,1.4,1.6,0.8,1.2,0.8,14.0,13.0,1
2025-03-29 16:00:00+00:00,Ligue 1,Stade de Reims,Olympique de Marseille,1427.98650354723,1542.5348873108915,-59.54838376366138,0.2,1.2,0.0,1.6,1.4,1.6,0.2,1.2,12.0,12.0,2
2025-03-29 17:00:00+00:00,Serie A,Juventus FC,Genoa CFC,1574.7376770907317,1483.312057361898,146.42561972883368,1.2,1.6,0.8,1.2,2.0,0.8,2.4,0.4,13.0,14.0,2
2025-03-29 17:30:00+00:00,Primera Division,Deportivo Alavés,Rayo Vallecano de Madrid,1458.966332854941,1498.705694640222,15.260638214718938,1.2,0.4,1.4,0.8,1.4,1.4,0.8,1.0,14.0,13.0,0
2025-03-29 17:30:00+00:00,Bundesliga,Eintracht Frankfurt,VfB Stuttgart,1536.2607792488923,1500.4576156480528,90.80316360083953,1.2,0.4,1.6,1.6,2.4,2.4,1.4,1.6,13.0,12.0,2
2025-03-29 17:45:00+00:00,Eredivisie,Fortuna Sittard,Sparta Rotterdam,1489.3856089232759,1450.311598867801,94.0740100554749,1.2,1.0,0.6,1.2,1.0,1.2,1.2,1.0,13.0,14.0,0
2025-03-29 17:45:00+00:00,Eredivisie,Willem II Tilburg,Almere City FC,1432.0409301881373,1409.8034746920232,77.23745549611408,0.2,0.4,0.8,0.8,2.4,1.4,0.8,1.0,13.0,14.0,0
2025-03-29 18:00:00+00:00,Primeira Liga,CF Estrela da Amadora,Sporting Clube de Portugal,1443.1191637983977,1602.3779865625127,-104.25882276411494,1.2,2.2,0.6,2.2,0.8,1.0,0.4,1.2,12.0,13.0,0
2025-03-29 18:00:00+00:00,Ligue 1,AS Saint-Étienne,Paris Saint-Germain FC,1429.4692008179818,1676.2448154521187,-191.7756146341369,0.4,2.4,1.2,3.2,2.8,1.0,1.0,3.0,20.0,12.0,0
2025-03-29 19:45:00+00:00,Serie A,US Lecce,AS Roma,1419.4510124094056,1564.1032369469006,-89.65222453749493,0.2,3.0,0.6,1.8,1.4,0.2,0.4,2.6,15.0,13.0,0
2025-03-29 20:00:00+00:00,Primera Division,Real Madrid CF,CD Leganés,1648.2618102428364,1457.1313185931147,246.13049164972176,2.4,0.8,2.2,1.4,1.6,2.2,2.6,0.4,14.0,13.0,2
2025-03-29 20:00:00+00:00,Eredivisie,NEC,AZ,1462.2022888840274,1558.6989857676406,-41.49669688361314,1.0,2.0,1.0,1.6,1.4,1.0,1.2,1.2,14.0,13.0,1
2025-03-29 20:00:00+00:00,Eredivisie,PEC Zwolle,RKC Waalwijk,1468.2621984503453,1423.3201072312834,99.94209121906192,0.4,1.2,0.8,2.0,1.8,1.6,1.0,0.8,14.0,14.0,2
2025-03-29 20:05:00+00:00,Ligue 1,AS Monaco FC,OGC Nice,1552.7130241634522,1559.6287989700008,48.0842251934514,1.6,2.0,2.0,1.8,1.2,1.0,2.4,2.0,14.0,15.0,2
2025-03-29 20:30:00+00:00,Primeira Liga,Sporting Clube de Braga,FC Arouca,1581.1558791345503,1476.7504315017864,159.40544763276398,2.0,1.2,0.8,1.2,0.4,1.4,2.4,2.2,14.0,13.0,2
2025-03-30 10:15:00+00:00,Eredivisie,FC Utrecht,SC Heerenveen,1561.115821149227,1470.470788513114,145.645032636113,1.4,1.2,1.2,1.8,1.2,1.6,0.8,0.8,14.0,14.0,2
2025-03-30 10:30:00+00:00,Serie A,Cagliari Calcio,AC Monza,1442.5385030826576,1374.5441177243533,122.99438535830427,0.4,0.4,0.4,0.6,1.0,2.0,1.4,0.0,13.0,14.0,2
2025-03-30 12:00:00+00:00,Primera Division,Getafe CF,Villarreal CF,1494.658960747488,1526.7328616206707,22.926099126817235,1.8,1.4,1.4,1.0,1.2,1.0,1.0,1.4,13.0,14.0,0
2025-03-30 12:30:00+00:00,Eredivisie,Heracles Almelo,FC Twente '65,1466.9422318578886,1549.4627233076933,-27.520491449804695,1.4,2.0,1.8,1.6,2.0,1.4,1.8,0.6,14.0,13.0,2
2025-03-30 12:30:00+00:00,Eredivisie,PSV,AFC Ajax,1590.536468542651,1629.5196187452489,16.016849797402074,1.4,2.6,2.0,2.0,2.6,0.4,1.6,3.0,14.0,13.0,0
2025-03-30 13:00:00+00:00,Ligue 1,Toulouse FC,Stade Brestois 29,1495.5622467225987,1493.3336400015564,57.2286067210423,1.4,1.0,2.0,0.6,1.0,1.8,0.4,1.4,13.0,13.0,0
2025-03-30 13:00:00+00:00,Serie A,ACF Fiorentina,Atalanta BC,1530.542997229398,1571.6305913930164,13.912405836381595,1.2,1.4,1.0,2.0,1.0,1.0,2.4,2.0,13.0,13.0,2
2025-03-30 13:30:00+00:00,Bundesliga,SC Freiburg,1. FC Union Berlin,1538.1715699171855,1452.8112462743077,140.3603236428778,1.8,0.8,1.6,0.8,0.4,2.2,2.0,1.2,14.0,14.0,0
2025-03-30 14:15:00+00:00,Primera Division,FC Barcelona,Girona FC,1657.982559326446,1439.937795098122,273.0447642283241,3.0,0.6,3.0,1.0,0.6,1.6,3.0,0.2,2.0,14.0,2
2025-03-30 14:30:00+00:00,Primeira Liga,FC Famalicão,AVS,1491.8940968983316,1453.3716616221523,93.5224352761793,1.8,1.0,1.4,0.8,1.0,1.2,1.6,0.8,14.0,14.0,2
2025-03-30 14:30:00+00:00,Primeira Liga,CD Santa Clara,CD Nacional,1520.1878481379877,1476.846309326493,98.34153881149473,1.0,1.4,0.4,1.4,0.6,1.6,1.0,0.6,14.0,13.0,2
2025-03-30 14:45:00+00:00,Eredivisie,Feyenoord Rotterdam,Go Ahead Eagles,1569.546991702444,1542.1084584864254,82.43853321601864,1.4,2.4,1.8,1.6,1.4,1.2,2.0,1.4,14.0,14.0,2
2025-03-30 15:15:00+00:00,Ligue 1,Angers SCO,Stade Rennais FC 1901,1458.7889043379846,1459.3941970082706,54.39470732971404,0.8,1.2,0.8,1.2,2.2,1.4,0.8,1.2,14.0,14.0,0
2025-03-30 15:15:00+00:00,Ligue 1,Le Havre AC,FC Nantes,1424.713915377681,1470.92812038021,8.78579499747093,0.8,1.2,1.8,1.0,3.0,2.2,0.2,1.0,14.0,14.0,2
2025-03-30 15:15:00+00:00,Ligue 1,AJ Auxerre,Montpellier HSC,1487.7938710208728,1394.904554431724,147.88931658914885,1.6,0.0,1.6,0.2,0.8,2.6,1.2,0.6,15.0,21.0,2
2025-03-30 15:30:00+00:00,Bundesliga,Borussia Dortmund,1. FSV Mainz 05,1507.4277354216947,1545.6637935422712,16.763941879423555,1.4,2.6,1.0,2.2,1.0,0.8,1.0,1.8,14.0,15.0,2
2025-03-30 16:00:00+00:00,Serie A,FC Internazionale Milano,Udinese Calcio,1660.208588546401,1505.4868179954794,209.72177055092152,2.6,2.0,2.0,1.2,0.8,0.4,3.0,1.2,13.0,15.0,2
2025-03-30 16:30:00+00:00,Primera Division,Athletic Club,CA Osasuna,1573.6727769036095,1477.5010822918168,151.17169461179265,1.6,0.4,2.0,1.0,0.8,2.0,2.2,0.4,14.0,2.0,1
2025-03-30 16:30:00+00:00,Primera Division,Valencia CF,RCD Mallorca,1479.8350203202879,1498.6453237811213,36.18969653916656,1.2,1.8,1.4,1.6,1.8,1.0,2.4,1.0,14.0,15.0,2
2025-03-30 17:00:00+00:00,Primeira Liga,GD Estoril Praia,FC Porto,1518.0962270808097,1567.1132295640086,5.982997516801106,1.2,2.0,1.6,1.2,1.8,0.4,2.2,1.4,14.0,14.0,0
2025-03-30 18:45:00+00:00,Ligue 1,Lille OSC,Racing Club de Lens,1552.8848134150073,1512.4245749855584,95.46023842944896,0.8,1.2,0.8,1.2,1.6,1.8,1.8,1.8,15.0,14.0,2
2025-03-30 18:45:00+00:00,Serie A,SSC Napoli,AC Milan,1606.0890537349653,1523.6994148682534,137.38963886671195,1.2,1.2,1.2,1.6,1.2,1.8,2.2,1.2,14.0,15.0,2
2025-03-30 19:00:00+00:00,Primera Division,Real Betis Balompié,Sevilla FC,1530.451617276745,1497.123282029584,88.32833524716102,3.0,1.6,2.2,1.4,0.8,0.6,2.0,2.2,14.0,14.0,2
2025-03-30 19:30:00+00:00,Primeira Liga,Moreirense FC,Vitória SC,1467.2988859010436,1539.465960389043,-17.167074487999344,1.6,2.2,1.2,1.2,1.2,0.4,1.6,1.2,13.0,13.0,1
2025-03-31 16:30:00+00:00,Serie A,Hellas Verona FC,Parma Calcio 1913,1450.538348374539,1430.9540924789217,74.58425589561739,1.2,1.0,0.6,1.0,1.0,1.0,0.8,0.2,16.0,16.0,1
2025-03-31 18:45:00+00:00,Serie A,SS Lazio,Torino FC,1537.1634947898751,1509.4431001777077,82.72039461216741,1.2,2.0,1.0,1.8,1.8,1.2,1.2,1.2,15.0,15.0,1
2025-03-31 19:00:00+00:00,Primera Division,RC Celta de Vigo,UD Las Palmas,1512.5145496461046,1427.1037553781605,140.41079426794408,2.2,0.4,1.4,0.8,0.8,1.8,2.4,0.2,16.0,16.0,1
2025-04-01 18:00:00+00:00,Eredivisie,AZ,RKC Waalwijk,1560.8435952559087,1416.1198712014054,199.72372405450324,1.6,0.6,1.8,1.2,1.6,1.8,2.4,0.8,2.0,2.0,1
2025-04-01 18:45:00+00:00,Premier League,Arsenal FC,Fulham FC,1631.314764978305,1526.1207764310047,160.19398854730025,1.8,1.8,2.2,1.4,0.8,1.2,2.0,1.8,16.0,16.0,2
2025-04-01 18:45:00+00:00,Premier League,Wolverhampton Wanderers FC,West Ham United FC,1448.3840099901417,1483.9509386922612,19.433071297880588,1.4,1.4,1.2,0.8,1.2,0.6,0.8,1.0,17.0,17.0,2
2025-04-01 19:00:00+00:00,Premier League,Nottingham Forest FC,Manchester United FC,1562.939921573271,1492.4109639302758,125.52895764299524,1.4,1.6,1.8,1.8,1.6,1.2,2.2,1.6,17.0,16.0,2
2025-04-01 19:15:00+00:00,Primeira Liga,Boavista FC,Gil Vicente FC,1392.163448041118,1435.9787436928716,11.184704348246441,0.6,0.2,0.4,0.2,1.4,1.6,0.6,0.4,15.0,3.0,0
2025-04-02 18:00:00+00:00,Eredivisie,Feyenoord Rotterdam,FC Groningen,1577.2177688913616,1484.4454450098062,147.7723238815554,1.4,2.2,2.0,1.6,1.6,0.8,2.0,1.0,3.0,4.0,2
2025-04-02 18:45:00+00:00,Premier League,Southampton FC,Crystal Palace FC,1355.2315879608475,1517.4792613411876,-107.24767338034007,0.0,2.4,0.6,2.0,3.2,0.6,0.0,2.6,18.0,25.0,1
2025-04-02 18:45:00+00:00,Premier League,Newcastle United FC,Brentford FC,1543.5472855563626,1500.0952439791315,98.45204157723106,1.2,2.0,1.2,1.6,2.2,0.6,1.8,3.0,22.0,18.0,2
2025-04-02 18:45:00+00:00,Premier League,Brighton & Hove Albion FC,Aston Villa FC,1547.5399685758093,1544.9844108662535,57.55555770955584,2.6,2.4,2.6,2.0,0.8,1.2,2.0,1.2,18.0,20.0,0
2025-04-02 18:45:00+00:00,Premier League,AFC Bournemouth,Ipswich Town FC,1525.898377218602,1391.914602796234,188.98377442236801,0.8,0.2,1.4,1.2,1.6,2.6,1.2,0.4,18.0,18.0,0
2025-04-02 18:45:00+00:00,Championship,Derby County FC,Preston North End FC,1443.2470037509893,1498.265154769577,-0.018151018587786893,1.8,1.0,1.4,0.8,1.0,1.0,1.4,0.8,18.0,18.0,2
2025-04-02 18:45:00+00:00,Premier League,Manchester City FC,Leicester City FC,1518.1574643000158,1375.7434827309282,197.41398156908758,0.8,0.0,0.8,0.0,1.6,2.4,1.4,0.6,18.0,16.0,2
2025-04-02 19:00:00+00:00,Premier League,Liverpool FC,Everton FC,1674.4631694105676,1494.50946333863,234.95370607193763,2.4,1.4,1.8,1.4,1.2,1.2,2.4,1.6,21.0,18.0,2
2025-04-02 19:15:00+00:00,Primeira Liga,Sport Lisboa e Benfica,SC Farense,1604.7367474504717,1432.3562206038841,227.3805268465876,1.8,0.4,2.0,0.8,1.2,1.4,2.0,0.8,4.0,18.0,2
2025-04-03 19:00:00+00:00,Premier League,Chelsea FC,Tottenham Hotspur FC,1529.6040650971063,1453.9070811331665,130.69698396393983,1.2,1.4,1.2,1.4,1.2,1.2,2.6,1.2,18.0,18.0,2
2025-04-04 18:00:00+00:00,Eredivisie,SC Heerenveen,Willem II Tilburg,1464.4333519776467,1419.8537695705072,99.57958240713947,1.0,0.0,1.2,0.6,1.4,2.6,1.2,0.2,5.0,6.0,2
2025-04-04 18:30:00+00:00,Bundesliga,FC Augsburg,FC Bayern München,1530.1551041756609,1654.5485008079781,-69.39339663231726,2.2,2.0,1.2,2.2,0.2,1.2,1.6,2.2,6.0,6.0,0
2025-04-04 18:45:00+00:00,Ligue 1,OGC Nice,FC Nantes,1551.004005236649,1461.1809420001084,144.82306323654052,1.4,1.2,1.4,1.2,1.2,1.4,2.0,0.8,5.0,5.0,0
2025-04-04 18:45:00+00:00,Serie A,Genoa CFC,Udinese Calcio,1477.2935432869328,1500.8830778190495,31.41046546788334,1.0,1.4,0.8,0.8,1.0,0.8,2.6,1.0,6.0,5.0,2
2025-04-04 19:00:00+00:00,Championship,Blackburn Rovers FC,Middlesbrough FC,1458.7546779164695,1503.5700645254494,10.184613391020093,0.2,2.0,0.6,1.0,1.4,0.6,1.4,0.8,6.0,6.0,0
2025-04-04 19:00:00+00:00,Primera Division,Rayo Vallecano de Madrid,RCD Espanyol de Barcelona,1509.1446488627764,1451.028360291928,113.11628857084838,1.0,1.2,1.2,1.0,1.2,1.0,1.6,0.8,6.0,6.0,0
2025-04-04 19:15:00+00:00,Primeira Liga,AVS,GD Estoril Praia,1446.0002708276102,1507.9240395896886,-6.923768762078453,0.8,1.0,0.8,1.4,1.8,1.8,1.0,1.6,5.0,5.0,0
2025-04-05 11:30:00+00:00,Championship,West Bromwich Albion FC,Sunderland AFC,1532.0419480714434,1565.107939515838,21.93400855560526,1.2,2.0,0.8,1.2,0.8,1.2,2.0,1.8,6.0,6.0,0
2025-04-05 11:30:00+00:00,Championship,Luton Town FC,Leeds United FC,1429.6101017957924,1624.6918914994103,-140.08178970361791,2.0,1.2,0.8,1.4,1.0,1.2,1.0,2.0,6.0,6.0,1
2025-04-05 11:30:00+00:00,Championship,Coventry City FC,Burnley FC,1543.0325800643925,1624.3013119290613,-26.26873186466878,1.8,2.6,2.0,2.0,1.8,0.4,2.4,2.2,7.0,6.0,0
2025-04-05 11:30:00+00:00,Premier League,Everton FC,Arsenal FC,1490.4002316355138,1637.005162418307,-91.60493078279319,0.8,2.2,1.0,2.6,1.2,1.0,1.8,2.2,2.0,3.0,1
2025-04-05 12:00:00+00:00,Primera Division,Girona FC,Deportivo Alavés,1436.498516608793,1448.5273786323864,42.97113797640645,0.6,1.0,1.0,0.8,2.0,1.2,1.0,1.2,5.0,6.0,0
2025-04-05 13:00:00+00:00,Serie A,AC Monza,Como 1907,1367.9433550736849,1453.7080258746246,-30.76467080093971,0.2,1.0,0.6,1.2,2.6,1.4,1.0,0.8,6.0,6.0,0
2025-04-05 13:30:00+00:00,Bundesliga,1. FSV Mainz 05,Holstein Kiel,1536.1459244822618,1402.8981091136097,188.24781536865203,2.0,0.8,2.0,0.8,1.4,2.0,2.2,0.8,5.0,6.0,1
2025-04-05 13:30:00+00:00,Bundesliga,RB Leipzig,TSG 1899 Hoffenheim,1494.243820115416,1451.1455798972745,98.09824021814143,1.0,1.2,1.0,0.8,1.0,0.8,1.6,1.8,6.0,6.0,2
2025-04-05 13:30:00+00:00,Bundesliga,VfL Bochum 1848,VfB Stuttgart,1416.7468796613996,1493.013217133997,-21.266337472597343,0.8,0.4,1.2,1.4,2.0,2.2,0.8,1.0,7.0,6.0,0
2025-04-05 13:30:00+00:00,Bundesliga,1. FC Heidenheim 1846,Bayer 04 Leverkusen,1428.5624696632333,1611.715661105393,-128.15319144215982,1.6,1.2,1.4,1.4,1.4,2.2,0.6,2.0,6.0,7.0,0
2025-04-05 13:30:00+00:00,Bundesliga,SC Freiburg,Borussia Dortmund,1524.3379965493295,1516.945604481704,62.39239206762545,1.2,1.4,1.6,1.2,0.8,1.2,1.4,1.8,6.0,5.0,0
2025-04-05 14:00:00+00:00,Championship,Plymouth Argyle FC,Norwich City FC,1424.8332750585068,1494.7286010998184,-14.895326041311591,0.8,1.0,0.8,1.2,1.8,1.4,1.4,1.0,7.0,6.0,2
2025-04-05 14:00:00+00:00,Premier League,Crystal Palace FC,Brighton & Hove Albion FC,1517.8202040603337,1535.8983756094121,36.921828450921566,2.0,2.0,1.8,2.0,0.8,1.4,1.4,2.0,2.0,2.0,2
2025-04-05 14:00:00+00:00,Premier League,Ipswich Town FC,Wolverhampton Wanderers FC,1406.8742414937587,1457.8252637917863,4.04897770197249,0.6,2.0,1.4,1.2,2.6,0.8,0.0,1.2,2.0,3.0,0
2025-04-05 14:00:00+00:00,Premier League,West Ham United FC,AFC Bournemouth,1474.5096848906167,1510.9387385210773,18.570946369539342,1.4,0.2,0.8,1.0,0.6,1.8,1.2,1.6,3.0,2.0,1
2025-04-05 14:00:00+00:00,Championship,Queens Park Rangers FC,Cardiff City FC,1465.1318036197972,1459.4894042780074,60.64239934178977,0.2,0.8,1.0,1.2,2.0,1.6,1.4,0.8,6.0,6.0,1
2025-04-05 14:00:00+00:00,Championship,Millwall FC,Portsmouth FC,1502.137907568136,1469.8171416172715,87.32076595086437,1.2,1.2,0.6,0.8,1.2,1.0,1.6,0.6,6.0,6.0,2
2025-04-05 14:00:00+00:00,Championship,Bristol City FC,Watford FC,1538.9815185981645,1481.6076060838598,112.37391251430472,1.6,1.0,1.2,0.4,0.8,0.6,2.0,1.0,6.0,7.0,2
2025-04-05 14:00:00+00:00,Championship,Preston North End FC,Stoke City FC,1488.2646323412673,1448.1464571059753,95.11817523529203,1.0,1.4,0.6,1.2,1.0,1.0,1.8,0.6,2.0,6.0,1
2025-04-05 14:00:00+00:00,Championship,Swansea City AFC,Derby County FC,1462.9215732100442,1453.247526179299,64.67404703074521,1.0,2.4,0.6,1.8,1.0,0.8,1.2,0.8,6.0,2.0,2
2025-04-05 14:00:00+00:00,Championship,Oxford United FC,Sheffield United FC,1457.8806313018026,1625.175348384267,-112.29471708246433,0.8,2.6,1.2,1.6,1.6,0.6,1.4,3.0,6.0,7.0,2
2025-04-05 14:00:00+00:00,Championship,Sheffield Wednesday FC,Hull City AFC,1491.137526426124,1455.3885318098019,90.74899461632208,1.4,1.6,1.6,1.2,1.2,0.8,0.4,1.0,6.0,7.0,0
2025-04-05 14:15:00+00:00,Primera Division,Real Madrid CF,Valencia CF,1652.1649560921692,1488.7971479761875,218.3678081159817,3.0,1.6,2.6,1.4,1.6,1.6,3.0,0.8,6.0,5.0,0
2025-04-05 14:30:00+00:00,Eredivisie,AZ,Feyenoord Rotterdam,1552.321131649242,1583.203716651205,24.11741499803702,1.2,1.8,1.8,2.8,2.0,1.8,2.0,1.0,3.0,2.0,0
2025-04-05 15:00:00+00:00,Ligue 1,Paris Saint-Germain FC,Angers SCO,1681.2248288287624,1447.2359662536912,288.98886257507115,2.4,0.2,3.6,0.6,1.0,2.8,2.4,1.4,6.0,5.0,2
2025-04-05 16:00:00+00:00,Serie A,Parma Calcio 1913,FC Internazionale Milano,1436.401754037157,1664.812328722831,-173.41057468567396,1.2,3.0,1.0,2.2,0.8,0.8,1.0,1.4,4.0,6.0,1
2025-04-05 16:30:00+00:00,Premier League,Aston Villa FC,Nottingham Forest FC,1556.6260038326507,1569.476323447212,42.149680385438614,2.4,2.0,2.2,1.8,1.0,1.2,2.2,1.2,2.0,3.0,2
2025-04-05 16:30:00+00:00,Primera Division,RCD Mallorca,RC Celta de Vigo,1489.6831961252217,1505.3464038398174,39.33679228540427,1.2,2.2,1.0,1.4,1.0,0.8,1.6,1.2,6.0,4.0,0
2025-04-05 16:30:00+00:00,Bundesliga,SV Werder Bremen,Eintracht Frankfurt,1484.3902317297732,1543.705177762948,-4.31494603317492,1.2,1.2,1.6,1.2,2.2,2.2,0.6,1.6,7.0,6.0,2
2025-04-05 16:45:00+00:00,Eredivisie,FC Twente '65,Fortuna Sittard,1538.6722723692633,1476.742227234764,116.93004513449932,1.4,1.2,1.4,0.6,1.8,1.2,2.4,0.8,6.0,6.0,1
2025-04-05 17:00:00+00:00,Primeira Liga,FC Arouca,FC Famalicão,1471.0415352278117,1499.2654876928736,26.776047534938016,1.0,1.8,1.0,1.8,1.4,1.2,1.2,1.2,6.0,6.0,0
2025-04-05 17:00:00+00:00,Ligue 1,Stade Brestois 29,AS Monaco FC,1504.966074744189,1561.3378178968042,-1.3717431526151813,1.6,2.0,1.4,1.8,0.8,0.8,1.0,1.0,6.0,6.0,2
2025-04-05 18:00:00+00:00,Eredivisie,FC Groningen,PSV,1478.4594972499629,1580.0757928486914,-46.616295598728584,1.6,1.4,1.4,1.6,1.4,2.4,2.2,1.0,3.0,6.0,0
2025-04-05 18:45:00+00:00,Serie A,AC Milan,ACF Fiorentina,1517.4598127727613,1540.1427798876775,32.31703288508379,1.2,1.8,1.6,1.2,1.8,0.6,1.6,0.6,6.0,6.0,1
2025-04-05 19:00:00+00:00,Eredivisie,Almere City FC,PEC Zwolle,1421.9906353096533,1475.4624344802232,1.528200829430034,0.8,1.0,0.8,1.2,1.0,1.4,0.8,1.0,7.0,6.0,1
2025-04-05 19:00:00+00:00,Primera Division,FC Barcelona,Real Betis Balompié,1661.4218378157752,1537.962715181641,178.45912263413425,3.0,3.0,3.0,2.0,0.8,1.0,3.0,1.8,6.0,6.0,1
2025-04-05 19:05:00+00:00,Ligue 1,Olympique Lyonnais,Lille OSC,1547.8643851047311,1560.204360081603,42.66002502312813,1.8,1.4,2.4,0.8,2.0,0.8,2.0,0.8,7.0,6.0,2
2025-04-05 19:30:00+00:00,Primeira Liga,Vitória SC,CD Santa Clara,1542.3055873173575,1527.4305952075595,69.87499210979809,2.2,1.6,1.6,0.6,0.8,0.4,2.2,1.6,6.0,6.0,2
2025-04-06 10:15:00+00:00,Eredivisie,RKC Waalwijk,Heracles Almelo,1424.642334808072,1477.7326827963186,1.909652011753451,0.2,1.4,0.6,1.4,2.2,1.8,1.4,1.0,4.0,6.0,1
2025-04-06 10:30:00+00:00,Serie A,US Lecce,Venezia FC,1411.9756246213358,1419.2361287354886,47.73949588584719,0.0,0.8,0.6,0.2,1.6,0.4,0.2,0.6,7.0,7.0,1
2025-04-06 12:00:00+00:00,Primera Division,UD Las Palmas,Real Sociedad de Fútbol,1434.2719011844476,1484.1347243000398,5.137176884407836,0.6,1.4,0.8,1.4,1.4,1.6,0.4,0.2,5.0,7.0,0
2025-04-06 12:30:00+00:00,Eredivisie,Sparta Rotterdam,NEC,1462.9549805563129,1460.0576793957594,57.897301160553525,1.6,1.0,1.8,1.2,0.6,1.6,1.6,1.4,7.0,7.0,2
2025-04-06 12:30:00+00:00,Eredivisie,Go Ahead Eagles,FC Utrecht,1534.4376812975079,1567.1532576846944,22.284423612813498,1.8,2.0,1.8,1.6,1.8,1.0,2.6,1.8,6.0,7.0,1
2025-04-06 13:00:00+00:00,Serie A,Empoli FC,Cagliari Calcio,1420.3428704682399,1449.139265733326,26.203604734913824,0.4,0.8,0.4,1.0,1.8,1.0,0.2,0.4,7.0,7.0,1
2025-04-06 13:00:00+00:00,Serie A,Torino FC,Hellas Verona FC,1515.1133273615958,1445.0906868163038,125.022640545292,2.2,1.4,1.6,0.6,0.8,0.8,2.2,1.4,5.0,5.0,1
2025-04-06 13:00:00+00:00,Ligue 1,Racing Club de Lens,AS Saint-Étienne,1505.1050283189627,1424.4891874413381,135.61584087762458,1.2,0.4,1.2,1.4,1.6,3.6,1.2,0.4,6.0,7.0,2
2025-04-06 13:00:00+00:00,Premier League,Fulham FC,Liverpool FC,1520.4303789910027,1678.5724011136838,-103.14202212268106,1.2,2.4,1.2,1.6,1.4,1.2,1.4,2.2,4.0,3.0,2
2025-04-06 13:00:00+00:00,Premier League,Tottenham Hotspur FC,Southampton FC,1447.5009019569216,1354.8906452417013,147.6102567152202,0.8,0.2,1.2,0.6,1.4,2.8,0.8,0.6,2.0,3.0,2
2025-04-06 13:00:00+00:00,Premier League,Brentford FC,Chelsea FC,1492.8554353793918,1536.0102442733512,11.845191106040602,1.4,1.8,1.6,1.4,1.0,0.6,0.4,0.2,3.0,2.0,1
2025-04-06 13:30:00+00:00,Bundesliga,FC St. Pauli 1910,Borussia Mönchengladbach,1438.1057048066127,1526.3821043120497,-33.276399505436984,0.8,1.8,0.8,1.8,1.6,1.6,1.4,2.4,7.0,7.0,1
2025-04-06 14:15:00+00:00,Primera Division,Sevilla FC,Club Atlético de Madrid,1489.6121841246882,1584.2555676652187,-39.64338354053052,1.0,0.2,0.8,1.6,1.0,2.6,0.6,1.0,6.0,7.0,0
2025-04-06 14:30:00+00:00,Primeira Liga,Gil Vicente FC,Moreirense FC,1446.3005542014278,1464.459258972729,36.841295228698755,0.8,1.2,0.8,1.0,1.4,1.2,0.6,0.4,4.0,6.0,0
2025-04-06 14:45:00+00:00,Eredivisie,AFC Ajax,NAC Breda,1639.9802944392084,1450.530773050652,244.44952138855638,2.6,0.8,1.6,0.6,0.4,0.8,2.6,0.2,7.0,7.0,2
2025-04-06 15:15:00+00:00,Ligue 1,Stade de Reims,RC Strasbourg Alsace,1439.6838558413992,1555.9769865941862,-61.293130752786965,0.8,2.6,0.6,1.6,1.4,0.6,0.8,2.0,7.0,8.0,0
2025-04-06 15:15:00+00:00,Ligue 1,Stade Rennais FC 1901,AJ Auxerre,1470.947135092564,1493.7769944052268,32.17014068733715,1.8,2.0,1.8,1.4,1.0,0.4,1.2,1.0,7.0,7.0,0
2025-04-06 15:15:00+00:00,Ligue 1,Montpellier HSC,Le Havre AC,1388.9214310473699,1434.4610937577825,9.460337289587414,0.0,1.4,0.2,2.2,2.4,2.8,0.6,1.6,7.0,7.0,0
2025-04-06 15:30:00+00:00,Bundesliga,1. FC Union Berlin,VfL Wolfsburg,1466.6448196421636,1493.78676895426,27.858050687903642,1.4,1.0,1.0,0.8,2.0,1.0,1.0,1.4,7.0,8.0,2
2025-04-06 15:30:00+00:00,Premier League,Manchester United FC,Manchester City FC,1485.8745620563348,1523.0170801556026,17.857481900732182,1.6,1.4,1.8,1.0,1.2,1.0,1.4,0.6,4.0,3.0,1
2025-04-06 16:00:00+00:00,Serie A,Atalanta BC,SS Lazio,1562.0308087347369,1531.493267605987,85.53754112874981,1.4,1.2,1.8,0.8,0.6,1.6,0.6,2.0,7.0,5.0,0
2025-04-06 16:30:00+00:00,Primera Division,Real Valladolid CF,Getafe CF,1366.7922880441913,1484.0000506433955,-62.207762599204216,0.2,1.2,0.8,1.2,2.6,1.4,0.8,2.4,8.0,7.0,0
2025-04-06 17:00:00+00:00,Primeira Liga,CD Nacional,CF Estrela da Amadora,1469.6035622569211,1436.0330312934414,88.57053096347977,1.2,0.6,1.0,0.4,1.4,1.4,2.0,1.0,7.0,7.0,0
2025-04-06 18:45:00+00:00,Serie A,AS Roma,Juventus FC,1571.5786247349704,1580.756191165697,45.82243356927347,3.0,1.8,1.8,0.8,0.2,1.4,2.6,1.2,7.0,8.0,1
2025-04-06 18:45:00+00:00,Ligue 1,Olympique de Marseille,Toulouse FC,1530.8375350167225,1483.9298119799662,101.90772303675635,0.6,1.4,0.8,2.4,2.0,1.6,2.0,1.6,8.0,7.0,2
2025-04-06 19:00:00+00:00,Primera Division,Villarreal CF,Athletic Club,1537.3917717247632,1566.243638128933,26.14813359583013,1.4,1.6,1.0,1.8,1.0,0.6,1.6,1.6,7.0,7.0,1
2025-04-06 19:30:00+00:00,Primeira Liga,FC Porto,Sport Lisboa e Benfica,1577.2854170551298,1608.9901416803066,23.295275374823177,2.0,2.4,1.4,2.6,0.6,1.4,1.8,2.4,7.0,4.0,0
2025-04-07 17:45:00+00:00,Primeira Liga,SC Farense,Casa Pia AC,1428.1028263740493,1499.8862952239115,-16.783468849862174,0.4,1.2,1.2,1.0,1.8,1.6,0.0,0.6,4.0,9.0,1
2025-04-07 18:45:00+00:00,Serie A,Bologna FC 1909,SSC Napoli,1577.5038446864125,1612.3286558304574,20.175188855955184,3.0,1.6,2.4,1.2,0.6,1.0,3.0,1.2,9.0,8.0,1
2025-04-07 19:00:00+00:00,Premier League,Leicester City FC,Newcastle United FC,1370.8838668753415,1550.7870941561023,-124.9032272807608,0.0,1.8,0.0,1.4,2.4,2.0,0.0,1.8,5.0,5.0,0
2025-04-07 19:00:00+00:00,Primera Division,CD Leganés,CA Osasuna,1453.228172743782,1484.9302210664932,23.297951677288665,0.6,0.4,1.2,0.8,2.2,1.8,1.4,0.6,8.0,8.0,1
2025-04-07 19:15:00+00:00,Primeira Liga,Rio Ave FC,Boavista FC,1459.2814341949595,1381.841637532562,132.4397966623976,0.6,0.6,1.2,0.6,1.8,1.8,1.0,0.0,9.0,6.0,0
2025-04-07 19:45:00+00:00,Primeira Liga,Sporting Clube de Portugal,Sporting Clube de Braga,1609.464119067469,1586.864775408525,77.59934365894401,2.6,2.4,2.8,1.2,1.0,0.6,2.0,2.0,9.0,8.0,1
2025-04-08 18:45:00+00:00,Championship,Blackburn Rovers FC,Sheffield Wednesday FC,1448.461625113768,1478.583382280006,24.878242833761988,0.0,1.4,0.4,1.4,1.6,1.0,1.4,2.0,3.0,3.0,1
2025-04-08 18:45:00+00:00,Championship,Bristol City FC,West Bromwich Albion FC,1545.8553948875083,1521.411473928639,79.44392095886928,1.6,1.0,1.2,0.6,1.0,0.8,2.6,0.6,3.0,3.0,2
2025-04-08 18:45:00+00:00,Championship,Norwich City FC,Sunderland AFC,1484.30014162785,1575.7384136586425,-36.438272030792405,0.8,2.0,1.2,1.0,1.6,1.0,1.4,1.8,3.0,3.0,1
2025-04-08 18:45:00+00:00,Championship,Preston North End FC,Cardiff City FC,1482.259986080766,1464.5506545887636,72.70933149200255,1.0,1.0,0.8,1.0,1.2,1.2,1.4,1.0,3.0,3.0,1
2025-04-08 18:45:00+00:00,Championship,Sheffield United FC,Millwall FC,1612.0512814874144,1509.6762287670012,157.37505272041312,2.0,1.8,1.2,1.0,0.6,1.0,2.0,1.4,3.0,3.0,0
2025-04-08 18:45:00+00:00,Championship,Derby County FC,Burnley FC,1445.087788394358,1633.5466744610546,-133.45888606669655,2.4,2.6,1.8,2.0,0.8,0.4,2.0,2.2,3.0,3.0,1
2025-04-08 18:45:00+00:00,Championship,Stoke City FC,Luton Town FC,1454.1511033664765,1430.1035010574699,79.0476023090066,1.4,1.6,1.4,0.8,1.2,1.2,2.0,1.2,3.0,3.0,1
2025-04-08 18:45:00+00:00,Championship,Watford FC,Hull City AFC,1474.733729794516,1467.9426759559199,61.7910538385961,0.8,1.6,0.6,1.0,1.0,0.8,1.4,1.6,3.0,3.0,2
2025-04-08 19:00:00+00:00,UEFA Champions League,FC Bayern München,FC Internazionale Milano,1662.5773401494828,1663.531447446947,54.045892702535866,2.0,2.6,2.2,2.2,1.4,1.2,2.0,1.6,4.0,3.0,0
2025-04-08 19:00:00+00:00,UEFA Champions League,Arsenal FC,Real Madrid CF,1637.7613374656055,1636.5946810683251,56.16665639728035,1.8,2.4,1.4,2.4,1.0,1.8,2.0,2.0,3.0,3.0,2
2025-04-08 19:00:00+00:00,Championship,Middlesbrough FC,Leeds United FC,1513.863117328151,1624.1984922377328,-55.33537490958179,2.0,1.2,1.2,1.4,0.6,1.2,1.8,1.6,4.0,3.0,0
2025-04-09 18:45:00+00:00,Championship,Swansea City AFC,Plymouth Argyle FC,1471.0813109949852,1435.2617345304752,90.81957646450996,1.4,1.4,0.8,1.2,1.0,1.6,1.8,1.0,4.0,4.0,2
2025-04-09 18:45:00+00:00,Championship,Oxford United FC,Queens Park Rangers FC,1471.0046981986552,1460.070553309041,65.93414488961412,1.4,0.4,1.0,0.8,1.0,1.6,1.4,0.0,4.0,4.0,0
2025-04-09 19:00:00+00:00,UEFA Champions League,FC Barcelona,Borussia Dortmund,1653.3606883425605,1528.722343533422,179.63834480913852,2.6,1.8,3.0,1.8,1.0,1.2,2.6,1.8,4.0,4.0,2
2025-04-09 19:00:00+00:00,UEFA Champions League,Paris Saint-Germain FC,Aston Villa FC,1684.4105396816883,1565.4187553487125,173.99178433297584,3.0,3.0,3.8,2.4,0.8,0.4,2.4,1.8,4.0,4.0,2
2025-04-09 19:00:00+00:00,Championship,Coventry City FC,Portsmouth FC,1533.7872175323992,1462.2788204184062,126.50839711399294,1.2,1.2,1.6,1.0,1.8,1.2,2.4,0.6,4.0,4.0,2
2025-04-11 18:00:00+00:00,Eredivisie,NEC,RKC Waalwijk,1451.70884191334,1421.2540378250449,85.45480408829508,1.0,0.4,1.2,0.6,1.6,1.8,1.2,1.0,5.0,5.0,2
2025-04-11 18:30:00+00:00,Bundesliga,VfL Wolfsburg,RB Leipzig,1484.5868741789416,1501.4930387538463,38.09383542509522,0.8,1.4,0.6,1.2,1.0,0.8,0.8,0.6,5.0,6.0,0
2025-04-11 18:45:00+00:00,Ligue 1,Racing Club de Lens,Stade de Reims,1511.3885490199268,1431.4299372667874,134.9586117531394,1.8,0.8,1.2,0.6,1.0,1.4,1.8,0.4,5.0,5.0,0
2025-04-11 18:45:00+00:00,Serie A,Udinese Calcio,AC Milan,1491.7846886319842,1513.1989937761412,33.58569485584303,0.8,1.4,0.6,1.8,1.0,1.8,1.8,0.6,7.0,6.0,0
2025-04-11 19:00:00+00:00,Primera Division,Valencia CF,Sevilla FC,1504.3674230000315,1480.7482862215531,78.61913677847838,2.2,0.8,1.8,0.8,1.2,1.2,2.4,1.6,6.0,5.0,2
2025-04-11 19:00:00+00:00,Championship,Burnley FC,Norwich City FC,1633.2171587736962,1482.0117576220646,206.20540115163158,2.2,0.8,1.2,1.0,0.4,1.4,2.6,1.0,3.0,3.0,2
2025-04-11 19:15:00+00:00,Primeira Liga,Gil Vicente FC,Vitória SC,1435.244132991438,1550.3211074569087,-60.07697446547081,0.8,2.6,0.8,1.8,1.4,0.6,0.0,1.2,5.0,5.0,0
2025-04-12 11:30:00+00:00,Championship,Leeds United FC,Preston North End FC,1632.6191436682832,1476.8639351434747,210.7552085248085,1.8,1.2,1.6,1.2,1.0,1.4,2.2,0.8,3.0,3.0,2
2025-04-12 11:30:00+00:00,Championship,Plymouth Argyle FC,Sheffield United FC,1427.817777558355,1597.8079757512487,-114.99019819289379,1.4,1.4,1.2,1.0,1.6,0.8,1.4,2.4,2.0,3.0,2
2025-04-12 11:30:00+00:00,Premier League,Manchester City FC,Crystal Palace FC,1526.8639410099386,1526.761490842771,55.10245016716749,1.6,2.6,1.0,2.0,0.6,0.6,1.4,2.6,5.0,6.0,2
2025-04-12 12:00:00+00:00,Primera Division,Real Sociedad de Fútbol,RCD Mallorca,1494.2825733621075,1478.5558054060468,70.72676795606071,1.4,1.0,1.4,1.0,1.8,1.2,1.8,0.4,6.0,6.0,0
2025-04-12 13:00:00+00:00,Serie A,Venezia FC,AC Monza,1423.9349325492844,1358.8265264508702,120.1084060984142,0.8,0.2,0.4,0.8,0.6,2.4,0.6,0.0,6.0,7.0,2
2025-04-12 13:30:00+00:00,Bundesliga,Holstein Kiel,FC St. Pauli 1910,1411.1750922668534,1435.7272253154574,30.44786695139601,1.0,1.0,1.0,1.0,1.8,1.4,0.4,0.8,7.0,6.0,0
2025-04-12 13:30:00+00:00,Bundesliga,Bayer 04 Leverkusen,1. FC Union Berlin,1618.185767304275,1475.844714417482,197.34105288679302,1.8,2.0,1.6,1.2,1.6,0.8,1.4,1.8,7.0,5.0,1
2025-04-12 13:30:00+00:00,Bundesliga,TSG 1899 Hoffenheim,1. FSV Mainz 05,1443.896361258844,1527.868941329018,-28.97258007017399,1.0,1.6,0.8,1.8,1.2,1.6,0.8,1.8,7.0,7.0,2
2025-04-12 13:30:00+00:00,Bundesliga,Borussia Mönchengladbach,SC Freiburg,1528.760583803205,1512.5612574976117,71.19932630559333,2.0,0.6,2.0,0.8,1.2,1.6,1.4,1.6,6.0,7.0,0
2025-04-12 13:30:00+00:00,Bundesliga,VfL Bochum 1848,FC Augsburg,1407.3582107774787,1522.1262648341562,-59.768054056677556,0.6,1.6,1.0,0.8,2.6,0.8,0.6,1.8,7.0,7.0,0
2025-04-12 14:00:00+00:00,Premier League,Nottingham Forest FC,Everton FC,1560.6835719311503,1489.6440565882153,126.03951534293492,2.0,0.8,1.4,0.8,0.8,1.0,2.6,1.6,6.0,7.0,0
2025-04-12 14:00:00+00:00,Premier League,Southampton FC,Aston Villa FC,1348.9007836813137,1560.0461266750451,-156.14534299373145,0.2,2.4,0.8,2.0,2.6,0.8,0.2,1.8,6.0,2.0,0
2025-04-12 14:00:00+00:00,Premier League,Brighton & Hove Albion FC,Leicester City FC,1526.9570888269748,1364.3316057260051,217.62548310096963,1.4,0.0,1.4,0.0,1.8,2.2,1.8,0.6,7.0,4.0,1
2025-04-12 14:00:00+00:00,Championship,Millwall FC,Middlesbrough FC,1523.919534503167,1505.4424658976006,73.47706860556627,1.8,2.0,0.8,1.2,0.8,0.6,2.0,1.4,3.0,3.0,2
2025-04-12 14:00:00+00:00,Championship,Portsmouth FC,Derby County FC,1455.767202932437,1445.4173040817166,65.34989885072036,0.6,2.0,0.8,1.4,1.4,0.6,2.4,0.8,2.0,3.0,1
2025-04-12 14:00:00+00:00,Championship,West Bromwich Albion FC,Watford FC,1513.6590190661987,1482.9737574113565,85.68526165484218,0.4,1.4,0.6,0.6,1.2,0.6,1.4,1.0,3.0,3.0,2
2025-04-12 14:00:00+00:00,Championship,Sunderland AFC,Swansea City AFC,1578.026797664428,1478.5252679671055,154.50152969732244,1.6,1.4,0.6,1.2,0.8,1.0,2.0,1.0,3.0,2.0,0
2025-04-12 14:00:00+00:00,Championship,Sheffield Wednesday FC,Oxford United FC,1482.6315476939994,1459.1294192341684,78.50212845983106,1.0,1.2,1.2,1.0,1.4,1.4,0.2,0.4,3.0,2.0,0
2025-04-12 14:00:00+00:00,Championship,Queens Park Rangers FC,Bristol City FC,1471.945832273528,1553.6078497499486,-26.662017476420715,1.0,2.0,1.4,1.4,1.6,1.0,1.6,1.2,2.0,3.0,1
2025-04-12 14:00:00+00:00,Championship,Cardiff City FC,Stoke City FC,1469.946705526055,1448.581058417726,76.36564710832909,1.2,1.6,1.2,1.2,1.2,0.8,1.0,0.2,3.0,3.0,0
2025-04-12 14:00:00+00:00,Championship,Luton Town FC,Blackburn Rovers FC,1435.6735460062205,1444.4134596997744,46.260086306446055,1.8,0.2,1.0,0.6,0.6,1.6,1.2,0.6,3.0,3.0,0
2025-04-12 14:15:00+00:00,Primera Division,Getafe CF,UD Las Palmas,1492.228458385972,1424.12405212238,123.10440626359218,1.8,0.6,1.8,1.0,1.0,1.6,1.0,0.4,5.0,6.0,0
2025-04-12 14:30:00+00:00,Eredivisie,Fortuna Sittard,Feyenoord Rotterdam,1483.3195150530678,1593.896758867815,-55.577243814747135,1.4,2.4,0.8,3.0,1.2,1.4,0.6,1.6,6.0,7.0,0
2025-04-12 14:30:00+00:00,Primeira Liga,Boavista FC,CD Nacional,1395.4790628441024,1457.1081221691484,-6.629059325046001,1.2,1.2,1.0,1.0,1.2,1.4,0.6,0.6,4.0,5.0,0
2025-04-12 14:30:00+00:00,Primeira Liga,FC Famalicão,GD Estoril Praia,1510.0346421161535,1517.7247838817923,47.30985823436117,1.8,1.0,1.8,1.6,1.4,1.6,2.2,1.6,6.0,7.0,2
2025-04-12 15:00:00+00:00,Ligue 1,AS Monaco FC,Olympique de Marseille,1551.2983361602712,1537.9857133947655,68.3126227655057,2.0,1.2,1.8,1.4,0.8,1.8,2.4,0.6,6.0,5.0,2
2025-04-12 16:00:00+00:00,Serie A,FC Internazionale Milano,Cagliari Calcio,1675.0745864336325,1453.2253726737592,276.84921375987324,2.6,1.0,2.0,1.0,1.0,0.8,3.0,0.4,3.0,6.0,2
2025-04-12 16:30:00+00:00,Primera Division,RC Celta de Vigo,RCD Espanyol de Barcelona,1516.4737945589923,1464.1737502531576,107.30004430583472,2.2,1.6,1.6,1.6,1.0,0.8,2.0,1.4,7.0,7.0,0
2025-04-12 16:30:00+00:00,Bundesliga,FC Bayern München,Borussia Dortmund,1651.0342011627972,1523.476471575162,182.55772958763532,2.0,1.8,2.0,1.8,1.2,1.8,1.8,1.8,3.0,2.0,1
2025-04-12 16:30:00+00:00,Premier League,Arsenal FC,Brentford FC,1646.1586683498062,1489.1813020725547,211.97736627725158,2.2,1.0,1.8,0.8,0.8,1.0,2.0,2.4,3.0,6.0,1
2025-04-12 16:45:00+00:00,Eredivisie,Sparta Rotterdam,SC Heerenveen,1471.3038180387323,1471.6432067808955,54.66061125783676,2.2,1.4,2.2,1.6,0.4,1.4,2.2,0.8,6.0,7.0,2
2025-04-12 17:00:00+00:00,Primeira Liga,CD Santa Clara,Sporting Clube de Portugal,1519.4150750680083,1603.9337096665656,-29.518634598557355,1.4,2.6,0.6,2.6,0.8,0.8,1.4,1.8,6.0,4.0,0
2025-04-12 17:00:00+00:00,Ligue 1,Toulouse FC,Lille OSC,1476.7816336019232,1551.4260808049828,-19.6444472030596,0.8,1.2,2.0,0.8,2.0,1.0,0.4,0.8,5.0,6.0,0
2025-04-12 18:00:00+00:00,Eredivisie,PSV,Almere City FC,1588.7420618071533,1418.6133171043653,225.12874470278803,2.0,1.0,2.0,1.0,1.2,1.0,1.4,1.4,7.0,6.0,2
2025-04-12 18:45:00+00:00,Serie A,Juventus FC,US Lecce,1585.4008060023925,1407.27682080754,233.1239851948526,1.4,0.2,0.8,0.8,1.6,1.6,2.4,0.8,6.0,6.0,2
2025-04-12 19:00:00+00:00,Primera Division,CD Leganés,FC Barcelona,1449.2252737525741,1658.6065603008205,-154.3812865482464,0.8,2.6,1.4,3.2,1.8,0.8,1.0,3.0,5.0,3.0,0
2025-04-12 19:00:00+00:00,Eredivisie,NAC Breda,Go Ahead Eagles,1446.5971397518051,1530.4638287980742,-28.86668904626913,0.6,2.0,0.8,2.2,1.4,1.8,1.4,1.2,6.0,6.0,1
2025-04-12 19:05:00+00:00,Ligue 1,RC Strasbourg Alsace,OGC Nice,1564.230905168798,1537.0614038436904,82.1695013251076,3.0,0.8,1.8,1.2,0.6,1.6,2.6,1.4,6.0,8.0,1
2025-04-12 19:30:00+00:00,Primeira Liga,Casa Pia AC,FC Porto,1502.7369368938296,1566.6159280821316,-8.878991188302052,0.8,1.8,0.8,1.4,1.6,1.2,2.4,2.0,5.0,6.0,0
2025-04-13 10:15:00+00:00,Eredivisie,FC Utrecht,FC Groningen,1571.127110184128,1469.793228291501,156.333881892627,2.0,1.0,1.6,1.0,1.0,1.8,1.4,1.0,6.0,7.0,2
2025-04-13 10:30:00+00:00,Serie A,Atalanta BC,Bologna FC 1909,1549.6174055956528,1573.5904745526602,31.0269310429926,0.8,2.6,0.8,2.2,0.8,0.6,0.4,1.6,6.0,5.0,2
2025-04-13 12:00:00+00:00,Primera Division,CA Osasuna,Girona FC,1488.933120057701,1425.2679759578205,118.66514409988054,0.6,0.6,1.0,1.0,1.8,1.8,1.2,0.2,5.0,8.0,2
2025-04-13 12:30:00+00:00,Eredivisie,Heracles Almelo,AZ,1481.1209797793458,1541.6280894326321,-5.507109653286307,1.6,0.6,1.4,1.6,1.0,2.2,2.2,1.2,7.0,7.0,2
2025-04-13 12:30:00+00:00,Eredivisie,PEC Zwolle,FC Twente '65,1478.8397526855113,1532.0949845509595,1.744768134551805,1.0,1.0,1.4,1.2,1.6,2.0,1.6,0.6,7.0,7.0,1
2025-04-13 13:00:00+00:00,Premier League,Liverpool FC,West Ham United FC,1665.68797596524,1470.6423452198762,250.04563074536372,1.8,1.0,1.6,1.0,1.8,1.0,2.4,1.0,7.0,7.0,2
2025-04-13 13:00:00+00:00,Premier League,Wolverhampton Wanderers FC,Tottenham Hotspur FC,1467.9417974624585,1453.4907635173092,69.45103394514922,2.0,0.8,1.4,1.0,1.0,1.4,1.4,1.2,7.0,7.0,2
2025-04-13 13:00:00+00:00,Serie A,ACF Fiorentina,Parma Calcio 1913,1544.4035988842977,1437.682635313041,161.7209635712568,2.0,0.8,1.6,1.0,0.8,1.2,2.4,0.4,7.0,7.0,1
2025-04-13 13:00:00+00:00,Premier League,Chelsea FC,Ipswich Town FC,1539.6843775801883,1396.7577078230865,197.92666975710176,2.0,0.6,1.2,1.4,0.2,2.2,3.0,0.8,7.0,7.0,1
2025-04-13 13:00:00+00:00,Serie A,Hellas Verona FC,Genoa CFC,1451.874787079716,1486.3919324739982,20.482854605717876,1.0,1.6,0.6,1.0,1.0,0.8,0.8,0.4,7.0,8.0,1
2025-04-13 13:00:00+00:00,Ligue 1,AS Saint-Étienne,Stade Brestois 29,1418.205666740374,1515.005556480722,-41.79988974034791,0.4,2.0,1.2,1.8,2.8,1.0,0.4,1.4,7.0,7.0,1
2025-04-13 13:30:00+00:00,Bundesliga,VfB Stuttgart,SV Werder Bremen,1502.4018860179178,1494.5144194750208,62.88746654289707,0.8,1.8,2.0,2.0,2.0,1.2,0.0,1.4,8.0,7.0,0
2025-04-13 14:15:00+00:00,Primera Division,Deportivo Alavés,Real Madrid CF,1459.757919283359,1628.1973501841244,-113.4394309007655,1.6,1.8,1.0,2.0,1.0,2.2,0.8,1.4,8.0,4.0,0
2025-04-13 14:30:00+00:00,Primeira Liga,CF Estrela da Amadora,SC Farense,1448.528471381214,1425.2521847041312,78.27628667708291,1.0,0.4,0.6,0.8,1.4,1.4,0.4,0.6,6.0,5.0,0
2025-04-13 14:45:00+00:00,Eredivisie,Willem II Tilburg,AFC Ajax,1412.6439147672584,1643.9139277380552,-176.27001297079687,0.0,2.6,0.6,1.8,2.6,0.6,0.2,3.0,8.0,7.0,0
2025-04-13 15:15:00+00:00,Ligue 1,Angers SCO,Montpellier HSC,1444.0502554007653,1378.6492079260995,120.4010474746658,0.0,0.0,0.0,0.0,2.4,2.0,0.2,0.6,8.0,7.0,2
2025-04-13 15:15:00+00:00,Ligue 1,Le Havre AC,Stade Rennais FC 1901,1444.7333168790528,1460.0238411210803,39.70947575797254,2.0,1.2,2.4,1.6,2.0,1.2,0.8,1.8,7.0,7.0,0
2025-04-13 15:30:00+00:00,Bundesliga,Eintracht Frankfurt,1. FC Heidenheim 1846,1533.5809900177005,1422.0923634643514,166.48862655334915,1.2,1.4,1.2,1.0,1.8,1.2,1.4,1.0,7.0,8.0,2
2025-04-13 15:30:00+00:00,Premier League,Newcastle United FC,Manchester United FC,1557.3393553054386,1482.0277012019988,130.31165410343988,2.4,1.6,2.0,1.4,1.2,0.8,1.8,1.4,5.0,7.0,2
2025-04-13 16:00:00+00:00,Serie A,Como 1907,Torino FC,1462.8248544974392,1508.3292270981835,9.495627399255682,1.0,1.8,1.4,1.4,1.4,0.8,1.0,1.2,8.0,7.0,2
2025-04-13 16:30:00+00:00,Primera Division,Real Betis Balompié,Villarreal CF,1546.0238646548557,1533.307252343768,67.71661231108783,2.6,1.4,1.8,0.8,1.0,0.8,2.6,2.0,7.0,6.0,0
2025-04-13 17:00:00+00:00,Primeira Liga,Sporting Clube de Braga,AVS,1592.3951848094284,1436.1995265355065,211.19565827392194,2.0,0.6,1.2,0.4,0.8,2.0,3.0,0.8,5.0,8.0,2
2025-04-13 17:00:00+00:00,Primeira Liga,Sport Lisboa e Benfica,FC Arouca,1619.6596306533047,1460.2723808045318,214.38724984877285,2.4,0.8,2.8,0.8,1.6,1.4,2.0,1.6,6.0,8.0,1
2025-04-13 18:45:00+00:00,Ligue 1,AJ Auxerre,Olympique Lyonnais,1504.7002883767104,1556.6426643813513,3.0576239953591084,2.0,2.4,1.0,2.4,0.4,1.6,1.6,1.4,7.0,7.0,0
2025-04-13 18:45:00+00:00,Serie A,SS Lazio,AS Roma,1543.906670745071,1566.9340098982748,31.972660846796316,1.6,2.6,1.0,1.2,1.6,0.4,1.2,3.0,7.0,7.0,1
2025-04-13 19:00:00+00:00,Primera Division,Athletic Club,Rayo Vallecano de Madrid,1570.3281575099284,1495.999258901547,129.32889860838145,1.2,1.0,0.4,1.2,0.4,1.8,1.8,1.4,7.0,9.0,2
2025-04-13 19:30:00+00:00,Primeira Liga,Moreirense FC,Rio Ave FC,1475.5156801827188,1445.644008883419,84.8716712992998,1.8,0.6,1.2,1.0,0.8,1.8,1.6,0.8,7.0,6.0,0
2025-04-14 18:45:00+00:00,Serie A,SSC Napoli,Empoli FC,1616.2420259642097,1416.2567635278067,254.985262436403,1.8,0.6,1.2,0.4,0.8,0.8,2.2,0.4,7.0,8.0,2
2025-04-14 19:00:00+00:00,Championship,Hull City AFC,Coventry City FC,1459.7026483390794,1540.2988350183684,-25.596186679289076,1.4,1.2,0.8,1.2,0.8,1.4,1.4,1.8,6.0,5.0,1
2025-04-14 19:00:00+00:00,Primera Division,Club Atlético de Madrid,Real Valladolid CF,1593.1194655683537,1358.5638803016147,289.55558526673894,0.8,0.2,1.8,0.6,2.4,2.0,1.4,0.0,8.0,8.0,2
2025-04-14 19:00:00+00:00,Premier League,AFC Bournemouth,Fulham FC,1514.8060781918177,1533.3148041394466,36.49127405237118,0.4,1.8,1.4,1.8,2.0,1.4,0.6,1.8,9.0,8.0,2
2025-04-15 19:00:00+00:00,UEFA Champions League,Aston Villa FC,Paris Saint-Germain FC,1565.8318854618735,1689.7831683553557,-68.95128289348213,2.4,3.0,2.4,3.6,0.8,0.8,2.2,3.0,3.0,6.0,2
2025-04-15 19:00:00+00:00,UEFA Champions League,Borussia Dortmund,FC Barcelona,1531.628707836609,1664.4341645826216,-77.80545674601262,1.4,2.6,1.8,2.6,2.0,0.4,1.6,3.0,3.0,3.0,2
2025-04-16 18:30:00+00:00,Premier League,Newcastle United FC,Crystal Palace FC,1563.755196591002,1518.3343018314963,100.4208947595057,2.4,2.0,2.0,2.0,0.8,1.6,1.8,2.0,3.0,4.0,2
2025-04-16 19:00:00+00:00,UEFA Champions League,FC Internazionale Milano,FC Bayern München,1678.4519439096505,1642.88196490135,90.56997900830038,2.6,1.6,2.2,2.0,1.0,1.6,3.0,2.2,4.0,4.0,1
2025-04-16 19:00:00+00:00,UEFA Champions League,Real Madrid CF,Arsenal FC,1635.0435820634193,1637.3832200440436,52.660362019375725,1.8,2.2,1.4,1.6,1.6,0.6,2.4,1.8,3.0,4.0,0
2025-04-18 11:30:00+00:00,Championship,Derby County FC,Luton Town FC,1450.609686685884,1424.3498864900184,81.25980019586564,1.6,1.2,1.4,0.6,1.0,0.6,2.0,1.4,5.0,5.0,0
2025-04-18 14:00:00+00:00,Championship,Swansea City AFC,Hull City AFC,1492.7005216485645,1457.1047025154335,90.59581913313104,2.0,1.0,1.4,0.6,0.8,0.8,2.4,1.0,6.0,3.0,2
2025-04-18 14:00:00+00:00,Championship,Stoke City FC,Sheffield Wednesday FC,1460.7443136539425,1470.409755853078,45.33455780086456,1.6,0.4,1.2,0.6,0.8,1.2,1.6,1.6,6.0,6.0,2
2025-04-18 14:00:00+00:00,Championship,Norwich City FC,Portsmouth FC,1477.335888476258,1450.5748203282694,81.76106814798868,0.8,0.8,0.8,1.0,1.2,1.4,1.6,0.6,6.0,6.0,0
2025-04-18 14:00:00+00:00,Championship,Watford FC,Burnley FC,1475.391164234756,1637.8930279195026,-107.5018636847467,0.8,2.6,0.6,1.4,1.0,0.4,2.0,2.2,6.0,6.0,0
2025-04-18 14:00:00+00:00,Championship,Middlesbrough FC,Plymouth Argyle FC,1497.5263308838173,1441.0116841038835,111.51464677993386,1.4,1.4,0.8,1.2,0.6,1.6,1.8,1.0,6.0,6.0,2
2025-04-18 14:00:00+00:00,Championship,Coventry City FC,West Bromwich Albion FC,1542.8967808420143,1521.2416122427992,76.65516859921513,1.4,0.8,1.4,0.8,1.2,1.2,2.4,0.6,3.0,6.0,2
2025-04-18 14:00:00+00:00,Championship,Bristol City FC,Sunderland AFC,1556.1752913746072,1563.851543982969,47.323747391638335,2.0,1.4,1.4,0.4,1.0,0.8,2.6,1.4,6.0,6.0,2
2025-04-18 14:00:00+00:00,Championship,Blackburn Rovers FC,Millwall FC,1455.7371192159765,1531.8356695169502,-21.098550300973784,0.8,2.4,0.8,1.0,1.4,0.4,1.0,1.8,6.0,6.0,2
2025-04-18 14:00:00+00:00,Championship,Preston North End FC,Queens Park Rangers FC,1472.2812443004354,1469.3783906488693,57.90285365156615,1.0,1.2,1.2,1.4,1.6,1.4,1.4,0.6,6.0,6.0,0
2025-04-18 14:30:00+00:00,Primeira Liga,Rio Ave FC,CD Santa Clara,1458.0393547023941,1510.2626512533056,2.7767034490884726,0.6,1.4,1.0,0.6,1.6,0.8,1.0,1.4,4.0,5.0,1
2025-04-18 14:30:00+00:00,Primeira Liga,SC Farense,Boavista FC,1437.4677962799547,1385.6698393590248,106.79795692092989,1.0,0.6,1.0,0.8,1.2,1.4,0.2,0.6,5.0,6.0,0
2025-04-18 16:30:00+00:00,Championship,Sheffield United FC,Cardiff City FC,1584.6140692057202,1457.7834502898384,181.83061891588181,1.2,1.2,1.0,1.0,1.0,1.0,1.4,1.2,6.0,6.0,2
2025-04-18 17:00:00+00:00,Primeira Liga,FC Porto,FC Famalicão,1576.3604257930388,1518.681309079981,112.67911671305774,1.8,2.4,1.2,2.2,1.2,1.0,1.2,1.8,5.0,6.0,2
2025-04-18 18:45:00+00:00,Ligue 1,Stade Rennais FC 1901,FC Nantes,1471.1618209109254,1475.123543393067,51.03827751785843,1.2,1.2,1.8,1.0,1.4,1.4,1.2,1.2,5.0,14.0,2
2025-04-18 19:00:00+00:00,Primera Division,RCD Espanyol de Barcelona,Getafe CF,1477.167513187093,1478.8264205832277,53.34109260386526,1.6,1.8,1.8,2.0,0.8,1.4,1.8,2.4,6.0,6.0,2
2025-04-18 19:00:00+00:00,Championship,Oxford United FC,Leeds United FC,1471.3512110750899,1637.2018345113224,-110.85062343623258,1.8,1.8,1.0,1.6,1.0,1.2,1.2,1.6,6.0,6.0,0
2025-04-18 19:30:00+00:00,Primeira Liga,Sporting Clube de Portugal,Moreirense FC,1613.0861334812682,1463.1203343637437,204.9657991175245,2.6,1.6,2.2,1.0,0.6,1.0,1.6,0.8,6.0,5.0,2
2025-04-19 12:00:00+00:00,Primera Division,Rayo Vallecano de Madrid,Valencia CF,1489.5587403581094,1512.1424298738616,32.41631048424779,0.8,2.6,1.2,1.4,2.2,0.6,1.0,1.2,5.0,7.0,1
2025-04-19 13:00:00+00:00,Serie A,US Lecce,Como 1907,1403.133093683802,1472.551616400685,-14.41852271688299,0.2,1.6,1.0,1.4,1.8,1.0,0.4,1.2,6.0,5.0,0
2025-04-19 13:30:00+00:00,Bundesliga,1. FC Heidenheim 1846,FC Bayern München,1416.5483325396478,1648.7646253940243,-177.21629285437643,1.4,1.6,1.0,2.2,1.2,1.8,0.6,2.2,5.0,2.0,0
2025-04-19 13:30:00+00:00,Bundesliga,SC Freiburg,TSG 1899 Hoffenheim,1524.582325782007,1454.7283315719706,124.85399421003649,1.0,1.0,1.2,1.0,1.8,1.2,1.4,1.2,7.0,7.0,2
2025-04-19 13:30:00+00:00,Bundesliga,RB Leipzig,Holstein Kiel,1512.5850949041758,1400.3009688412105,167.28412606296524,2.0,0.4,1.6,1.0,0.8,2.2,2.0,0.8,7.0,7.0,1
2025-04-19 13:30:00+00:00,Bundesliga,SV Werder Bremen,VfL Bochum 1848,1506.3049545884815,1399.0617028762338,162.24325171224768,2.4,0.6,2.2,1.2,1.0,2.8,1.2,1.0,6.0,7.0,2
2025-04-19 13:30:00+00:00,Bundesliga,1. FSV Mainz 05,VfL Wolfsburg,1517.0369710158916,1473.4948180286121,98.54215298727945,1.0,0.2,1.4,0.6,1.8,1.4,1.8,1.4,7.0,7.0,1
2025-04-19 14:00:00+00:00,Premier League,Brentford FC,Brighton & Hove Albion FC,1497.9567503783173,1518.068234455564,34.88851592275341,1.0,1.0,0.8,1.4,1.0,2.0,0.4,1.4,6.0,7.0,2
2025-04-19 14:00:00+00:00,Premier League,Crystal Palace FC,AFC Bournemouth,1511.1467617146743,1523.759620024977,42.38714168969727,1.4,1.0,1.2,1.4,2.4,1.6,1.8,1.6,2.0,4.0,1
2025-04-19 14:00:00+00:00,Premier League,Everton FC,Manchester City FC,1503.120580266768,1535.2911300212133,22.829450245554654,1.2,1.6,0.8,1.8,0.8,1.0,1.4,0.8,7.0,7.0,0
2025-04-19 14:00:00+00:00,Premier League,West Ham United FC,Southampton FC,1466.8095125730815,1343.1150248944853,178.69448767859626,0.4,0.2,0.8,0.8,1.4,2.4,0.8,0.6,6.0,7.0,1
2025-04-19 14:15:00+00:00,Primera Division,FC Barcelona,RC Celta de Vigo,1652.2314432060014,1503.4800316250569,203.75141158094448,2.0,2.0,2.2,1.2,1.0,1.0,2.6,1.6,3.0,6.0,2
2025-04-19 14:30:00+00:00,Primeira Liga,CD Nacional,Gil Vicente FC,1466.917345654226,1426.9562572050452,94.9610884491808,1.2,0.6,0.8,0.6,1.2,1.4,1.4,0.8,7.0,7.0,0
2025-04-19 14:30:00+00:00,Primeira Liga,AVS,Casa Pia AC,1431.625786306359,1492.9924391829225,-6.366652876563421,0.0,0.8,0.4,0.8,2.8,1.6,0.8,0.2,5.0,6.0,1
2025-04-19 15:00:00+00:00,Ligue 1,Paris Saint-Germain FC,Le Havre AC,1677.8242413863572,1433.5953370892078,299.2289042971495,2.4,1.4,3.0,1.8,1.2,2.4,2.4,2.0,3.0,5.0,2
2025-04-19 16:00:00+00:00,Serie A,AC Monza,SSC Napoli,1352.1520903365279,1619.9875305715898,-212.83544023506192,0.2,2.2,0.8,1.6,2.2,0.6,0.4,0.8,7.0,4.0,0
2025-04-19 16:30:00+00:00,Bundesliga,1. FC Union Berlin,VfB Stuttgart,1484.3168873175323,1490.6113509044571,48.70553641307515,2.2,0.8,1.2,2.0,0.6,1.8,1.0,1.6,7.0,6.0,1
2025-04-19 16:30:00+00:00,Primera Division,RCD Mallorca,CD Leganés,1490.563824364233,1443.397669470773,102.16615489345986,1.4,0.2,1.2,1.2,1.0,2.0,1.6,0.2,7.0,6.0,1
2025-04-19 16:30:00+00:00,Premier League,Aston Villa FC,Newcastle United FC,1577.790812430872,1570.942736707824,61.84807572304794,2.4,3.0,2.4,3.0,1.2,0.4,2.6,1.8,3.0,2.0,2
2025-04-19 17:00:00+00:00,Ligue 1,AS Monaco FC,RC Strasbourg Alsace,1559.3570922606373,1558.5756736053588,55.78141865527846,2.0,2.6,1.8,2.0,0.8,1.0,2.4,2.4,7.0,6.0,1
2025-04-19 17:00:00+00:00,Primeira Liga,FC Arouca,CF Estrela da Amadora,1469.0964640856564,1436.3128598053906,87.78360428026576,1.0,0.8,1.2,0.4,1.4,1.4,0.6,1.4,6.0,6.0,2
2025-04-19 17:00:00+00:00,Primeira Liga,GD Estoril Praia,Sporting Clube de Braga,1509.0781169179647,1596.968925038576,-32.890808120611155,1.0,2.6,1.4,1.8,1.6,0.6,2.0,1.6,7.0,6.0,0
2025-04-19 18:00:00+00:00,Eredivisie,SC Heerenveen,Almere City FC,1463.2036127374363,1414.3163527206216,103.88726001681471,0.8,1.0,1.2,1.0,1.8,1.8,1.8,0.8,7.0,7.0,2
2025-04-19 18:45:00+00:00,Serie A,AS Roma,Hellas Verona FC,1571.1850014350946,1447.9525918625684,178.2324095725262,2.2,1.2,1.0,0.6,0.4,0.6,2.2,1.4,6.0,6.0,2
2025-04-19 19:00:00+00:00,Primera Division,UD Las Palmas,Club Atlético de Madrid,1437.5260899251243,1596.2964487510708,-103.77035882594646,1.0,1.4,1.4,2.4,1.6,2.4,0.4,1.4,7.0,5.0,2
2025-04-19 19:05:00+00:00,Ligue 1,Olympique de Marseille,Montpellier HSC,1529.9269572943995,1371.9822610884012,212.9446962059983,0.6,0.0,1.0,0.0,2.4,2.0,2.4,0.0,7.0,6.0,2
2025-04-19 19:30:00+00:00,Primeira Liga,Vitória SC,Sport Lisboa e Benfica,1558.6089832433015,1610.8355473721801,2.7734358711213645,2.6,2.6,1.8,3.0,0.6,1.4,2.6,2.4,8.0,6.0,0
2025-04-20 10:15:00+00:00,Eredivisie,FC Utrecht,AFC Ajax,1576.9084071583836,1649.2351811397778,-17.326773981394126,2.0,2.6,2.0,2.0,1.2,0.8,1.8,3.0,7.0,6.0,2
2025-04-20 12:00:00+00:00,Primera Division,Real Valladolid CF,CA Osasuna,1355.3868971188977,1495.6445533778428,-85.25765625894519,0.0,1.0,0.8,0.8,2.6,1.4,0.2,0.6,5.0,7.0,0
2025-04-20 13:00:00+00:00,Serie A,Empoli FC,Venezia FC,1412.5112589204266,1430.6093686636268,36.90189025679979,0.4,1.2,0.2,0.6,1.2,0.6,0.4,0.6,5.0,8.0,1
2025-04-20 13:00:00+00:00,Ligue 1,Lille OSC,AJ Auxerre,1560.8612699196656,1494.6122851557425,121.24898476392309,1.2,2.0,1.0,1.2,1.2,0.8,1.8,1.6,7.0,6.0,2
2025-04-20 13:00:00+00:00,Premier League,Fulham FC,Chelsea FC,1524.3612623062872,1531.1998111393632,48.16145116692405,1.2,1.6,1.4,0.8,1.4,0.6,1.8,0.2,5.0,7.0,0
2025-04-20 13:00:00+00:00,Premier League,Manchester United FC,Wolverhampton Wanderers FC,1475.6118599164354,1475.9690423784014,54.64281753803402,1.0,2.6,1.0,2.0,1.2,1.0,1.0,1.8,6.0,7.0,0
2025-04-20 13:00:00+00:00,Premier League,Ipswich Town FC,Arsenal FC,1405.2422742639117,1648.8874061120248,-188.64513184811312,0.8,2.2,1.4,1.8,2.0,0.8,0.0,1.8,7.0,3.0,0
2025-04-20 13:30:00+00:00,Bundesliga,FC Augsburg,Eintracht Frankfurt,1530.4227727354012,1539.125020942404,46.29775179299713,2.0,1.8,1.2,1.6,1.0,1.0,1.6,1.0,8.0,6.0,1
2025-04-20 14:15:00+00:00,Primera Division,Villarreal CF,Real Sociedad de Fútbol,1545.2319826577511,1482.2745544039215,117.95742825382968,1.4,1.4,1.0,1.4,1.0,1.4,1.6,0.8,6.0,8.0,1
2025-04-20 15:15:00+00:00,Ligue 1,OGC Nice,Angers SCO,1542.7166354071296,1450.7172022384636,146.99943316866597,0.4,0.6,1.0,0.4,1.8,1.6,1.4,0.8,7.0,7.0,2
2025-04-20 15:15:00+00:00,Ligue 1,Stade Brestois 29,Racing Club de Lens,1517.1415635840017,1497.6883849477204,74.45317863628134,2.2,1.8,2.2,0.6,1.2,0.6,1.6,1.2,7.0,8.0,0
2025-04-20 15:15:00+00:00,Ligue 1,Stade de Reims,Toulouse FC,1445.1301013389939,1467.3464444872404,32.78365685175345,1.4,0.2,1.0,1.4,0.8,2.4,0.6,1.4,8.0,7.0,2
2025-04-20 15:30:00+00:00,Bundesliga,Borussia Dortmund,Borussia Mönchengladbach,1543.8314292132293,1516.7395155188096,82.09191369441965,2.0,1.4,2.4,1.6,1.8,1.6,2.0,2.6,4.0,8.0,2
2025-04-20 15:30:00+00:00,Premier League,Leicester City FC,Liverpool FC,1373.220460097416,1669.5208086120347,-241.3003485146187,0.2,1.8,0.4,1.8,2.2,2.0,0.0,1.6,8.0,7.0,0
2025-04-20 16:00:00+00:00,Serie A,Bologna FC 1909,FC Internazionale Milano,1564.4811350083726,1672.5692834169763,-53.08814840860373,2.0,2.2,1.8,2.2,0.8,1.4,2.6,2.2,7.0,3.0,2
2025-04-20 16:30:00+00:00,Primera Division,Sevilla FC,Deportivo Alavés,1472.973279347723,1452.911687404064,75.0615919436591,0.6,1.4,0.6,0.8,1.2,1.0,0.4,1.2,8.0,7.0,1
2025-04-20 17:30:00+00:00,Bundesliga,FC St. Pauli 1910,Bayer 04 Leverkusen,1446.6013487411003,1609.7135944042248,-108.11224566312444,1.6,2.0,1.4,1.6,1.2,1.2,1.0,2.4,8.0,8.0,1
2025-04-20 18:45:00+00:00,Serie A,AC Milan,Atalanta BC,1524.1626679362562,1558.7267451399405,20.435922796315708,2.0,1.2,2.4,1.2,1.4,0.8,1.6,1.8,9.0,7.0,0
2025-04-20 18:45:00+00:00,Ligue 1,AS Saint-Étienne,Olympique Lyonnais,1416.0696596370942,1566.7306676023193,-95.66100796522505,0.4,2.4,1.2,2.6,2.8,1.6,0.4,1.8,7.0,7.0,2
2025-04-20 19:00:00+00:00,Primera Division,Real Madrid CF,Athletic Club,1623.539395995438,1576.7686760533659,101.77071994207222,1.2,1.8,1.2,1.0,1.8,0.4,1.8,1.2,4.0,7.0,2
2025-04-21 14:00:00+00:00,Championship,Cardiff City FC,Oxford United FC,1452.5862689398461,1464.4377216606667,43.14854727917941,0.6,1.2,0.6,0.8,1.2,1.2,0.8,0.8,2.0,2.0,1
2025-04-21 14:00:00+00:00,Championship,West Bromwich Albion FC,Derby County FC,1513.4128091821474,1438.3125751742261,130.10023400792124,0.6,1.0,0.6,0.8,1.4,0.8,2.0,0.8,3.0,3.0,0
2025-04-21 14:00:00+00:00,Championship,Sunderland AFC,Blackburn Rovers FC,1555.2052694574156,1466.3436389357284,143.86163052168718,1.4,1.4,0.6,1.4,0.6,1.2,1.4,0.6,3.0,3.0,0
2025-04-21 14:00:00+00:00,Championship,Sheffield Wednesday FC,Middlesbrough FC,1461.7072340802674,1504.4225391112445,12.284694969022894,0.4,1.8,0.6,1.2,1.4,0.8,0.0,1.4,3.0,3.0,2
2025-04-21 14:00:00+00:00,Championship,Hull City AFC,Preston North End FC,1449.654725064083,1460.629926326784,44.02479873729908,0.8,0.4,0.4,1.0,0.8,1.8,1.6,0.2,3.0,3.0,2
2025-04-21 14:00:00+00:00,Championship,Portsmouth FC,Watford FC,1462.8855936471336,1468.3902144542544,49.49537919287923,1.4,0.8,1.8,0.8,1.6,1.2,2.0,0.8,3.0,3.0,2
2025-04-21 14:00:00+00:00,Championship,Queens Park Rangers FC,Swansea City AFC,1481.0297086225207,1500.150499099915,35.879209522605834,1.6,2.6,1.4,1.6,1.2,0.4,1.2,1.0,3.0,3.0,0
2025-04-21 14:00:00+00:00,Championship,Leeds United FC,Stoke City FC,1644.1153239257455,1469.446835426753,229.66848849899247,2.2,2.2,1.4,1.6,0.8,0.6,2.2,0.8,2.0,3.0,2
2025-04-21 14:00:00+00:00,Championship,Millwall FC,Norwich City FC,1521.2291497971983,1465.0251151573939,111.20403463980438,1.8,0.8,1.0,1.2,1.2,1.8,2.0,0.4,3.0,3.0,2
2025-04-21 14:00:00+00:00,Championship,Plymouth Argyle FC,Coventry City FC,1434.1154758764562,1550.7255839026661,-61.6101080262099,1.4,1.4,1.0,1.2,1.4,1.2,1.4,1.4,3.0,3.0,2
2025-04-21 14:00:00+00:00,Championship,Luton Town FC,Bristol City FC,1436.6469980016764,1564.8215659001605,-73.17456789848416,1.6,2.0,0.8,1.4,0.6,1.0,1.2,1.2,3.0,3.0,2
2025-04-21 16:30:00+00:00,Championship,Burnley FC,Sheffield United FC,1644.8939777000041,1589.8112505557124,110.08272714429177,2.6,1.2,1.4,1.2,0.6,1.0,2.6,1.8,3.0,3.0,2
2025-04-21 19:00:00+00:00,Primera Division,Girona FC,Real Betis Balompié,1418.5565426376786,1534.0991343408725,-60.54259170319392,0.4,2.0,0.8,1.6,1.8,1.2,1.0,2.0,8.0,8.0,0
2025-04-21 19:00:00+00:00,Premier League,Tottenham Hotspur FC,Nottingham Forest FC,1445.4635186013663,1547.2070482525976,-46.743529651231256,0.8,1.8,1.4,1.4,2.0,1.0,1.4,0.6,8.0,9.0,0
2025-04-22 17:00:00+00:00,Primera Division,Valencia CF,RCD Espanyol de Barcelona,1516.4060816537906,1485.6441830909316,85.76189856285896,2.2,2.0,1.2,1.8,0.6,0.6,2.4,1.8,3.0,3.0,1
2025-04-22 18:45:00+00:00,Ligue 1,FC Nantes,Paris Saint-Germain FC,1466.5820667171174,1680.8552298546922,-159.27316313757478,1.2,2.4,1.2,2.8,1.4,1.2,1.4,2.4,4.0,3.0,1
2025-04-22 19:00:00+00:00,Premier League,Manchester City FC,Aston Villa FC,1545.947270373633,1586.0292497087896,14.918020664843425,2.2,2.4,2.2,2.6,0.8,1.4,2.0,2.4,3.0,3.0,2
2025-04-22 19:30:00+00:00,Primera Division,FC Barcelona,RCD Mallorca,1656.958112574324,1484.3718375384583,227.5862750358658,2.0,1.4,2.2,1.0,1.4,0.8,2.6,1.0,3.0,3.0,2
2025-04-23 16:30:00+00:00,Serie A,Parma Calcio 1913,Juventus FC,1445.36129052883,1589.5445331261305,-89.18324259730048,1.0,1.4,1.0,0.8,1.0,1.8,1.0,1.4,10.0,10.0,2
2025-04-23 16:30:00+00:00,Serie A,Torino FC,Udinese Calcio,1498.6024651949378,1480.8210144718691,72.7814507230687,1.2,0.2,1.0,0.4,1.0,1.8,2.2,1.0,10.0,11.0,2
2025-04-23 16:30:00+00:00,Serie A,Genoa CFC,SS Lazio,1490.3141276911458,1539.6556792082513,5.658448482894528,1.6,1.2,0.8,0.8,0.6,1.6,2.6,2.0,10.0,9.0,0
2025-04-23 16:30:00+00:00,Serie A,Cagliari Calcio,ACF Fiorentina,1449.8480151977412,1536.7249436685086,-31.876928470767325,1.0,1.6,1.0,1.4,1.0,0.8,1.4,0.8,11.0,10.0,0
2025-04-23 17:00:00+00:00,Primera Division,Athletic Club,UD Las Palmas,1569.6168747034,1450.4270867408898,174.1897879625103,1.6,1.6,0.8,1.6,0.4,1.4,2.2,1.0,2.0,3.0,2
2025-04-23 17:00:00+00:00,Primera Division,RC Celta de Vigo,Villarreal CF,1498.7533622567341,1538.6282615804846,15.12510067624953,1.4,1.6,1.4,1.4,1.6,1.2,2.0,2.4,4.0,3.0,2
2025-04-23 18:00:00+00:00,Eredivisie,FC Groningen,Heracles Almelo,1464.0119313172454,1491.2794738633236,27.732457453921825,0.8,1.6,1.0,0.8,2.2,0.6,2.0,0.6,10.0,10.0,2
2025-04-23 19:00:00+00:00,Premier League,Arsenal FC,Crystal Palace FC,1653.9351203352994,1506.5994453804378,202.3356749548616,2.2,1.0,2.2,1.0,0.6,2.4,2.2,1.4,3.0,4.0,1
2025-04-23 19:30:00+00:00,Primera Division,Deportivo Alavés,Real Sociedad de Fútbol,1458.3724697998082,1488.878275481188,24.494194318620202,1.0,1.6,0.8,1.8,1.2,1.6,0.6,1.0,3.0,3.0,2
2025-04-23 19:30:00+00:00,Primera Division,Getafe CF,Real Madrid CF,1470.3497506793888,1630.691197345404,-105.34144666601514,1.2,1.2,1.6,0.8,1.4,1.4,0.8,1.8,5.0,3.0,0
2025-04-24 16:45:00+00:00,Eredivisie,AZ,NAC Breda,1531.4695953486544,1444.092749962298,142.3768453863563,0.6,0.8,1.4,1.0,1.8,1.4,1.4,0.2,11.0,11.0,1
2025-04-24 17:00:00+00:00,Primera Division,CA Osasuna,Sevilla FC,1503.2387382390498,1467.5124969519788,90.72624128707093,1.6,0.2,1.2,0.6,1.4,1.4,1.6,1.4,4.0,4.0,2
2025-04-24 17:00:00+00:00,Primera Division,CD Leganés,Girona FC,1449.5896562965477,1410.2816725520381,94.30798374450956,0.4,0.2,1.0,0.8,1.6,2.2,1.0,0.2,5.0,2.0,1
2025-04-24 19:00:00+00:00,Eredivisie,FC Twente '65,PSV,1535.4785359258617,1593.039026190897,-2.5604902650352415,1.0,2.0,1.2,2.6,2.0,1.0,2.0,1.4,11.0,12.0,0
2025-04-24 19:30:00+00:00,Primera Division,Club Atlético de Madrid,Rayo Vallecano de Madrid,1583.3954519353053,1485.2950885781804,153.10036335712493,1.4,1.0,1.8,1.2,1.8,2.0,1.4,1.2,5.0,5.0,2
2025-04-24 19:30:00+00:00,Primera Division,Real Betis Balompié,Real Valladolid CF,1542.374004426513,1347.7927122576907,249.5812921688223,2.0,0.0,2.0,1.0,1.4,2.8,2.4,0.0,3.0,4.0,2
2025-04-25 16:45:00+00:00,Eredivisie,RKC Waalwijk,FC Utrecht,1413.6651981746886,1587.4066987760998,-118.74150060141119,0.4,2.0,0.6,2.2,1.8,0.8,1.4,1.4,13.0,5.0,0
2025-04-25 18:30:00+00:00,Bundesliga,VfB Stuttgart,1. FC Heidenheim 1846,1495.3374307489128,1411.2483259647377,139.0891047841751,0.8,1.2,2.4,0.8,2.2,1.8,0.0,1.0,6.0,6.0,0
2025-04-25 18:45:00+00:00,Ligue 1,Paris Saint-Germain FC,OGC Nice,1679.9005663350679,1548.7212610522758,186.17930528279203,2.0,1.0,1.8,1.4,1.2,1.6,2.4,1.6,3.0,5.0,0
2025-04-25 19:00:00+00:00,Championship,Stoke City FC,Sheffield United FC,1465.2373802184218,1582.8777512332085,-62.64037101478675,1.6,0.6,1.0,0.8,1.6,1.2,2.2,1.2,4.0,4.0,0
2025-04-25 19:00:00+00:00,Eredivisie,Feyenoord Rotterdam,PEC Zwolle,1602.3106231437723,1475.456201310609,181.85442183316331,3.0,1.2,3.2,1.2,1.0,1.0,2.0,1.0,13.0,12.0,2
2025-04-25 19:30:00+00:00,Primeira Liga,FC Famalicão,Sporting Clube de Braga,1511.815356618858,1606.0250693820724,-39.209712763214384,1.8,2.6,2.2,2.0,1.4,0.6,2.6,1.6,7.0,6.0,1
2025-04-26 11:30:00+00:00,Championship,Luton Town FC,Coventry City FC,1448.722532894961,1538.970658701646,-35.24812580668504,1.6,1.4,1.2,1.2,0.8,1.2,1.6,0.8,4.0,4.0,2
2025-04-26 11:30:00+00:00,Championship,Queens Park Rangers FC,Burnley FC,1470.0006773682999,1651.827477022508,-126.82679965420812,1.6,2.6,1.4,1.6,1.0,0.8,0.6,2.6,4.0,4.0,0
2025-04-26 11:30:00+00:00,Premier League,Chelsea FC,Everton FC,1542.5771980451818,1492.4644399143483,105.11275813083353,1.6,1.0,1.0,0.6,0.8,1.0,2.6,1.6,5.0,6.0,2
2025-04-26 13:30:00+00:00,Bundesliga,TSG 1899 Hoffenheim,Borussia Dortmund,1448.174821762327,1551.5116438502473,-48.33682208792038,0.8,2.0,1.2,2.4,1.6,2.0,1.2,1.4,7.0,5.0,0
2025-04-26 13:30:00+00:00,Bundesliga,VfL Wolfsburg,SC Freiburg,1479.5907386068957,1531.1358355916507,3.4549030152450086,0.2,1.4,0.8,1.8,1.6,2.2,0.6,2.2,7.0,7.0,0
2025-04-26 13:30:00+00:00,Bundesliga,Holstein Kiel,Borussia Mönchengladbach,1408.1086026167536,1509.0593008817916,-45.950698265038,0.4,1.4,0.8,1.8,2.0,1.6,0.4,2.0,7.0,5.0,2
2025-04-26 13:30:00+00:00,Bundesliga,Bayer 04 Leverkusen,FC Augsburg,1610.0318978857838,1525.7647147955427,139.26718309024113,2.2,1.6,1.8,1.0,1.0,1.0,1.0,2.2,5.0,6.0,2
2025-04-26 13:30:00+00:00,Bundesliga,FC Bayern München,1. FSV Mainz 05,1654.0646319689345,1510.941050437608,198.1235815313264,1.6,0.6,2.4,1.2,1.4,2.0,1.4,1.8,7.0,7.0,2
2025-04-26 14:00:00+00:00,Premier League,Wolverhampton Wanderers FC,Leicester City FC,1487.5289486565591,1369.2292276073078,173.29972104925127,3.0,0.2,2.0,0.4,0.8,2.2,2.0,0.2,6.0,5.0,2
2025-04-26 14:00:00+00:00,Premier League,Brighton & Hove Albion FC,West Ham United FC,1509.0690449928086,1458.7431046537647,105.32594033904388,0.4,0.6,1.4,1.0,2.6,1.4,2.0,0.8,7.0,7.0,2
2025-04-26 14:00:00+00:00,Premier League,Newcastle United FC,Ipswich Town FC,1562.7042994299063,1400.194560040637,217.50973938926927,2.4,0.8,3.0,1.4,1.2,2.6,2.4,1.0,6.0,6.0,2
2025-04-26 14:00:00+00:00,Premier League,Southampton FC,Fulham FC,1351.181432813802,1512.9838754004686,-106.80244258666653,0.4,1.2,0.8,1.4,2.0,1.4,0.2,1.2,7.0,6.0,0
2025-04-26 14:00:00+00:00,Championship,Hull City AFC,Derby County FC,1458.3943280695332,1451.8914292842462,61.502898785287016,1.4,1.0,0.8,1.0,0.8,1.0,2.0,1.4,5.0,5.0,0
2025-04-26 14:00:00+00:00,Championship,Sheffield Wednesday FC,Portsmouth FC,1471.3537994123797,1471.4705616992774,54.88323771310229,0.8,1.4,0.8,1.8,1.4,1.6,0.6,0.6,5.0,5.0,1
2025-04-26 14:00:00+00:00,Championship,Preston North End FC,Plymouth Argyle FC,1451.8903233213339,1445.8704010774763,61.019922243857536,0.4,1.8,1.2,1.6,1.8,1.6,1.2,0.8,5.0,5.0,0
2025-04-26 14:00:00+00:00,Championship,Oxford United FC,Sunderland AFC,1469.0066242583769,1541.286064383206,-17.27944012482908,1.4,0.8,0.8,0.4,1.0,0.8,1.2,1.4,5.0,5.0,2
2025-04-26 14:00:00+00:00,Championship,Millwall FC,Swansea City AFC,1528.133439150799,1511.1795303541357,71.9539087966632,2.4,3.0,1.6,1.6,1.2,0.2,2.4,1.6,5.0,5.0,2
2025-04-26 14:00:00+00:00,Championship,Middlesbrough FC,Norwich City FC,1494.7759737791323,1458.1208258037932,91.6551479753391,1.2,0.2,1.0,1.2,1.0,2.4,2.4,0.2,5.0,5.0,1
2025-04-26 14:00:00+00:00,Championship,Blackburn Rovers FC,Watford FC,1480.2628440099381,1459.8052464021107,75.45759760782744,2.0,0.6,1.6,0.8,1.0,1.4,1.0,0.2,5.0,5.0,2
2025-04-26 14:00:00+00:00,Championship,Cardiff City FC,West Bromwich Albion FC,1448.017366342136,1499.8339550721273,3.183411270008719,0.6,0.6,0.6,0.8,1.2,1.8,0.4,0.4,5.0,5.0,1
2025-04-26 14:30:00+00:00,Primeira Liga,CD Santa Clara,FC Arouca,1513.675902834753,1476.6222751045618,92.05362773019124,1.4,1.0,0.6,1.2,0.8,1.4,1.4,1.6,8.0,6.0,2
2025-04-26 15:00:00+00:00,Ligue 1,RC Strasbourg Alsace,AS Saint-Étienne,1563.5008709067672,1428.7554755675906,189.74539533917664,2.2,1.0,1.8,1.4,1.0,2.4,2.2,0.4,6.0,5.0,2
2025-04-26 16:30:00+00:00,Bundesliga,Eintracht Frankfurt,RB Leipzig,1543.7830788822625,1504.7774611286327,94.00561775362985,2.0,2.0,1.4,1.8,0.6,1.0,1.8,1.2,6.0,7.0,2
2025-04-26 17:00:00+00:00,Primeira Liga,Gil Vicente FC,SC Farense,1439.6233709417093,1424.4871950587665,70.13617588294278,1.2,0.8,1.2,0.6,1.2,1.0,0.0,1.0,7.0,8.0,2
2025-04-26 17:00:00+00:00,Ligue 1,Le Havre AC,AS Monaco FC,1430.5643486208728,1554.4318949592289,-68.86754633835608,1.2,2.0,1.8,1.6,2.6,0.6,0.8,1.0,7.0,7.0,1
2025-04-26 19:05:00+00:00,Ligue 1,Olympique Lyonnais,Stade Rennais FC 1901,1554.044851671823,1479.703297586875,129.34155408494803,1.8,1.8,2.4,2.0,2.0,0.8,2.4,2.4,6.0,8.0,2
2025-04-26 19:30:00+00:00,Primeira Liga,CF Estrela da Amadora,FC Porto,1428.7870487864852,1583.2263782541618,-99.43932946767654,0.6,2.4,0.2,1.6,1.4,1.2,0.4,2.4,7.0,8.0,2
2025-04-27 10:15:00+00:00,Eredivisie,Fortuna Sittard,Willem II Tilburg,1474.9056507771104,1407.3226613655359,122.58298941157454,0.8,0.0,0.4,0.8,1.4,2.2,0.6,0.2,14.0,13.0,2
2025-04-27 10:30:00+00:00,Serie A,Como 1907,Genoa CFC,1482.1368560351918,1480.1512788500586,56.98557718513325,2.0,1.4,1.8,0.6,0.8,0.8,1.6,0.6,7.0,3.0,2
2025-04-27 10:30:00+00:00,Serie A,Venezia FC,AC Milan,1435.0008477760468,1513.575152185168,-23.57430440912117,1.2,1.4,0.8,1.8,0.8,1.2,1.0,1.2,6.0,6.0,0
2025-04-27 12:30:00+00:00,Eredivisie,SC Heerenveen,NEC,1470.2995347005192,1459.2976815636962,66.001853136823,1.4,1.4,1.4,1.6,1.6,1.8,2.2,0.8,7.0,15.0,2
2025-04-27 12:30:00+00:00,Eredivisie,AFC Ajax,Sparta Rotterdam,1638.7368895220616,1479.7434120821915,213.99347743987005,2.0,2.2,1.8,2.0,1.6,0.6,2.6,1.4,7.0,14.0,1
2025-04-27 13:00:00+00:00,Serie A,ACF Fiorentina,Empoli FC,1545.81001773019,1408.1197798080066,192.69023792218354,2.2,0.6,1.6,0.6,0.6,1.4,2.0,0.4,3.0,7.0,2
2025-04-27 13:00:00+00:00,Premier League,AFC Bournemouth,Manchester United FC,1528.3069363592135,1464.0519536382776,119.25498272093591,1.0,0.8,1.0,0.8,1.2,1.2,0.6,0.8,7.0,7.0,1
2025-04-27 13:00:00+00:00,Ligue 1,Angers SCO,Lille OSC,1444.7125765933174,1567.5065401134477,-67.79396352013032,0.6,1.8,0.6,1.4,1.6,1.0,0.6,0.8,6.0,7.0,0
2025-04-27 13:00:00+00:00,Serie A,FC Internazionale Milano,AS Roma,1661.053065485164,1576.4622536275676,139.59081185759646,1.6,2.2,1.8,1.0,1.4,0.4,2.6,2.6,6.0,7.0,0
2025-04-27 13:30:00+00:00,Bundesliga,VfL Bochum 1848,1. FC Union Berlin,1393.419211009984,1479.5908074730767,-31.171596463092555,0.0,1.8,0.6,1.6,2.6,1.2,0.6,2.0,8.0,7.0,1
2025-04-27 14:15:00+00:00,Primera Division,Villarreal CF,RCD Espanyol de Barcelona,1529.063322169257,1491.3970000213747,92.66632214788228,1.6,2.2,1.2,1.8,1.4,0.4,1.2,2.0,3.0,4.0,2
2025-04-27 14:30:00+00:00,Primeira Liga,Moreirense FC,CD Nacional,1458.4188516489985,1454.250231917562,59.16861973143659,1.4,1.2,1.0,0.8,1.4,1.2,1.6,1.2,8.0,8.0,1
2025-04-27 14:45:00+00:00,Eredivisie,Almere City FC,Go Ahead Eagles,1407.2204307575387,1532.9682185875813,-70.74778783004263,1.0,1.6,1.2,1.8,2.0,1.6,0.4,0.8,7.0,14.0,1
2025-04-27 15:15:00+00:00,Ligue 1,FC Nantes,Toulouse FC,1467.5367302367417,1458.287243468212,64.24948676852978,1.4,0.0,1.4,1.2,1.4,2.4,1.4,1.2,4.0,7.0,1
2025-04-27 15:15:00+00:00,Ligue 1,Racing Club de Lens,AJ Auxerre,1509.7991088329672,1487.9670149619603,76.83209387100692,1.8,1.4,1.0,1.0,0.8,1.4,1.2,1.6,7.0,7.0,0
2025-04-27 15:15:00+00:00,Ligue 1,Montpellier HSC,Stade de Reims,1367.4439425006537,1454.1893023580224,-31.745359857368612,0.0,2.0,0.2,1.2,2.2,0.4,0.6,0.8,7.0,7.0,1
2025-04-27 15:30:00+00:00,Bundesliga,SV Werder Bremen,FC St. Pauli 1910,1511.947446454731,1446.2830452595413,120.66440119518984,2.4,1.6,2.0,1.4,1.0,1.2,1.2,0.8,8.0,6.0,1
2025-04-27 15:30:00+00:00,Premier League,Liverpool FC,Tottenham Hotspur FC,1673.5120411021428,1436.8008464148024,291.71119468734037,1.8,0.6,1.4,1.2,1.8,2.0,2.4,1.2,7.0,5.0,2
2025-04-27 16:00:00+00:00,Serie A,Juventus FC,AC Monza,1577.032563258003,1347.6115647750432,284.4209984829597,1.4,0.2,0.8,0.4,1.2,1.8,2.4,0.0,3.0,8.0,2
2025-04-27 17:00:00+00:00,Primeira Liga,Sport Lisboa e Benfica,AVS,1620.91537157784,1428.4756794647337,247.43969211310628,2.6,0.2,3.0,0.6,1.0,2.8,2.0,0.8,7.0,8.0,2
2025-04-27 17:00:00+00:00,Primeira Liga,Vitória SC,Rio Ave FC,1548.5291590376416,1454.6261031209467,148.90305591669494,2.0,0.8,1.4,1.2,1.0,1.6,2.0,0.8,7.0,9.0,2
2025-04-27 18:45:00+00:00,Serie A,SSC Napoli,Torino FC,1624.5280561330744,1506.537760237218,172.99029589585643,2.2,1.6,1.4,1.0,0.4,0.6,2.2,1.0,8.0,4.0,2
2025-04-27 18:45:00+00:00,Serie A,Atalanta BC,US Lecce,1569.3142608910287,1393.547854049295,230.76640684173367,1.2,0.2,0.6,0.6,0.8,1.8,0.8,0.8,7.0,8.0,1
2025-04-27 18:45:00+00:00,Ligue 1,Olympique de Marseille,Stade Brestois 29,1534.465275882147,1505.0308396987548,84.43443618339211,1.2,1.6,2.0,2.0,2.4,1.8,2.4,1.0,7.0,7.0,2
2025-04-27 19:30:00+00:00,Primeira Liga,Boavista FC,Sporting Clube de Portugal,1398.650440580213,1617.7876161960135,-164.13717561580052,1.2,2.6,0.8,2.2,1.0,0.6,0.6,2.2,9.0,9.0,0
2025-04-28 16:30:00+00:00,Serie A,Udinese Calcio,Bologna FC 1909,1472.885719429589,1575.9973529401848,-48.111633510595766,0.0,2.0,0.2,1.6,2.0,0.6,1.8,1.4,5.0,8.0,1
2025-04-28 18:45:00+00:00,Serie A,SS Lazio,Parma Calcio 1913,1549.8185280493385,1457.8732603969577,146.94526765238083,1.6,1.4,1.0,0.8,1.4,0.6,1.4,0.6,5.0,5.0,1
2025-04-28 18:45:00+00:00,Serie A,Hellas Verona FC,Cagliari Calcio,1442.6753396700954,1440.7629411360597,56.912398534035674,1.2,0.8,0.4,1.0,0.4,1.2,1.0,0.4,9.0,5.0,0
2025-04-28 19:00:00+00:00,Championship,Leeds United FC,Bristol City FC,1648.3247791340768,1552.746031006876,150.57874812720092,2.6,2.0,2.2,1.6,0.4,1.4,2.2,1.0,7.0,7.0,2
2025-04-29 19:00:00+00:00,UEFA Champions League,Arsenal FC,Paris Saint-Germain FC,1645.3579364700063,1665.0020347558993,35.35590171410695,2.2,1.4,2.4,1.8,0.8,1.8,2.2,2.0,6.0,4.0,0
2025-04-29 19:30:00+00:00,Primeira Liga,Casa Pia AC,GD Estoril Praia,1496.1425460245478,1500.0219725744682,51.12057345007952,1.0,0.8,0.8,1.0,1.2,1.6,1.8,1.0,10.0,10.0,0
2025-04-30 19:00:00+00:00,UEFA Champions League,FC Barcelona,FC Internazionale Milano,1661.2075418652885,1647.2384014898018,68.96914037548663,2.4,1.4,2.2,1.4,1.2,1.2,2.6,2.0,7.0,3.0,1
2025-05-01 18:30:00+00:00,Premier League,Nottingham Forest FC,Brentford FC,1555.8697204391615,1506.9559398410727,103.9137805980888,1.8,1.6,1.6,1.6,1.2,1.2,2.0,2.0,9.0,12.0,0
2025-05-02 18:30:00+00:00,Bundesliga,1. FC Heidenheim 1846,VfL Bochum 1848,1425.050644179829,1390.9806687539647,89.06997542586441,1.2,0.2,0.4,0.6,1.6,2.2,0.6,1.0,7.0,5.0,1
2025-05-02 18:45:00+00:00,Ligue 1,OGC Nice,Stade de Reims,1563.6197926314444,1456.6114650327502,162.00832759869422,1.4,2.0,1.8,1.2,1.6,0.4,1.4,1.0,7.0,5.0,2
2025-05-02 18:45:00+00:00,Serie A,Torino FC,Venezia FC,1501.1424484212278,1425.6783314220208,130.4641169992069,1.0,1.0,0.8,0.8,1.0,1.2,2.2,0.8,5.0,5.0,1
2025-05-02 19:00:00+00:00,Primera Division,Rayo Vallecano de Madrid,Getafe CF,1479.4369878860389,1463.2921069218341,71.14488096420473,0.8,0.6,0.8,1.2,2.2,1.4,0.6,1.8,7.0,8.0,2
2025-05-02 19:00:00+00:00,Premier League,Manchester City FC,Wolverhampton Wanderers FC,1555.5181588988526,1492.9172457261323,117.60091317272031,2.6,3.0,2.2,2.2,0.6,0.6,2.0,2.4,10.0,6.0,2
2025-05-02 19:15:00+00:00,Primeira Liga,FC Porto,Moreirense FC,1570.4399560190566,1453.3987835667517,172.04117245230486,1.8,1.0,1.2,1.0,1.6,1.6,1.6,0.8,5.0,5.0,2
2025-05-03 11:30:00+00:00,Championship,Sheffield United FC,Blackburn Rovers FC,1591.0941009650671,1488.1245155072488,157.9695854578183,1.2,2.6,1.2,2.0,1.0,0.8,2.0,1.2,7.0,6.0,1
2025-05-03 11:30:00+00:00,Championship,West Bromwich Albion FC,Luton Town FC,1503.2589117831417,1459.733589099794,98.52532268334767,0.8,2.0,0.8,1.2,1.6,0.6,1.4,2.0,6.0,7.0,2
2025-05-03 11:30:00+00:00,Championship,Watford FC,Sheffield Wednesday FC,1451.9435749048,1466.4538090629812,40.48976584181878,0.6,1.0,0.8,1.0,1.4,1.4,1.4,1.6,6.0,6.0,1
2025-05-03 11:30:00+00:00,Premier League,Aston Villa FC,Fulham FC,1576.45836118357,1520.003156541814,111.45520464175615,1.8,1.2,2.4,1.4,1.6,1.6,3.0,1.2,10.0,6.0,2
2025-05-03 11:30:00+00:00,Championship,Derby County FC,Stoke City FC,1463.643363626554,1457.0210304865632,61.622333139990815,1.6,1.4,1.2,0.8,0.8,1.8,2.0,0.8,6.0,7.0,1
2025-05-03 11:30:00+00:00,Championship,Swansea City AFC,Oxford United FC,1503.2214209512424,1479.5035568716792,78.71786407956324,2.4,1.4,1.4,1.0,0.4,1.0,2.4,1.0,6.0,6.0,1
2025-05-03 11:30:00+00:00,Championship,Bristol City FC,Preston North End FC,1546.827623145181,1440.1518667696612,161.67575637551977,1.4,0.2,1.2,1.2,2.0,2.0,2.6,0.2,4.0,6.0,1
2025-05-03 11:30:00+00:00,Championship,Burnley FC,Millwall FC,1658.331047915354,1536.0915485536923,177.23949936166173,2.6,2.4,2.2,1.4,0.6,1.0,2.6,1.2,7.0,6.0,2
2025-05-03 11:30:00+00:00,Championship,Sunderland AFC,Queens Park Rangers FC,1530.7891317699036,1463.4971064754538,122.29202529444979,0.2,1.4,0.2,1.4,1.2,2.0,1.4,1.2,6.0,7.0,0
2025-05-03 11:30:00+00:00,Championship,Coventry City FC,Middlesbrough FC,1527.959602496813,1488.8641328406347,94.09546965617824,1.4,0.8,1.0,0.6,1.0,1.0,2.4,0.8,7.0,6.0,2
2025-05-03 11:30:00+00:00,Championship,Portsmouth FC,Hull City AFC,1476.3705520486758,1446.6423937272255,84.72815832145034,1.6,0.8,1.8,0.6,1.4,1.0,2.0,1.0,6.0,6.0,1
2025-05-03 11:30:00+00:00,Championship,Plymouth Argyle FC,Leeds United FC,1457.608857629149,1654.2431869957718,-141.63432936662275,1.8,3.0,1.6,2.8,1.6,0.2,1.8,1.6,6.0,4.0,0
2025-05-03 11:30:00+00:00,Championship,Norwich City FC,Cardiff City FC,1464.0326667422908,1444.5924096311217,74.4402571111691,0.4,0.6,1.0,0.6,2.0,1.2,1.0,1.0,6.0,6.0,2
2025-05-03 12:00:00+00:00,Primera Division,Deportivo Alavés,Club Atlético de Madrid,1467.6686359052535,1589.2535526274469,-66.58491672219338,1.4,2.0,0.6,2.0,0.8,1.0,1.2,0.8,9.0,8.0,1
2025-05-03 13:00:00+00:00,Serie A,Cagliari Calcio,Udinese Calcio,1452.386515894373,1470.9283663101478,36.45814958422511,1.4,0.2,1.4,0.2,1.0,1.8,1.4,0.8,4.0,4.0,0
2025-05-03 13:00:00+00:00,Serie A,Parma Calcio 1913,Como 1907,1465.2006578595049,1490.511230616813,29.689427242691863,1.4,2.6,1.0,1.8,0.8,0.4,1.6,1.8,4.0,6.0,0
2025-05-03 13:30:00+00:00,Bundesliga,1. FC Union Berlin,SV Werder Bremen,1482.029349729096,1505.2743238056446,31.755025923451512,1.8,2.6,1.6,1.6,1.2,0.2,1.0,1.8,6.0,5.0,1
2025-05-03 13:30:00+00:00,Bundesliga,FC St. Pauli 1910,VfB Stuttgart,1452.9561679086278,1481.5351125338213,26.42105537480643,1.2,0.8,1.2,1.8,1.2,1.6,1.0,1.2,5.0,7.0,0
2025-05-03 13:30:00+00:00,Bundesliga,RB Leipzig,FC Bayern München,1497.4190117806993,1658.909236403558,-106.4902246228587,1.4,1.6,1.4,2.4,1.8,1.2,1.6,2.2,6.0,7.0,1
2025-05-03 13:30:00+00:00,Bundesliga,Borussia Mönchengladbach,TSG 1899 Hoffenheim,1497.744391277738,1439.5571601418947,113.18723113584338,0.8,0.8,1.6,1.6,2.0,2.0,0.8,1.2,7.0,7.0,1
2025-05-03 14:00:00+00:00,Premier League,Leicester City FC,Southampton FC,1363.8409305377347,1344.1621516724567,74.67877886527799,0.2,0.4,0.4,0.8,2.2,2.0,0.0,0.8,7.0,7.0,2
2025-05-03 14:00:00+00:00,Premier League,Everton FC,Ipswich Town FC,1485.4007826579325,1395.747777469045,144.6530051888874,0.8,0.8,0.4,1.0,1.0,2.4,0.8,0.8,7.0,7.0,1
2025-05-03 14:15:00+00:00,Primera Division,Villarreal CF,CA Osasuna,1536.4576661155866,1510.6852062736577,80.77245984192882,1.6,2.2,1.0,1.4,1.2,0.8,1.2,1.0,6.0,8.0,2
2025-05-03 14:30:00+00:00,Primeira Liga,CD Nacional,Vitória SC,1459.2702999998087,1554.4878412928936,-40.21754129308488,0.8,2.0,0.4,1.6,1.2,1.0,1.4,1.8,6.0,5.0,0
2025-05-03 14:30:00+00:00,Eredivisie,NEC,Willem II Tilburg,1451.1748407265666,1400.711421772781,105.46341895378555,1.4,0.0,1.2,0.4,1.4,1.8,1.2,0.2,6.0,6.0,1
2025-05-03 14:30:00+00:00,Primeira Liga,SC Farense,FC Famalicão,1416.4788952638369,1509.6058027022752,-38.126907438438366,0.8,2.0,0.6,2.2,1.0,1.0,0.2,1.2,6.0,7.0,2
2025-05-03 15:00:00+00:00,Ligue 1,RC Strasbourg Alsace,Paris Saint-Germain FC,1568.5247211578655,1676.0161611941865,-52.49144003632091,2.2,1.4,2.0,1.4,1.0,1.6,2.2,2.0,7.0,3.0,2
2025-05-03 16:00:00+00:00,Serie A,US Lecce,SSC Napoli,1402.692698548812,1629.9233679490646,-172.23066940025274,0.4,2.6,0.6,1.8,1.6,0.4,0.2,1.2,5.0,5.0,0
2025-05-03 16:30:00+00:00,Bundesliga,Borussia Dortmund,VfL Wolfsburg,1560.1293054706796,1469.4913017821646,145.63800368851503,2.0,0.2,2.2,0.8,2.2,1.6,2.0,1.4,7.0,7.0,2
2025-05-03 16:30:00+00:00,Primera Division,UD Las Palmas,Valencia CF,1445.0589355858724,1510.6532647233475,-10.594329137475142,1.4,2.2,1.2,1.2,1.2,0.6,0.8,1.4,9.0,10.0,0
2025-05-03 16:30:00+00:00,Premier League,Arsenal FC,AFC Bournemouth,1634.3438100317192,1521.6699038868035,167.6739061449157,1.6,1.2,1.8,1.0,1.0,1.0,1.6,1.2,3.0,6.0,0
2025-05-03 16:45:00+00:00,Eredivisie,Heracles Almelo,Feyenoord Rotterdam,1482.075987261637,1607.5072774412515,-70.4312901796145,1.6,3.0,1.0,2.8,1.2,0.6,2.6,2.0,9.0,7.0,0
2025-05-03 17:00:00+00:00,Primeira Liga,Sporting Clube de Braga,CD Santa Clara,1608.2346232986552,1521.0866917811843,142.14793151747085,2.2,1.4,2.0,0.8,0.8,0.8,3.0,1.0,7.0,7.0,1
2025-05-03 17:00:00+00:00,Ligue 1,Toulouse FC,Stade Rennais FC 1901,1463.44903037273,1473.2630971425747,45.18593323015534,0.2,1.8,1.0,2.2,2.0,1.4,0.4,1.8,6.0,6.0,2
2025-05-03 18:00:00+00:00,Eredivisie,FC Groningen,RKC Waalwijk,1473.215417918932,1406.9557247538091,121.25969316512283,0.8,0.4,1.6,0.6,2.4,2.0,2.0,0.8,10.0,8.0,2
2025-05-03 18:45:00+00:00,Serie A,FC Internazionale Milano,Hellas Verona FC,1652.5311560433765,1431.0517649117821,276.4793911315944,1.0,0.6,1.6,0.2,1.6,0.8,2.0,0.8,2.0,5.0,2
2025-05-03 19:00:00+00:00,Primera Division,Real Valladolid CF,FC Barcelona,1343.9515911841427,1655.9147873117138,-256.9631961275711,0.0,2.0,1.2,2.0,3.6,1.8,0.2,2.4,8.0,3.0,0
2025-05-03 19:00:00+00:00,Eredivisie,PSV,Fortuna Sittard,1602.9653306911434,1481.5168903698652,176.4484403212782,2.4,0.8,2.8,0.4,0.8,1.4,1.8,1.0,9.0,6.0,2
2025-05-03 19:05:00+00:00,Ligue 1,AS Saint-Étienne,AS Monaco FC,1423.7316253164922,1555.8086190784672,-77.07699376197502,0.8,1.6,1.4,1.4,2.8,0.8,1.0,1.0,7.0,7.0,0
2025-05-03 19:30:00+00:00,Primeira Liga,GD Estoril Praia,Sport Lisboa e Benfica,1511.4828140972913,1624.7948969327483,-58.31208283545698,1.2,2.6,1.4,3.6,1.6,1.0,1.4,2.4,4.0,6.0,0
2025-05-04 10:15:00+00:00,Eredivisie,NAC Breda,PEC Zwolle,1451.3090566072472,1470.2595470131298,36.04950959411735,0.8,1.2,1.0,1.2,1.4,1.6,1.0,0.4,9.0,8.0,0
2025-05-04 10:30:00+00:00,Serie A,Empoli FC,SS Lazio,1403.1594314093436,1542.4911305867913,-84.33169917744772,0.6,1.8,0.8,1.4,1.6,0.8,0.4,2.0,6.0,5.0,0
2025-05-04 12:00:00+00:00,Primera Division,Real Madrid CF,RC Celta de Vigo,1637.7488411029585,1508.3183016679618,184.43053943499672,1.8,1.4,0.8,1.8,1.0,1.6,1.8,1.6,10.0,10.0,2
2025-05-04 12:30:00+00:00,Eredivisie,Sparta Rotterdam,FC Twente '65,1488.5595736721325,1525.5522314256152,18.007342246517283,2.2,0.4,2.0,1.2,0.6,2.6,2.6,0.8,7.0,9.0,0
2025-05-04 12:30:00+00:00,Eredivisie,Go Ahead Eagles,AZ,1534.292952363649,1524.2532887037053,65.0396636599437,1.2,0.6,1.2,1.2,1.2,1.6,2.2,1.0,6.0,9.0,0
2025-05-04 13:00:00+00:00,Premier League,Brighton & Hove Albion FC,Newcastle United FC,1516.1270964247483,1567.1510820014983,3.976014423250035,0.8,2.4,1.6,3.2,2.6,1.0,2.0,1.2,7.0,7.0,1
2025-05-04 13:00:00+00:00,Premier League,Brentford FC,Manchester United FC,1519.8607168099884,1470.6889861106877,104.17173069930072,1.6,0.4,1.6,0.4,1.0,1.4,1.0,1.0,2.0,7.0,2
2025-05-04 13:00:00+00:00,Ligue 1,FC Nantes,Angers SCO,1462.3749433322237,1436.6394506852148,80.73549264700887,1.0,0.6,1.2,0.6,1.4,1.6,1.6,0.8,6.0,7.0,0
2025-05-04 13:00:00+00:00,Serie A,AC Monza,Atalanta BC,1344.354796921591,1560.1694163915117,-160.81461946992067,0.0,1.4,0.2,0.8,2.0,0.6,0.4,1.8,6.0,6.0,0
2025-05-04 13:00:00+00:00,Premier League,West Ham United FC,Tottenham Hotspur FC,1451.685053221825,1433.656883031525,73.02817019029999,0.4,0.6,1.2,1.4,1.8,2.6,1.0,0.6,7.0,6.0,1
2025-05-04 13:30:00+00:00,Bundesliga,FC Augsburg,Holstein Kiel,1519.571416635269,1419.4235122208072,155.1479044144619,1.0,1.0,0.8,1.4,1.4,2.0,1.2,1.0,8.0,8.0,0
2025-05-04 14:15:00+00:00,Primera Division,Sevilla FC,CD Leganés,1460.0660289173709,1443.606678643635,71.45935027373594,0.2,0.6,0.6,0.8,1.4,1.2,0.4,0.2,9.0,9.0,1
2025-05-04 15:15:00+00:00,Ligue 1,AJ Auxerre,Le Havre AC,1500.143063626331,1429.1876245016344,125.95543912469657,1.8,1.4,1.6,1.6,1.2,2.0,1.4,1.8,7.0,7.0,0
2025-05-04 15:15:00+00:00,Ligue 1,Stade Brestois 29,Montpellier HSC,1497.4143193752197,1365.021779825926,187.39253954929382,1.4,0.2,2.2,0.2,2.6,2.0,1.6,0.0,6.0,7.0,2
2025-05-04 15:15:00+00:00,Ligue 1,Olympique Lyonnais,Racing Club de Lens,1560.4850521161231,1497.6230601685966,117.86199194752658,1.8,1.2,2.4,0.8,1.8,1.6,2.4,1.2,7.0,7.0,0
2025-05-04 15:30:00+00:00,Premier League,Chelsea FC,Liverpool FC,1549.6408553015976,1676.6560044854202,-72.01514918382259,2.2,2.4,1.2,2.2,0.6,1.0,2.6,2.0,8.0,7.0,2
2025-05-04 15:30:00+00:00,Bundesliga,SC Freiburg,Bayer 04 Leverkusen,1541.2352724163818,1616.2251960460574,-19.98992362967556,1.8,2.2,1.6,1.4,1.8,0.4,1.4,2.0,8.0,8.0,1
2025-05-04 16:00:00+00:00,Serie A,AS Roma,ACF Fiorentina,1590.27691762293,1550.770366128853,94.5065514940768,2.2,2.2,1.0,1.4,0.4,0.8,2.6,0.8,7.0,7.0,2
2025-05-04 16:30:00+00:00,Primera Division,RCD Espanyol de Barcelona,Real Betis Balompié,1484.002656075045,1546.215125500061,-7.212469425016025,2.0,2.0,1.6,2.4,0.4,1.2,1.8,2.0,7.0,9.0,0
2025-05-04 17:00:00+00:00,Primeira Liga,FC Arouca,Casa Pia AC,1469.2114861581306,1484.6817045017247,39.52978165640593,0.8,1.0,1.0,0.8,1.6,1.2,1.0,0.4,8.0,4.0,1
2025-05-04 17:30:00+00:00,Bundesliga,1. FSV Mainz 05,Eintracht Frankfurt,1506.0964460029845,1551.141528230196,9.954917772788576,0.4,2.0,0.8,1.6,2.2,0.4,1.4,1.0,8.0,8.0,1
2025-05-04 18:45:00+00:00,Serie A,Bologna FC 1909,Juventus FC,1577.954706059626,1580.289331111455,52.66537494817089,1.6,2.0,0.6,1.2,0.6,0.6,2.6,0.8,6.0,7.0,1
2025-05-04 18:45:00+00:00,Ligue 1,Lille OSC,Olympique de Marseille,1575.5796660215503,1542.081796205682,88.4978698158684,2.4,1.8,1.8,2.6,0.8,2.0,2.4,0.6,7.0,7.0,1
2025-05-04 19:00:00+00:00,Primera Division,Real Sociedad de Fútbol,Athletic Club,1479.5821093757427,1574.9850258584174,-40.402916482674755,1.4,1.6,1.4,0.8,1.4,0.4,1.8,1.0,10.0,11.0,1
2025-05-04 19:30:00+00:00,Primeira Liga,Sporting Clube de Portugal,Gil Vicente FC,1623.386052213462,1447.6316707366389,230.75438147682326,2.6,1.8,2.6,1.4,0.4,0.6,2.2,1.4,7.0,8.0,2
2025-05-05 18:30:00+00:00,Primeira Liga,Rio Ave FC,CF Estrela da Amadora,1448.6674208656948,1441.5734710215904,62.09394984410437,0.8,1.2,0.8,0.6,1.6,1.0,1.0,1.4,8.0,8.0,2
2025-05-05 18:45:00+00:00,Serie A,Genoa CFC,AC Milan,1471.7769042684374,1522.897668539194,3.879235729243419,0.8,1.4,0.2,1.8,0.8,1.0,2.0,1.8,8.0,8.0,0
2025-05-05 19:00:00+00:00,Premier League,Crystal Palace FC,Nottingham Forest FC,1515.176629245731,1542.9649434702458,27.211685775485194,1.0,1.2,1.2,0.8,2.6,1.2,2.0,1.2,12.0,4.0,1
2025-05-05 19:00:00+00:00,Primera Division,Girona FC,RCD Mallorca,1416.2646502049508,1480.122408247494,-8.857758042543082,0.2,0.8,0.8,0.6,2.2,0.8,0.4,1.0,11.0,12.0,2
2025-05-05 19:15:00+00:00,Primeira Liga,AVS,Boavista FC,1424.5961541098254,1393.0520045627643,86.54414954706112,0.2,1.2,0.6,0.8,3.6,1.8,0.4,1.2,8.0,7.0,0
2025-05-06 19:00:00+00:00,UEFA Champions League,FC Internazionale Milano,FC Barcelona,1655.9144935357651,1659.62575584587,51.28873768989524,1.0,2.0,1.2,2.2,1.4,2.0,2.0,2.4,3.0,3.0,2
2025-05-07 19:00:00+00:00,UEFA Champions League,Paris Saint-Germain FC,Arsenal FC,1664.5167274332307,1619.860541249425,99.65618618380563,1.4,1.4,1.2,1.8,1.4,1.2,2.4,2.2,4.0,4.0,2
2025-05-08 19:00:00+00:00,Championship,Bristol City FC,Sheffield United FC,1539.1500234725836,1583.5034411928953,10.646582279688346,1.0,1.4,1.2,1.4,2.2,1.0,2.6,1.2,5.0,5.0,0
2025-05-09 18:00:00+00:00,Eredivisie,Willem II Tilburg,Heracles Almelo,1406.9903177292026,1474.0758432084606,-12.085525479257967,0.2,1.4,0.6,1.0,1.8,1.8,0.0,0.4,6.0,6.0,0
2025-05-09 18:30:00+00:00,Bundesliga,VfL Wolfsburg,TSG 1899 Hoffenheim,1463.4536947023898,1446.0377231953778,72.41597150701205,0.2,0.8,0.8,2.2,2.2,2.6,0.4,0.8,6.0,6.0,1
2025-05-09 18:45:00+00:00,Serie A,AC Milan,Bologna FC 1909,1533.0093172792072,1573.1170456394561,14.892271639751016,2.0,1.2,2.0,0.6,0.8,0.8,1.0,1.4,4.0,5.0,2
2025-05-09 19:00:00+00:00,Championship,Coventry City FC,Sunderland AFC,1535.3156463192977,1517.4077863697073,72.90785994959037,1.4,0.0,1.2,0.2,1.0,1.4,2.4,0.8,6.0,6.0,0
2025-05-09 19:00:00+00:00,Primera Division,UD Las Palmas,Rayo Vallecano de Madrid,1435.3637704156206,1487.4174227020453,2.9463477135752782,1.2,0.8,1.4,0.6,1.6,2.2,0.8,0.6,6.0,7.0,0
2025-05-10 12:00:00+00:00,Primera Division,Valencia CF,Getafe CF,1520.3484298935994,1455.3116721058277,120.03675778777165,2.2,0.6,1.6,1.0,1.0,1.2,2.0,1.2,6.0,7.0,2
2025-05-10 13:00:00+00:00,Serie A,Como 1907,Cagliari Calcio,1501.363687091391,1441.34100069534,115.02268639605109,3.0,0.8,1.8,1.0,0.2,1.4,2.2,0.8,7.0,7.0,2
2025-05-10 13:30:00+00:00,Bundesliga,VfL Bochum 1848,1. FSV Mainz 05,1396.822917325644,1502.4766654876266,-50.65374816198255,0.4,0.6,0.4,0.8,1.6,1.8,0.2,1.2,7.0,5.0,0
2025-05-10 13:30:00+00:00,Bundesliga,SV Werder Bremen,RB Leipzig,1509.519103698827,1497.0582071684255,67.46089653040144,2.2,1.6,1.4,2.0,0.6,2.2,1.4,1.0,7.0,7.0,1
2025-05-10 13:30:00+00:00,Bundesliga,1. FC Union Berlin,1. FC Heidenheim 1846,1477.7845698359138,1419.2083956081497,113.57617422776411,1.4,0.8,1.6,0.2,1.4,1.6,1.2,1.6,7.0,7.0,0
2025-05-10 13:30:00+00:00,Bundesliga,Holstein Kiel,SC Freiburg,1433.6141149063199,1538.476661298081,-49.86254639176104,1.6,2.0,2.0,1.8,1.6,1.8,0.8,2.2,6.0,5.0,0
2025-05-10 14:00:00+00:00,Premier League,Ipswich Town FC,Brentford FC,1403.0195775654684,1526.9491433581748,-68.9295657927064,0.4,2.2,1.0,2.2,2.6,1.2,0.0,2.0,7.0,6.0,0
2025-05-10 14:00:00+00:00,Premier League,Southampton FC,Manchester City FC,1336.2790787167608,1562.256938063007,-170.9778593462463,0.2,2.6,0.6,2.0,2.2,0.6,0.2,1.4,7.0,7.0,1
2025-05-10 14:00:00+00:00,Premier League,Wolverhampton Wanderers FC,Brighton & Hove Albion FC,1486.1784665619778,1512.6793291926356,28.49913736934218,2.4,1.0,2.0,1.8,0.8,2.2,2.0,0.8,7.0,6.0,0
2025-05-10 14:00:00+00:00,Premier League,Fulham FC,Everton FC,1513.105402168275,1478.1289825615092,89.97641960676583,1.2,1.0,1.2,0.8,1.4,1.2,1.8,1.0,7.0,7.0,0
2025-05-10 14:15:00+00:00,Primera Division,RC Celta de Vigo,Sevilla FC,1503.1784833258248,1454.7044499991548,103.47403332667,1.2,0.4,2.0,0.8,2.0,1.4,2.0,0.8,6.0,6.0,2
2025-05-10 14:30:00+00:00,Eredivisie,RKC Waalwijk,SC Heerenveen,1400.3107280828654,1478.4223755376488,-23.11164745478345,0.4,1.8,0.8,1.4,2.8,1.4,0.8,0.2,6.0,13.0,2
2025-05-10 14:30:00+00:00,Primeira Liga,CD Nacional,Rio Ave FC,1450.4227113079442,1456.899001774635,48.5237095333091,0.8,1.4,0.6,1.0,1.4,1.2,1.2,0.6,7.0,4.0,1
2025-05-10 14:30:00+00:00,Primeira Liga,CD Santa Clara,FC Famalicão,1528.2974017299623,1498.512806024766,84.78459570519635,1.0,1.4,0.8,1.6,1.0,1.2,1.4,0.6,6.0,7.0,2
2025-05-10 16:00:00+00:00,Serie A,SS Lazio,Juventus FC,1550.1104401286207,1585.126991531625,19.983448596995686,2.2,1.6,1.4,1.2,0.6,0.8,1.0,1.0,6.0,5.0,1
2025-05-10 16:30:00+00:00,Bundesliga,FC Bayern München,Borussia Mönchengladbach,1659.2700410158318,1491.263828224255,223.0062127915769,1.8,0.4,2.8,2.2,1.4,2.8,1.4,1.4,7.0,7.0,2
2025-05-10 16:30:00+00:00,Primera Division,Girona FC,Villarreal CF,1426.5195417529899,1544.1738455063703,-62.65430375338042,0.8,2.0,0.8,1.8,1.4,1.6,1.0,1.8,4.0,7.0,0
2025-05-10 16:30:00+00:00,Primera Division,RCD Mallorca,Real Valladolid CF,1469.8675166994549,1340.2406226499866,184.62689404946832,0.8,0.0,0.6,1.2,0.8,3.6,1.6,0.0,4.0,6.0,2
2025-05-10 16:30:00+00:00,Premier League,AFC Bournemouth,Aston Villa FC,1536.1531726690976,1583.356115557109,7.797057111988579,1.8,2.4,1.2,2.4,0.8,1.0,0.8,1.8,7.0,7.0,0
2025-05-10 16:45:00+00:00,Eredivisie,Fortuna Sittard,NAC Breda,1476.1996473494253,1440.2751758715658,90.92447147785947,0.8,0.6,0.6,1.0,2.0,1.8,1.2,0.4,6.0,6.0,2
2025-05-10 17:00:00+00:00,Primeira Liga,Sport Lisboa e Benfica,Sporting Clube de Portugal,1633.1321238135683,1627.5747702730496,60.55735354051876,2.6,2.6,3.4,2.4,0.8,0.6,2.0,2.6,6.0,5.0,1
2025-05-10 18:45:00+00:00,Serie A,Empoli FC,Parma Calcio 1913,1395.5401218675142,1454.3482013849268,-3.8080795174125797,0.4,1.2,0.6,1.0,1.6,1.0,0.4,0.8,6.0,7.0,2
2025-05-10 19:00:00+00:00,Primera Division,Club Atlético de Madrid,Real Sociedad de Fútbol,1590.693541341832,1477.4064516946457,168.28708964718635,2.0,1.0,1.8,1.0,0.8,1.2,1.8,1.0,7.0,6.0,2
2025-05-10 19:00:00+00:00,Ligue 1,Le Havre AC,Olympique de Marseille,1442.6620205684903,1547.9086084018827,-50.24658783339237,1.4,2.0,1.4,2.6,1.8,1.6,1.0,0.2,6.0,6.0,0
2025-05-10 19:00:00+00:00,Ligue 1,AS Monaco FC,Olympique Lyonnais,1563.625856432784,1547.2171176796737,71.40873875311036,1.6,1.8,1.6,2.2,0.8,1.4,2.6,1.8,6.0,6.0,2
2025-05-10 19:00:00+00:00,Ligue 1,Angers SCO,RC Strasbourg Alsace,1448.9222627651025,1580.0241549188213,-76.10189215371884,1.2,2.2,0.8,1.6,1.0,0.8,0.6,2.6,6.0,7.0,2
2025-05-10 19:00:00+00:00,Ligue 1,Montpellier HSC,Paris Saint-Germain FC,1359.9468064724117,1671.7245491719966,-256.7777426995849,0.2,1.4,0.2,1.2,2.0,1.4,0.2,1.4,6.0,3.0,0
2025-05-10 19:00:00+00:00,Ligue 1,Stade de Reims,AS Saint-Étienne,1450.9634937889718,1415.9143879621754,90.04910582679645,1.4,0.8,0.6,1.4,0.4,2.2,1.2,0.2,8.0,6.0,0
2025-05-10 19:00:00+00:00,Ligue 1,Toulouse FC,Racing Club de Lens,1472.1557581238171,1510.890994605046,16.264763518771133,0.8,1.8,1.0,1.2,1.4,1.6,0.8,1.8,7.0,6.0,1
2025-05-10 19:00:00+00:00,Ligue 1,Stade Brestois 29,Lille OSC,1502.489292728734,1569.7528538253496,-12.263561096615604,1.4,2.0,1.6,1.8,2.2,1.0,2.0,1.4,6.0,6.0,2
2025-05-10 19:00:00+00:00,Ligue 1,AJ Auxerre,FC Nantes,1486.6686675594751,1450.092131252336,91.57653630713912,1.2,1.0,1.6,0.8,1.6,1.0,1.2,0.6,6.0,6.0,1
2025-05-10 19:00:00+00:00,Ligue 1,Stade Rennais FC 1901,OGC Nice,1464.5563693914876,1569.2677638752227,-49.71139448373515,1.2,2.0,1.8,1.8,1.8,1.2,1.2,2.0,7.0,8.0,2
2025-05-10 19:00:00+00:00,Eredivisie,Almere City FC,Sparta Rotterdam,1405.895696981471,1478.0417442939033,-17.1460473124323,1.0,2.0,1.0,1.8,1.8,0.8,0.6,1.0,13.0,6.0,0
2025-05-10 19:30:00+00:00,Primeira Liga,Gil Vicente FC,FC Arouca,1443.4429526770514,1464.7452783695212,33.69767430753018,1.2,1.0,1.0,0.8,0.8,1.2,0.6,1.0,6.0,6.0,1
2025-05-10 19:30:00+00:00,Primeira Liga,Casa Pia AC,Sporting Clube de Braga,1489.147912290334,1601.0239133498771,-56.876001059543114,0.6,1.8,0.4,1.8,1.0,0.8,1.2,1.6,6.0,7.0,2
2025-05-11 10:15:00+00:00,Eredivisie,PEC Zwolle,Go Ahead Eagles,1481.2934277488112,1522.442525206487,13.850902542324093,1.6,0.6,1.6,1.0,1.6,1.8,1.2,1.0,7.0,6.0,1
2025-05-11 10:30:00+00:00,Serie A,Udinese Calcio,AC Monza,1481.9738815091807,1338.6789337982152,198.29494771096552,0.8,0.0,0.4,0.2,1.6,2.2,1.4,0.0,7.0,6.0,0
2025-05-11 11:00:00+00:00,Premier League,Newcastle United FC,Chelsea FC,1570.598849233611,1561.6844349878722,63.914414245738726,2.0,2.2,2.8,1.6,1.2,0.8,3.0,0.8,6.0,6.0,2
2025-05-11 12:00:00+00:00,Primera Division,CD Leganés,RCD Espanyol de Barcelona,1448.968257561851,1474.2102178174443,29.758039744406688,0.8,1.4,0.8,1.0,1.0,0.8,1.0,1.4,6.0,6.0,2
2025-05-11 12:30:00+00:00,Eredivisie,Feyenoord Rotterdam,PSV,1615.507421494428,1608.2825737115834,62.22484778284456,3.0,2.4,3.0,3.0,0.4,1.0,2.0,2.0,7.0,7.0,0
2025-05-11 12:30:00+00:00,Eredivisie,FC Twente '65,FC Utrecht,1536.0700608038444,1594.1161721969793,-3.046111393134879,1.0,2.6,1.2,3.0,1.4,0.6,1.4,1.8,7.0,15.0,2
2025-05-11 13:00:00+00:00,Serie A,Hellas Verona FC,US Lecce,1427.6684274193935,1397.2801414070652,85.38828601232831,0.4,0.4,0.2,0.6,1.0,1.6,1.0,0.4,7.0,7.0,1
2025-05-11 13:15:00+00:00,Premier League,Tottenham Hotspur FC,Crystal Palace FC,1439.0617187591092,1511.0616781997737,-16.999959440664497,0.8,0.6,1.6,1.0,2.6,2.6,1.4,1.0,7.0,5.0,0
2025-05-11 13:15:00+00:00,Premier League,Nottingham Forest FC,Leicester City FC,1547.079894516203,1371.7240034934307,230.3558910227723,0.8,0.8,0.8,0.8,1.4,1.8,1.4,0.2,5.0,7.0,1
2025-05-11 13:15:00+00:00,Premier League,Manchester United FC,West Ham United FC,1463.6005595625013,1446.2802174942408,72.32034206826052,0.4,0.6,1.0,1.4,2.0,1.8,1.0,0.8,7.0,7.0,0
2025-05-11 13:30:00+00:00,Bundesliga,Bayer 04 Leverkusen,Borussia Dortmund,1618.9838071643583,1566.1669125504543,107.81689461390397,1.8,2.6,1.2,3.0,0.6,1.4,1.4,1.4,6.0,7.0,0
2025-05-11 14:15:00+00:00,Primera Division,FC Barcelona,Real Madrid CF,1651.0913338975827,1642.8886594450955,63.202674452487145,2.0,2.4,2.6,1.4,2.2,0.8,2.2,2.4,4.0,7.0,2
2025-05-11 14:30:00+00:00,Primeira Liga,CF Estrela da Amadora,AVS,1433.3418901126502,1412.1554851013875,76.18640501126265,1.2,0.2,0.6,0.6,0.8,3.2,1.0,0.6,5.0,5.0,0
2025-05-11 14:45:00+00:00,Eredivisie,AZ,FC Groningen,1536.1037158608672,1479.8604145898757,111.24330127099142,1.0,1.2,1.2,2.6,1.0,2.4,1.6,0.8,7.0,7.0,2
2025-05-11 14:45:00+00:00,Eredivisie,AFC Ajax,NEC,1629.9207279321206,1444.895944770145,240.02478316197562,2.0,1.0,1.6,1.2,1.4,1.6,2.2,0.8,14.0,8.0,0
2025-05-11 15:30:00+00:00,Premier League,Liverpool FC,Arsenal FC,1664.6124247991456,1612.6527195106592,106.95970528848648,1.8,0.8,2.2,1.6,1.6,1.4,2.4,1.6,7.0,3.0,1
2025-05-11 15:30:00+00:00,Bundesliga,Eintracht Frankfurt,FC St. Pauli 1910,1554.7613087455538,1442.1971713292476,167.56413741630627,1.6,1.2,1.6,0.8,0.6,0.8,1.8,1.0,6.0,8.0,1
2025-05-11 16:00:00+00:00,Serie A,Torino FC,FC Internazionale Milano,1494.2211324613986,1664.4489154840523,-115.22778302265374,1.0,1.4,0.8,1.6,1.0,1.6,2.2,1.6,8.0,4.0,0
2025-05-11 16:30:00+00:00,Primera Division,Athletic Club,Deportivo Alavés,1577.1606835395144,1466.2286471908683,165.93203634864608,1.6,1.6,0.8,0.6,0.4,0.4,2.2,1.4,6.0,8.0,2
2025-05-11 17:00:00+00:00,Primeira Liga,Moreirense FC,GD Estoril Praia,1447.9819189951158,1503.1455872164713,-0.163668221355465,0.8,1.2,0.8,1.4,1.8,1.6,1.2,1.4,8.0,7.0,1
2025-05-11 17:00:00+00:00,Primeira Liga,Vitória SC,SC Farense,1563.335429984758,1427.5718919413462,190.76353804341193,2.4,1.4,1.6,0.6,0.8,0.6,2.4,1.0,8.0,8.0,0
2025-05-11 17:30:00+00:00,Bundesliga,VfB Stuttgart,FC Augsburg,1492.2941091132016,1505.3808139497564,41.91329516344513,1.4,0.8,2.0,0.8,1.4,1.8,0.0,2.0,8.0,7.0,2
2025-05-11 18:45:00+00:00,Serie A,SSC Napoli,Genoa CFC,1635.3359250908113,1461.6652555284243,228.67066956238705,2.6,0.8,1.6,0.4,0.2,1.0,2.6,0.4,8.0,6.0,1
2025-05-11 19:00:00+00:00,Primera Division,Real Betis Balompié,CA Osasuna,1556.0075637576617,1502.969026882874,108.03853687478772,2.0,2.0,2.4,1.8,1.2,1.6,2.4,1.0,7.0,8.0,1
2025-05-11 19:30:00+00:00,Primeira Liga,Boavista FC,FC Porto,1405.4926735712022,1575.8568205906925,-115.36414701949025,1.8,1.8,1.0,1.4,1.4,1.6,0.6,1.8,6.0,9.0,0
2025-05-12 16:30:00+00:00,Serie A,Venezia FC,ACF Fiorentina,1432.59964738185,1543.425323637565,-55.82567625571505,1.2,1.6,1.0,1.2,1.2,1.0,1.0,0.8,9.0,8.0,2
2025-05-12 18:45:00+00:00,Serie A,Atalanta BC,AS Roma,1565.8452795148876,1597.621960114218,23.223319400669652,2.0,2.2,1.6,1.0,0.4,0.4,1.0,2.6,8.0,8.0,2
2025-05-12 19:00:00+00:00,Championship,Sheffield United FC,Bristol City FC,1593.8097785845225,1528.8436860809563,119.96609250356619,2.0,0.8,1.8,1.0,0.6,2.6,1.6,0.4,4.0,4.0,2
2025-05-13 17:00:00+00:00,Primera Division,Real Valladolid CF,Girona FC,1335.1051196912063,1418.3035802768356,-28.19846058562939,0.0,0.8,1.4,0.8,3.2,1.4,0.2,0.4,3.0,3.0,0
2025-05-13 18:00:00+00:00,Primera Division,Real Sociedad de Fútbol,RC Celta de Vigo,1471.9038107896254,1510.285299598285,16.618511191340303,0.4,1.2,0.4,2.2,1.8,2.2,1.4,1.4,2.0,3.0,0
2025-05-13 19:00:00+00:00,Championship,Sunderland AFC,Coventry City FC,1529.4759743125355,1523.2474583764695,61.22851593606606,0.6,1.2,0.6,1.2,1.4,1.2,0.8,0.2,4.0,4.0,1
2025-05-13 19:30:00+00:00,Primera Division,Sevilla FC,UD Las Palmas,1447.5976337266945,1425.2789697443732,77.31866398232137,0.4,1.2,1.0,1.2,1.6,1.2,0.6,1.0,3.0,4.0,2
2025-05-14 17:00:00+00:00,Primera Division,Deportivo Alavés,Valencia CF,1460.6717680192896,1527.0247002709662,-11.35293225167652,1.0,2.2,0.4,1.8,0.6,0.8,1.4,1.8,3.0,4.0,2
2025-05-14 17:00:00+00:00,Primera Division,Villarreal CF,CD Leganés,1552.3898069825245,1458.1138406444659,149.27596633805865,2.0,1.2,1.6,1.2,1.4,1.2,1.6,0.4,4.0,3.0,2
2025-05-14 18:00:00+00:00,Eredivisie,Willem II Tilburg,PEC Zwolle,1397.3380268838744,1477.561644457951,-25.22361757407657,0.2,1.2,0.8,1.4,1.8,1.8,0.0,1.0,5.0,3.0,0
2025-05-14 18:00:00+00:00,Eredivisie,Feyenoord Rotterdam,RKC Waalwijk,1603.7353529238412,1410.9749553230279,247.76039760081335,2.4,0.8,2.6,1.0,0.8,2.6,1.8,0.2,3.0,4.0,2
2025-05-14 18:00:00+00:00,Eredivisie,FC Utrecht,Sparta Rotterdam,1584.0285003097738,1487.5486416262734,151.47985868350042,2.0,2.0,2.6,1.8,1.0,0.8,2.4,1.6,3.0,3.0,1
2025-05-14 18:00:00+00:00,Eredivisie,FC Groningen,AFC Ajax,1472.957147074638,1613.9354703077558,-85.97832323311786,1.2,1.4,2.4,1.2,2.2,2.0,2.0,2.4,3.0,3.0,1
2025-05-14 18:00:00+00:00,Eredivisie,Almere City FC,Fortuna Sittard,1396.388799649101,1483.640782668136,-32.251983019034924,0.4,1.4,0.6,0.8,2.4,1.4,0.6,0.8,3.0,4.0,1
2025-05-14 18:00:00+00:00,Eredivisie,PSV,Heracles Almelo,1620.05464228217,1483.7281340537888,191.32650822838127,3.0,1.4,3.6,1.0,1.0,1.8,1.8,1.0,3.0,5.0,2
2025-05-14 18:00:00+00:00,Eredivisie,NEC,NAC Breda,1460.8812023945097,1432.8340405528552,83.04716184165454,1.4,0.4,1.2,0.8,1.0,1.8,1.2,0.4,3.0,4.0,2
2025-05-14 18:00:00+00:00,Eredivisie,FC Twente '65,AZ,1546.15773269105,1543.006983376105,58.15074931494496,1.6,1.4,1.4,1.4,1.0,0.6,1.4,1.0,3.0,3.0,0
2025-05-14 18:00:00+00:00,Eredivisie,Go Ahead Eagles,SC Heerenveen,1526.1743084973473,1467.7581482974863,113.416160199861,0.8,1.8,0.8,1.6,1.4,1.6,2.0,0.2,3.0,4.0,2
2025-05-14 19:30:00+00:00,Primera Division,Real Madrid CF,RCD Mallorca,1634.6879746797763,1475.0030196582352,214.6849550215411,1.8,1.4,1.8,0.8,1.6,0.6,1.8,0.8,3.0,4.0,2
2025-05-15 17:00:00+00:00,Primera Division,Rayo Vallecano de Madrid,Real Betis Balompié,1497.5022233732927,1549.6611293515607,2.841094021732033,1.4,2.0,0.8,2.4,1.4,1.2,1.2,2.6,5.0,3.0,1
2025-05-15 17:00:00+00:00,Primera Division,CA Osasuna,Club Atlético de Madrid,1509.315461288975,1596.1961822468525,-31.88072095787743,2.0,2.0,1.8,2.2,1.6,0.6,1.6,1.0,3.0,4.0,2
2025-05-15 19:30:00+00:00,Primera Division,RCD Espanyol de Barcelona,FC Barcelona,1465.0646347348295,1659.292018662902,-139.2273839280724,0.8,2.0,1.0,2.6,1.4,2.2,1.2,1.8,4.0,4.0,0
2025-05-15 19:30:00+00:00,Primera Division,Getafe CF,Athletic Club,1448.635401728461,1582.717562711093,-79.0821609826321,0.0,2.0,0.2,1.0,1.8,0.4,0.6,1.0,5.0,4.0,0
2025-05-16 18:00:00+00:00,Primeira Liga,FC Famalicão,Casa Pia AC,1490.9057892647984,1500.7704670425514,45.13532222224694,0.8,1.0,1.4,0.8,1.4,1.2,2.6,0.6,6.0,5.0,2
2025-05-16 18:00:00+00:00,Primeira Liga,Rio Ave FC,Gil Vicente FC,1461.6199493616623,1439.1427521864075,77.47719717525479,1.6,1.4,1.6,1.2,1.4,0.8,1.4,1.4,6.0,5.0,1
2025-05-16 18:30:00+00:00,Premier League,Aston Villa FC,Tottenham Hotspur FC,1593.5804952335948,1429.5506268169213,219.02986841667348,2.4,0.2,2.0,1.0,1.0,2.8,3.0,0.2,6.0,5.0,2
2025-05-16 19:15:00+00:00,Premier League,Chelsea FC,Manchester United FC,1553.5035651831558,1451.5485640773481,156.9550011058077,2.0,0.2,1.6,1.0,1.2,2.4,2.6,0.8,5.0,5.0,2
2025-05-17 13:30:00+00:00,Bundesliga,FC St. Pauli 1910,VfL Bochum 1848,1450.0112487188514,1388.2706067016509,116.74064201720057,1.2,0.4,1.0,0.6,1.0,1.6,1.0,1.0,5.0,7.0,0
2025-05-17 13:30:00+00:00,Bundesliga,FC Augsburg,1. FC Union Berlin,1496.581357331032,1464.6272578295282,86.95409950150383,0.8,0.8,0.6,1.4,2.0,2.0,1.0,1.6,5.0,7.0,0
2025-05-17 13:30:00+00:00,Bundesliga,Borussia Mönchengladbach,VfL Wolfsburg,1486.9254985927928,1458.0657294928153,83.85976909997748,0.2,0.4,2.0,1.2,3.0,2.4,0.8,0.8,6.0,7.0,0
2025-05-17 13:30:00+00:00,Bundesliga,1. FC Heidenheim 1846,SV Werder Bremen,1432.3657076145353,1504.2681284852115,-16.902420870676224,1.4,1.8,0.8,1.0,1.4,0.6,0.8,2.0,7.0,7.0,0
2025-05-17 13:30:00+00:00,Bundesliga,SC Freiburg,Eintracht Frankfurt,1547.0512745841615,1546.94723135595,55.104043228211594,2.6,1.8,2.0,2.0,1.2,0.6,1.0,1.0,7.0,5.0,0
2025-05-17 13:30:00+00:00,Bundesliga,TSG 1899 Hoffenheim,FC Bayern München,1451.4256884049523,1663.608370647294,-157.18268224234157,1.0,2.2,2.4,2.8,2.4,1.0,1.2,1.8,7.0,6.0,0
2025-05-17 13:30:00+00:00,Bundesliga,RB Leipzig,VfB Stuttgart,1502.309182382041,1501.093565731926,56.21561665011495,1.2,1.4,1.4,2.0,2.0,1.4,1.6,1.6,7.0,5.0,0
2025-05-17 13:30:00+00:00,Bundesliga,1. FSV Mainz 05,Bayer 04 Leverkusen,1511.0289761116198,1605.9765074135032,-39.94753130188337,1.0,1.2,1.4,1.4,1.8,1.4,1.4,1.6,7.0,6.0,1
2025-05-17 13:30:00+00:00,Bundesliga,Borussia Dortmund,Holstein Kiel,1579.1742123013094,1425.0395016202392,209.13471068107015,3.0,1.4,3.4,2.0,1.4,1.8,2.4,1.6,6.0,7.0,2
2025-05-17 17:00:00+00:00,Primeira Liga,FC Porto,CD Nacional,1582.6532522071618,1445.701763720917,191.9514884862449,2.4,1.0,1.6,1.2,1.0,1.8,2.0,0.8,5.0,7.0,2
2025-05-17 17:00:00+00:00,Primeira Liga,AVS,Moreirense FC,1424.3138222113535,1444.6532964115177,34.660525799835796,0.8,0.4,0.8,1.0,2.6,2.2,0.4,0.8,6.0,6.0,0
2025-05-17 17:00:00+00:00,Primeira Liga,GD Estoril Praia,CF Estrela da Amadora,1506.4742098000695,1421.1835530026842,140.29065679738528,0.8,0.6,1.2,0.4,2.0,1.0,0.8,0.8,6.0,6.0,2
2025-05-17 17:00:00+00:00,Primeira Liga,SC Farense,CD Santa Clara,1442.57005762508,1535.9044184899299,-38.33436086484994,1.8,1.6,1.0,1.2,0.8,0.8,0.8,1.0,6.0,7.0,0
2025-05-17 17:00:00+00:00,Primeira Liga,Sporting Clube de Portugal,Vitória SC,1632.6336457528178,1548.3372643010243,139.29638145179342,2.6,1.8,2.4,1.4,0.6,1.2,2.6,2.2,7.0,6.0,2
2025-05-17 17:00:00+00:00,Primeira Liga,FC Arouca,Boavista FC,1469.045478860165,1398.6962419547328,125.34923690543224,1.2,1.2,0.8,0.8,1.0,1.8,1.0,1.8,6.0,5.0,2
2025-05-17 17:00:00+00:00,Primeira Liga,Sporting Clube de Braga,Sport Lisboa e Benfica,1589.4013585976597,1628.0732483338002,16.32811026385957,1.6,2.2,1.8,2.8,1.0,0.8,2.6,3.0,6.0,7.0,1
2025-05-17 18:45:00+00:00,Serie A,Genoa CFC,Atalanta BC,1470.7700121474036,1575.177852347057,-49.40784019965349,0.4,2.6,0.6,2.0,1.4,0.4,1.4,2.4,6.0,5.0,0
2025-05-17 19:00:00+00:00,Ligue 1,FC Nantes,Montpellier HSC,1456.001859877169,1356.23261027012,154.769249607049,0.6,0.2,0.6,0.4,1.0,2.4,1.0,0.0,7.0,7.0,2
2025-05-17 19:00:00+00:00,Ligue 1,Lille OSC,Stade de Reims,1559.40002668067,1438.4281895776792,175.97183710299078,2.0,1.4,1.6,0.6,1.0,0.6,2.0,1.0,7.0,7.0,2
2025-05-17 19:00:00+00:00,Ligue 1,AS Saint-Étienne,Toulouse FC,1428.449692173468,1468.3546289444664,15.095063229001653,1.4,1.0,1.8,0.8,2.0,1.0,0.8,0.8,7.0,7.0,0
2025-05-17 19:00:00+00:00,Ligue 1,Racing Club de Lens,AS Monaco FC,1514.6921237843967,1571.5990076797025,-1.906883895305782,1.4,2.2,1.2,1.8,1.8,0.4,1.2,1.6,7.0,7.0,2
2025-05-17 19:00:00+00:00,Ligue 1,Olympique de Marseille,Stade Rennais FC 1901,1556.4723943760869,1475.9774937300608,135.49490064602605,2.0,1.8,2.6,2.2,1.4,1.6,2.4,1.2,7.0,7.0,2
2025-05-17 19:00:00+00:00,Ligue 1,Olympique Lyonnais,Angers SCO,1539.2439664327553,1461.0782805926815,133.16568584007382,1.2,1.8,1.8,1.2,1.6,1.0,2.4,0.8,7.0,7.0,2
2025-05-17 19:00:00+00:00,Ligue 1,OGC Nice,Stade Brestois 29,1557.8466395366495,1512.8421198734136,100.0045196632359,2.0,1.4,1.6,1.6,1.2,2.0,1.4,1.0,7.0,7.0,2
2025-05-17 19:00:00+00:00,Ligue 1,RC Strasbourg Alsace,Le Havre AC,1567.8681370912423,1434.0982345942862,188.7699024969561,1.6,0.8,1.6,1.2,1.2,2.4,2.6,1.8,7.0,7.0,0
2025-05-17 19:00:00+00:00,Ligue 1,Paris Saint-Germain FC,AJ Auxerre,1675.4387453742884,1480.7589389346422,249.6798064396462,1.8,0.8,1.8,1.6,1.4,1.8,2.4,2.0,7.0,7.0,2
2025-05-18 11:00:00+00:00,Premier League,Everton FC,Southampton FC,1490.6623290652908,1337.5046708564319,208.15765820885895,1.4,0.4,1.2,0.4,1.2,1.6,0.8,0.2,7.0,7.0,2
2025-05-18 12:30:00+00:00,Eredivisie,Fortuna Sittard,FC Utrecht,1486.048486550086,1576.591982485921,-35.54349593583515,1.4,2.0,0.8,2.4,1.4,0.8,1.8,1.6,3.0,3.0,1
2025-05-18 12:30:00+00:00,Eredivisie,AFC Ajax,FC Twente '65,1614.8434563770882,1534.4994750865915,135.34398129049669,1.0,1.4,1.0,1.6,2.2,1.4,1.6,1.2,3.0,3.0,2
2025-05-18 12:30:00+00:00,Eredivisie,Heracles Almelo,NEC,1478.7384455502572,1468.5354190037801,65.20302654647708,1.2,2.0,1.2,1.8,2.6,0.6,2.4,1.4,3.0,3.0,0
2025-05-18 12:30:00+00:00,Eredivisie,Sparta Rotterdam,PSV,1494.985159450126,1625.0443307857017,-75.05917133557568,1.6,3.0,1.6,3.8,1.0,1.0,2.0,2.6,3.0,3.0,0
2025-05-18 12:30:00+00:00,Eredivisie,PEC Zwolle,FC Groningen,1486.836923194554,1472.0491610053057,69.78776218924827,1.6,1.4,1.4,2.6,1.6,2.0,1.2,0.8,3.0,3.0,2
2025-05-18 12:30:00+00:00,Eredivisie,RKC Waalwijk,Go Ahead Eagles,1407.1011995335089,1533.0211435555204,-70.91994402201158,0.6,1.2,1.0,0.6,3.0,1.0,0.8,1.2,3.0,3.0,2
2025-05-18 12:30:00+00:00,Eredivisie,NAC Breda,Willem II Tilburg,1425.1798239435848,1388.0627481472713,92.11707579631343,0.4,0.2,0.6,0.8,1.8,1.6,0.8,0.2,3.0,3.0,1
2025-05-18 12:30:00+00:00,Eredivisie,SC Heerenveen,Feyenoord Rotterdam,1460.9113132393131,1607.6091087133602,-91.6977954740471,1.2,2.4,1.0,2.8,1.6,0.8,2.6,2.4,3.0,3.0,2
2025-05-18 12:30:00+00:00,Eredivisie,AZ,Almere City FC,1554.6652409805633,1393.981095767151,215.68414521341242,2.0,0.4,2.0,0.4,0.8,2.2,1.6,0.6,3.0,3.0,1
2025-05-18 13:15:00+00:00,Premier League,West Ham United FC,Nottingham Forest FC,1458.332212979394,1537.9428804258273,-24.610667446433354,1.0,1.0,1.4,1.0,1.4,1.4,1.2,1.4,7.0,7.0,0
2025-05-18 14:00:00+00:00,Premier League,Brentford FC,Fulham FC,1534.990817478599,1500.5720556644935,89.41876181410544,2.6,0.6,2.4,0.8,1.2,1.6,1.6,0.6,8.0,8.0,0
2025-05-18 14:00:00+00:00,Premier League,Leicester City FC,Ipswich Town FC,1380.8610175838064,1394.9779034450441,40.88311413876227,1.0,0.4,1.2,0.8,1.6,2.4,0.6,1.0,7.0,8.0,2
2025-05-18 15:30:00+00:00,Premier League,Arsenal FC,Newcastle United FC,1618.9708953754227,1578.7797190383274,95.19117633709538,0.4,2.0,1.2,2.4,1.8,1.0,1.0,1.4,7.0,7.0,2
2025-05-18 17:00:00+00:00,Primera Division,RC Celta de Vigo,Rayo Vallecano de Madrid,1520.7632543525344,1494.087118603322,81.67613574921234,1.8,1.6,2.4,1.0,1.8,1.2,2.0,1.2,4.0,3.0,0
2025-05-18 17:00:00+00:00,Primera Division,Real Valladolid CF,Deportivo Alavés,1325.9149592118094,1470.9984154259223,-90.08345621411286,0.0,1.6,1.0,0.6,2.6,0.4,0.0,1.2,5.0,4.0,0
2025-05-18 17:00:00+00:00,Primera Division,Real Sociedad de Fútbol,Girona FC,1461.425856035376,1427.4937407562325,88.93211527914355,0.4,1.4,0.4,0.8,1.6,1.0,0.8,1.0,4.0,5.0,2
2025-05-18 17:00:00+00:00,Primera Division,RCD Mallorca,Getafe CF,1470.499752130154,1440.8730582388725,84.62669389128155,0.8,0.0,0.6,0.0,1.0,1.6,1.6,1.2,3.0,2.0,0
2025-05-18 17:00:00+00:00,Primera Division,Valencia CF,Athletic Club,1516.6980528643335,1590.4799062006814,-18.781853336347922,1.6,2.0,1.6,0.8,1.0,0.2,2.6,1.6,4.0,2.0,0
2025-05-18 17:00:00+00:00,Primera Division,Sevilla FC,Real Madrid CF,1455.408247666766,1639.1912422078574,-128.78299454109128,1.0,2.4,1.2,2.0,1.4,1.4,1.0,1.8,4.0,3.0,0
2025-05-18 17:00:00+00:00,Primera Division,FC Barcelona,Villarreal CF,1665.4862963819576,1558.3395128871214,162.1467834948362,2.0,2.4,2.8,1.8,2.2,1.0,2.6,1.8,2.0,4.0,0
2025-05-18 17:00:00+00:00,Primera Division,CA Osasuna,RCD Espanyol de Barcelona,1520.230495470001,1458.8703570157738,116.36013845422713,2.0,0.2,1.8,0.8,1.4,1.8,2.0,1.4,3.0,2.0,2
2025-05-18 17:00:00+00:00,Primera Division,UD Las Palmas,CD Leganés,1417.4683558043016,1452.164134739869,20.304221064432568,0.6,1.2,0.6,1.2,1.2,1.6,0.8,0.4,4.0,4.0,0
2025-05-18 17:00:00+00:00,Primera Division,Club Atlético de Madrid,Real Betis Balompié,1585.2811480658265,1553.0762341215313,87.20491394429519,1.4,2.2,1.4,2.6,0.6,1.2,1.8,2.2,3.0,3.0,2
2025-05-18 18:45:00+00:00,Serie A,Cagliari Calcio,Venezia FC,1434.5357469129897,1444.1927528814795,45.342994031510216,0.6,1.6,1.2,1.2,2.0,1.2,0.8,1.0,8.0,6.0,2
2025-05-18 18:45:00+00:00,Serie A,ACF Fiorentina,Bologna FC 1909,1531.8322181379356,1563.5454173600358,23.28680077789977,1.4,1.0,1.0,0.6,1.0,1.2,2.6,1.4,6.0,9.0,2
2025-05-18 18:45:00+00:00,Serie A,Hellas Verona FC,Como 1907,1421.925737058026,1508.1689408737413,-31.243203815715333,0.4,3.0,0.2,1.8,1.0,0.2,0.6,1.8,7.0,8.0,1
2025-05-18 18:45:00+00:00,Serie A,FC Internazionale Milano,SS Lazio,1671.2488696109037,1546.2025703312966,180.04629927960718,2.0,1.8,2.0,1.4,1.4,0.8,2.0,2.4,7.0,8.0,1
2025-05-18 18:45:00+00:00,Serie A,Juventus FC,Udinese Calcio,1589.034861328949,1466.8148654653987,177.21999586355037,1.6,0.8,1.2,0.6,0.8,1.8,2.4,0.8,8.0,7.0,2
2025-05-18 18:45:00+00:00,Serie A,US Lecce,Torino FC,1403.0228317684328,1487.4211783345472,-29.39834656611447,0.4,0.8,0.6,0.6,1.6,1.2,0.2,1.0,7.0,7.0,2
2025-05-18 18:45:00+00:00,Serie A,AC Monza,Empoli FC,1353.8379498419972,1405.649722817763,3.1882270242342656,0.6,0.8,0.4,1.0,1.8,1.8,0.2,0.4,7.0,8.0,0
2025-05-18 18:45:00+00:00,Serie A,Parma Calcio 1913,SSC Napoli,1444.2386004346781,1626.231168471832,-126.99256803715389,1.0,2.6,0.8,1.8,1.0,0.4,1.6,1.6,8.0,7.0,1
2025-05-18 18:45:00+00:00,Serie A,AS Roma,AC Milan,1588.2893872820484,1542.5809455586275,100.70844172342095,2.0,2.4,1.0,2.2,0.6,0.6,2.6,2.4,6.0,9.0,2
2025-05-19 19:00:00+00:00,Premier League,Brighton & Hove Albion FC,Liverpool FC,1523.49776552455,1658.294248934382,-79.79648340983204,1.6,2.0,2.0,2.2,1.8,1.4,1.6,1.8,9.0,8.0,2
2025-05-20 19:00:00+00:00,Premier League,Manchester City FC,AFC Bournemouth,1561.031345923336,1525.9287929926118,90.10255293072419,2.6,1.6,2.0,0.8,0.6,0.6,2.6,1.2,10.0,10.0,2
2025-05-20 19:00:00+00:00,Premier League,Crystal Palace FC,Wolverhampton Wanderers FC,1520.5727701419617,1475.3600302300633,100.21273991189832,1.2,1.8,1.0,1.6,1.6,1.0,2.2,2.4,9.0,10.0,2
2025-05-23 18:45:00+00:00,Serie A,Como 1907,FC Internazionale Milano,1510.6054386438313,1663.1523253037392,-97.54688665990784,2.6,2.2,1.8,2.4,0.4,1.6,2.2,1.6,5.0,5.0,0
2025-05-23 18:45:00+00:00,Serie A,SSC Napoli,Cagliari Calcio,1626.0638854789472,1443.2380299599715,237.8258555189757,2.2,1.2,1.2,1.6,0.4,1.4,2.6,0.8,5.0,5.0,2
2025-05-23 19:00:00+00:00,Primera Division,Real Betis Balompié,Valencia CF,1545.534780242283,1507.238112084764,93.29666815751898,1.6,1.4,2.2,1.4,1.8,1.0,2.0,1.6,5.0,5.0,1
2025-05-24 14:01:00+00:00,Championship,Sheffield United FC,Sunderland AFC,1600.4878583048421,1524.3983626757793,131.08949562906287,2.0,0.8,2.0,0.6,0.6,1.2,2.0,1.4,11.0,10.0,0
2025-05-24 14:15:00+00:00,Primera Division,Real Madrid CF,Real Sociedad de Fútbol,1645.6454900562137,1468.9206593332256,231.72483072298814,2.4,0.8,2.2,0.6,1.4,1.6,1.8,1.0,5.0,5.0,2
2025-05-24 16:00:00+00:00,Serie A,Bologna FC 1909,Genoa CFC,1554.2146635074112,1462.1825748823508,147.0320886250604,1.0,0.2,1.0,1.0,1.4,2.0,2.2,0.6,5.0,6.0,0
2025-05-24 16:30:00+00:00,Primera Division,CD Leganés,Real Valladolid CF,1462.7478728109215,1318.4511885332483,199.2966842776732,1.6,0.0,1.4,0.6,1.6,2.2,1.0,0.0,5.0,5.0,2
2025-05-24 16:30:00+00:00,Primera Division,RCD Espanyol de Barcelona,UD Las Palmas,1452.099626618736,1406.8846177332491,100.2150088854869,0.0,0.0,0.6,0.4,2.0,1.4,1.0,0.8,5.0,5.0,2
2025-05-24 18:45:00+00:00,Serie A,AC Milan,AC Monza,1535.4010252863595,1343.746187867421,246.65483741893854,1.8,0.6,1.6,0.6,1.2,2.2,1.4,0.6,6.0,6.0,2
2025-05-24 19:00:00+00:00,Primera Division,Deportivo Alavés,CA Osasuna,1478.4621861044834,1527.0012258670388,6.460960237444624,2.0,2.0,0.6,1.6,0.2,1.0,1.4,1.2,6.0,6.0,1
2025-05-24 19:00:00+00:00,Primera Division,Getafe CF,RC Celta de Vigo,1453.261756484483,1508.454795184253,-0.19303869977011345,0.6,1.8,0.4,2.0,1.6,1.4,0.6,1.8,6.0,6.0,0
2025-05-24 19:00:00+00:00,Primera Division,Rayo Vallecano de Madrid,RCD Mallorca,1506.3955777716035,1458.1110538845437,103.28452388705978,2.0,0.6,1.2,0.8,1.2,1.4,1.2,0.6,6.0,6.0,1
2025-05-25 12:00:00+00:00,Primera Division,Girona FC,Club Atlético de Madrid,1419.998937458383,1592.822601945075,-117.823664486692,1.4,2.0,1.0,2.2,1.0,0.6,0.8,1.0,6.0,6.0,0
2025-05-25 14:15:00+00:00,Primera Division,Villarreal CF,Sevilla FC,1572.6947713835673,1448.9539998184098,178.7407715651575,3.0,0.8,2.4,1.0,0.8,1.6,2.2,0.6,6.0,6.0,2
2025-05-25 15:00:00+00:00,Premier League,AFC Bournemouth,Leicester City FC,1518.4655365987053,1389.689708155663,183.7758284430422,1.0,1.4,0.8,1.2,1.2,1.2,0.8,0.4,4.0,7.0,2
2025-05-25 15:00:00+00:00,Premier League,Southampton FC,Arsenal FC,1332.8689437125465,1626.2976313527458,-238.4286876401993,0.4,0.8,0.4,1.0,1.4,1.4,0.4,1.6,7.0,6.0,0
2025-05-25 15:00:00+00:00,Premier League,Manchester United FC,Aston Villa FC,1445.7819515654091,1597.99709110743,-97.21513954202078,0.2,2.4,0.8,1.8,1.8,0.6,1.0,1.8,8.0,8.0,2
2025-05-25 15:00:00+00:00,Premier League,Liverpool FC,Crystal Palace FC,1646.0370710340358,1527.7658284680224,173.27124256601337,1.4,1.8,2.2,1.8,1.8,1.0,2.0,1.0,5.0,4.0,1
2025-05-25 15:00:00+00:00,Premier League,Ipswich Town FC,West Ham United FC,1386.1492128731875,1449.0393825541928,-7.890169681005318,0.2,1.0,0.4,1.4,2.4,1.4,0.0,0.8,7.0,7.0,0
2025-05-25 15:00:00+00:00,Premier League,Fulham FC,Manchester City FC,1513.0903754973203,1568.4946023172424,-0.4042268199220871,1.2,2.6,1.4,1.6,1.8,0.4,1.2,1.6,7.0,4.0,0
2025-05-25 15:00:00+00:00,Premier League,Nottingham Forest FC,Chelsea FC,1547.2357108510284,1559.2701776950948,42.9655331559336,1.6,2.4,1.4,1.4,1.4,0.8,1.4,0.8,7.0,8.0,0
2025-05-25 15:00:00+00:00,Premier League,Newcastle United FC,Everton FC,1571.4529830610043,1495.2980562091761,131.15492685182812,1.4,1.4,1.4,1.4,1.2,1.2,3.0,1.4,6.0,7.0,0
2025-05-25 15:00:00+00:00,Premier League,Wolverhampton Wanderers FC,Brentford FC,1468.1669719040026,1522.4724976457721,0.694474258230457,1.2,2.4,1.2,2.6,1.4,1.6,2.0,2.0,4.0,7.0,1
2025-05-25 15:00:00+00:00,Premier League,Tottenham Hotspur FC,Brighton & Hove Albion FC,1425.1340309430861,1535.7549434248963,-55.62091248181014,0.2,2.0,0.6,2.2,2.4,1.8,0.8,1.4,8.0,5.0,0
2025-05-25 18:45:00+00:00,Serie A,Udinese Calcio,ACF Fiorentina,1461.5149419275292,1541.1629719905602,-24.648030063031,0.8,1.8,0.6,1.6,1.4,1.4,0.8,0.8,7.0,7.0,0
2025-05-25 18:45:00+00:00,Serie A,Torino FC,AS Roma,1476.5770395461527,1595.4693075543164,-63.89226800816368,0.8,2.4,0.6,1.4,1.2,0.6,1.6,2.0,7.0,7.0,0
2025-05-25 18:45:00+00:00,Serie A,SS Lazio,US Lecce,1554.299114638461,1413.8669705568273,195.43214408163385,1.8,1.0,1.6,0.6,1.0,1.2,1.0,0.4,7.0,7.0,0
2025-05-25 18:45:00+00:00,Serie A,Atalanta BC,Parma Calcio 1913,1583.7652896121099,1444.405883427563,194.35940618454697,2.6,1.0,2.2,0.8,0.8,1.0,1.4,0.8,8.0,7.0,0
2025-05-25 18:45:00+00:00,Serie A,Venezia FC,Juventus FC,1435.4904698344976,1594.3347848668186,-103.84431503232099,1.0,1.6,1.0,1.2,1.8,0.6,1.4,0.6,7.0,7.0,0
2025-05-25 18:45:00+00:00,Serie A,Empoli FC,Hellas Verona FC,1415.7414847923392,1419.489239287936,51.25224550440316,1.4,0.4,1.6,0.4,1.4,1.2,1.0,0.8,7.0,7.0,0
2025-05-25 19:00:00+00:00,Primera Division,Athletic Club,FC Barcelona,1599.9398469802509,1651.1310378855117,3.8088090947392175,2.6,1.8,1.0,2.6,0.0,2.2,2.2,1.8,7.0,7.0,0
2025-05-31 19:00:00+00:00,UEFA Champions League,Paris Saint-Germain FC,FC Internazionale Milano,1679.2781068305285,1670.4162187742022,63.86188805632628,2.4,2.6,2.2,2.2,1.0,1.0,2.4,2.0,14.0,8.0,2
