match_id,competition,league,season,date,home_team,away_team,home_goals,away_goals
493753,Campeonato Brasileiro Série A,Campeonato Brasileiro Série A,2024,2024-04-13 21:30:00+00:00,SC Internacional,EC Bahia,2,1
493762,Campeonato Brasileiro Série A,Campeonato Brasileiro Série A,2024,2024-04-13 21:30:00+00:00,Criciúma EC,EC Juventude,1,1
493759,Campeonato Brasileiro Série A,Campeonato Brasileiro Série A,2024,2024-04-14 00:00:00+00:00,São Paulo FC,Fortaleza EC,1,2
493756,Campeonato Brasileiro Série A,Campeonato Brasileiro Série A,2024,2024-04-14 00:00:00+00:00,Fluminense FC,RB Bragantino,2,2
493758,Campeonato Brasileiro Série A,Campeonato Brasileiro Série A,2024,2024-04-14 19:00:00+00:00,SC Corinthians Paulista,CA Mineiro,0,0
493760,Campeonato Brasileiro Série A,Campeonato Brasileiro Série A,2024,2024-04-14 19:00:00+00:00,CA Paranaense,Cuiabá EC,4,0
493761,Campeonato Brasileiro Série A,Campeonato Brasileiro Série A,2024,2024-04-14 19:00:00+00:00,AC Goianiense,CR Flamengo,1,2
493757,Campeonato Brasileiro Série A,Campeonato Brasileiro Série A,2024,2024-04-14 19:00:00+00:00,CR Vasco da Gama,Grêmio FBPA,2,1
493754,Campeonato Brasileiro Série A,Campeonato Brasileiro Série A,2024,2024-04-14 20:00:00+00:00,Cruzeiro EC,Botafogo FR,3,2
493755,Campeonato Brasileiro Série A,Campeonato Brasileiro Série A,2024,2024-04-14 21:30:00+00:00,EC Vitória,SE Palmeiras,0,1
493764,Campeonato Brasileiro Série A,Campeonato Brasileiro Série A,2024,2024-04-17 00:30:00+00:00,EC Bahia,Fluminense FC,2,1
493766,Campeonato Brasileiro Série A,Campeonato Brasileiro Série A,2024,2024-04-17 22:00:00+00:00,RB Bragantino,CR Vasco da Gama,2,1
493770,Campeonato Brasileiro Série A,Campeonato Brasileiro Série A,2024,2024-04-17 22:00:00+00:00,Grêmio FBPA,CA Paranaense,2,0
493763,Campeonato Brasileiro Série A,Campeonato Brasileiro Série A,2024,2024-04-17 23:00:00+00:00,CA Mineiro,Criciúma EC,1,1
493769,Campeonato Brasileiro Série A,Campeonato Brasileiro Série A,2024,2024-04-17 23:00:00+00:00,Fortaleza EC,Cruzeiro EC,1,1
493771,Campeonato Brasileiro Série A,Campeonato Brasileiro Série A,2024,2024-04-17 23:00:00+00:00,EC Juventude,SC Corinthians Paulista,2,0
493772,Campeonato Brasileiro Série A,Campeonato Brasileiro Série A,2024,2024-04-17 23:00:00+00:00,SE Palmeiras,SC Internacional,0,1
493768,Campeonato Brasileiro Série A,Campeonato Brasileiro Série A,2024,2024-04-18 00:30:00+00:00,CR Flamengo,São Paulo FC,2,1
493765,Campeonato Brasileiro Série A,Campeonato Brasileiro Série A,2024,2024-04-19 00:30:00+00:00,Botafogo FR,AC Goianiense,1,0
493779,Campeonato Brasileiro Série A,Campeonato Brasileiro Série A,2024,2024-04-20 19:00:00+00:00,Fluminense FC,CR Vasco da Gama,2,1
493780,Campeonato Brasileiro Série A,Campeonato Brasileiro Série A,2024,2024-04-20 21:30:00+00:00,Grêmio FBPA,Cuiabá EC,1,0
493777,Campeonato Brasileiro Série A,Campeonato Brasileiro Série A,2024,2024-04-20 21:30:00+00:00,RB Bragantino,SC Corinthians Paulista,1,0
493775,Campeonato Brasileiro Série A,Campeonato Brasileiro Série A,2024,2024-04-21 00:00:00+00:00,CA Mineiro,Cruzeiro EC,3,0
493781,Campeonato Brasileiro Série A,Campeonato Brasileiro Série A,2024,2024-04-21 19:00:00+00:00,SE Palmeiras,CR Flamengo,0,0
493782,Campeonato Brasileiro Série A,Campeonato Brasileiro Série A,2024,2024-04-21 19:00:00+00:00,EC Vitória,EC Bahia,2,2
493773,Campeonato Brasileiro Série A,Campeonato Brasileiro Série A,2024,2024-04-21 19:00:00+00:00,CA Paranaense,SC Internacional,1,0
493774,Campeonato Brasileiro Série A,Campeonato Brasileiro Série A,2024,2024-04-21 21:30:00+00:00,AC Goianiense,São Paulo FC,0,3
493776,Campeonato Brasileiro Série A,Campeonato Brasileiro Série A,2024,2024-04-21 21:30:00+00:00,Botafogo FR,EC Juventude,5,1
493792,Campeonato Brasileiro Série A,Campeonato Brasileiro Série A,2024,2024-04-27 19:00:00+00:00,CR Vasco da Gama,Criciúma EC,0,4
493786,Campeonato Brasileiro Série A,Campeonato Brasileiro Série A,2024,2024-04-27 21:30:00+00:00,Cuiabá EC,CA Mineiro,0,3
493783,Campeonato Brasileiro Série A,Campeonato Brasileiro Série A,2024,2024-04-28 00:00:00+00:00,EC Bahia,Grêmio FBPA,1,0
493787,Campeonato Brasileiro Série A,Campeonato Brasileiro Série A,2024,2024-04-28 14:00:00+00:00,CR Flamengo,Botafogo FR,0,2
493784,Campeonato Brasileiro Série A,Campeonato Brasileiro Série A,2024,2024-04-28 19:00:00+00:00,SC Corinthians Paulista,Fluminense FC,3,0
493785,Campeonato Brasileiro Série A,Campeonato Brasileiro Série A,2024,2024-04-28 19:00:00+00:00,Cruzeiro EC,EC Vitória,3,1
493788,Campeonato Brasileiro Série A,Campeonato Brasileiro Série A,2024,2024-04-28 21:30:00+00:00,Fortaleza EC,RB Bragantino,1,1
493790,Campeonato Brasileiro Série A,Campeonato Brasileiro Série A,2024,2024-04-28 21:30:00+00:00,EC Juventude,CA Paranaense,1,1
493789,Campeonato Brasileiro Série A,Campeonato Brasileiro Série A,2024,2024-04-28 23:00:00+00:00,SC Internacional,AC Goianiense,1,1
493791,Campeonato Brasileiro Série A,Campeonato Brasileiro Série A,2024,2024-04-29 23:00:00+00:00,São Paulo FC,SE Palmeiras,0,0
493799,Campeonato Brasileiro Série A,Campeonato Brasileiro Série A,2024,2024-05-04 19:00:00+00:00,Fluminense FC,CA Mineiro,2,2
493795,Campeonato Brasileiro Série A,Campeonato Brasileiro Série A,2024,2024-05-04 21:30:00+00:00,RB Bragantino,CR Flamengo,1,1
493796,Campeonato Brasileiro Série A,Campeonato Brasileiro Série A,2024,2024-05-05 00:00:00+00:00,SC Corinthians Paulista,Fortaleza EC,0,0
493802,Campeonato Brasileiro Série A,Campeonato Brasileiro Série A,2024,2024-05-05 19:00:00+00:00,EC Vitória,São Paulo FC,1,3
493793,Campeonato Brasileiro Série A,Campeonato Brasileiro Série A,2024,2024-05-05 19:00:00+00:00,CA Paranaense,CR Vasco da Gama,1,0
493798,Campeonato Brasileiro Série A,Campeonato Brasileiro Série A,2024,2024-05-05 21:30:00+00:00,Cuiabá EC,SE Palmeiras,0,2
493794,Campeonato Brasileiro Série A,Campeonato Brasileiro Série A,2024,2024-05-05 21:30:00+00:00,Botafogo FR,EC Bahia,1,2
493807,Campeonato Brasileiro Série A,Campeonato Brasileiro Série A,2024,2024-05-11 19:00:00+00:00,CR Flamengo,SC Corinthians Paulista,2,0
493803,Campeonato Brasileiro Série A,Campeonato Brasileiro Série A,2024,2024-05-12 19:00:00+00:00,AC Goianiense,Cruzeiro EC,0,1
493808,Campeonato Brasileiro Série A,Campeonato Brasileiro Série A,2024,2024-05-12 19:00:00+00:00,Fortaleza EC,Botafogo FR,1,1
493810,Campeonato Brasileiro Série A,Campeonato Brasileiro Série A,2024,2024-05-12 19:00:00+00:00,SE Palmeiras,CA Paranaense,0,2
493805,Campeonato Brasileiro Série A,Campeonato Brasileiro Série A,2024,2024-05-12 21:30:00+00:00,EC Bahia,RB Bragantino,1,0
493812,Campeonato Brasileiro Série A,Campeonato Brasileiro Série A,2024,2024-05-12 21:30:00+00:00,CR Vasco da Gama,EC Vitória,2,1
493811,Campeonato Brasileiro Série A,Campeonato Brasileiro Série A,2024,2024-05-13 23:00:00+00:00,São Paulo FC,Fluminense FC,2,1
493819,Campeonato Brasileiro Série A,Campeonato Brasileiro Série A,2024,2024-06-01 19:00:00+00:00,Grêmio FBPA,RB Bragantino,0,2
493822,Campeonato Brasileiro Série A,Campeonato Brasileiro Série A,2024,2024-06-01 19:00:00+00:00,EC Vitória,AC Goianiense,0,2
493816,Campeonato Brasileiro Série A,Campeonato Brasileiro Série A,2024,2024-06-01 21:30:00+00:00,Cuiabá EC,SC Internacional,0,1
493817,Campeonato Brasileiro Série A,Campeonato Brasileiro Série A,2024,2024-06-01 21:30:00+00:00,Fluminense FC,EC Juventude,1,1
493814,Campeonato Brasileiro Série A,Campeonato Brasileiro Série A,2024,2024-06-02 00:00:00+00:00,SC Corinthians Paulista,Botafogo FR,0,1
493821,Campeonato Brasileiro Série A,Campeonato Brasileiro Série A,2024,2024-06-02 19:00:00+00:00,CR Vasco da Gama,CR Flamengo,1,6
493815,Campeonato Brasileiro Série A,Campeonato Brasileiro Série A,2024,2024-06-02 19:00:00+00:00,Criciúma EC,SE Palmeiras,1,2
493813,Campeonato Brasileiro Série A,Campeonato Brasileiro Série A,2024,2024-06-02 19:00:00+00:00,CA Mineiro,EC Bahia,1,1
493818,Campeonato Brasileiro Série A,Campeonato Brasileiro Série A,2024,2024-06-02 21:30:00+00:00,Fortaleza EC,CA Paranaense,1,0
493820,Campeonato Brasileiro Série A,Campeonato Brasileiro Série A,2024,2024-06-02 21:30:00+00:00,São Paulo FC,Cruzeiro EC,2,0
493801,Campeonato Brasileiro Série A,Campeonato Brasileiro Série A,2024,2024-06-05 22:00:00+00:00,EC Juventude,AC Goianiense,1,0
493767,Campeonato Brasileiro Série A,Campeonato Brasileiro Série A,2024,2024-06-05 23:00:00+00:00,Cuiabá EC,EC Vitória,0,0
493806,Campeonato Brasileiro Série A,Campeonato Brasileiro Série A,2024,2024-06-09 19:00:00+00:00,Criciúma EC,Cuiabá EC,2,5
493824,Campeonato Brasileiro Série A,Campeonato Brasileiro Série A,2024,2024-06-11 22:00:00+00:00,AC Goianiense,SC Corinthians Paulista,2,2
493831,Campeonato Brasileiro Série A,Campeonato Brasileiro Série A,2024,2024-06-11 22:00:00+00:00,EC Juventude,EC Vitória,1,1
493826,Campeonato Brasileiro Série A,Campeonato Brasileiro Série A,2024,2024-06-11 23:00:00+00:00,Botafogo FR,Fluminense FC,1,0
493827,Campeonato Brasileiro Série A,Campeonato Brasileiro Série A,2024,2024-06-12 00:30:00+00:00,RB Bragantino,CA Mineiro,1,2
493828,Campeonato Brasileiro Série A,Campeonato Brasileiro Série A,2024,2024-06-13 22:00:00+00:00,Cruzeiro EC,Cuiabá EC,2,1
493829,Campeonato Brasileiro Série A,Campeonato Brasileiro Série A,2024,2024-06-13 23:00:00+00:00,CR Flamengo,Grêmio FBPA,2,1
493830,Campeonato Brasileiro Série A,Campeonato Brasileiro Série A,2024,2024-06-13 23:00:00+00:00,SC Internacional,São Paulo FC,0,0
493823,Campeonato Brasileiro Série A,Campeonato Brasileiro Série A,2024,2024-06-13 23:00:00+00:00,CA Paranaense,Criciúma EC,3,1
493825,Campeonato Brasileiro Série A,Campeonato Brasileiro Série A,2024,2024-06-14 00:30:00+00:00,EC Bahia,Fortaleza EC,1,0
493832,Campeonato Brasileiro Série A,Campeonato Brasileiro Série A,2024,2024-06-14 00:30:00+00:00,SE Palmeiras,CR Vasco da Gama,2,0
428747,European Championship,European Championship,2024,2024-06-14 19:00:00+00:00,Germany,Scotland,5,1
428746,European Championship,European Championship,2024,2024-06-15 13:00:00+00:00,Hungary,Switzerland,1,3
428753,European Championship,European Championship,2024,2024-06-15 16:00:00+00:00,Spain,Croatia,3,0
428752,European Championship,European Championship,2024,2024-06-15 19:00:00+00:00,Italy,Albania,2,1
493835,Campeonato Brasileiro Série A,Campeonato Brasileiro Série A,2024,2024-06-15 21:30:00+00:00,RB Bragantino,EC Juventude,2,1
493839,Campeonato Brasileiro Série A,Campeonato Brasileiro Série A,2024,2024-06-16 00:00:00+00:00,Fluminense FC,AC Goianiense,1,2
428765,European Championship,European Championship,2024,2024-06-16 13:00:00+00:00,Poland,Netherlands,1,2
428758,European Championship,European Championship,2024,2024-06-16 16:00:00+00:00,Slovenia,Denmark,1,1
493836,Campeonato Brasileiro Série A,Campeonato Brasileiro Série A,2024,2024-06-16 19:00:00+00:00,SC Corinthians Paulista,São Paulo FC,2,2
428759,European Championship,European Championship,2024,2024-06-16 19:00:00+00:00,Serbia,England,0,1
493833,Campeonato Brasileiro Série A,Campeonato Brasileiro Série A,2024,2024-06-16 19:00:00+00:00,CA Paranaense,CR Flamengo,1,1
493842,Campeonato Brasileiro Série A,Campeonato Brasileiro Série A,2024,2024-06-16 19:00:00+00:00,EC Vitória,SC Internacional,2,1
493837,Campeonato Brasileiro Série A,Campeonato Brasileiro Série A,2024,2024-06-16 21:30:00+00:00,Criciúma EC,EC Bahia,2,2
493838,Campeonato Brasileiro Série A,Campeonato Brasileiro Série A,2024,2024-06-16 21:30:00+00:00,Cuiabá EC,Fortaleza EC,5,0
493840,Campeonato Brasileiro Série A,Campeonato Brasileiro Série A,2024,2024-06-16 21:30:00+00:00,Grêmio FBPA,Botafogo FR,1,2
493841,Campeonato Brasileiro Série A,Campeonato Brasileiro Série A,2024,2024-06-16 21:30:00+00:00,CR Vasco da Gama,Cruzeiro EC,0,0
428770,European Championship,European Championship,2024,2024-06-17 13:00:00+00:00,Romania,Ukraine,3,0
428771,European Championship,European Championship,2024,2024-06-17 16:00:00+00:00,Belgium,Slovakia,0,1
428764,European Championship,European Championship,2024,2024-06-17 19:00:00+00:00,Austria,France,0,1
493834,Campeonato Brasileiro Série A,Campeonato Brasileiro Série A,2024,2024-06-17 23:30:00+00:00,CA Mineiro,SE Palmeiras,0,4
428776,European Championship,European Championship,2024,2024-06-18 16:00:00+00:00,Turkey,Georgia,3,1
428777,European Championship,European Championship,2024,2024-06-18 19:00:00+00:00,Portugal,Czechia,2,1
428751,European Championship,European Championship,2024,2024-06-19 13:00:00+00:00,Croatia,Albania,2,2
428744,European Championship,European Championship,2024,2024-06-19 16:00:00+00:00,Germany,Hungary,2,0
428745,European Championship,European Championship,2024,2024-06-19 19:00:00+00:00,Scotland,Switzerland,1,1
493844,Campeonato Brasileiro Série A,Campeonato Brasileiro Série A,2024,2024-06-19 22:00:00+00:00,Botafogo FR,CA Paranaense,1,1
493843,Campeonato Brasileiro Série A,Campeonato Brasileiro Série A,2024,2024-06-19 22:00:00+00:00,AC Goianiense,Criciúma EC,1,2
493849,Campeonato Brasileiro Série A,Campeonato Brasileiro Série A,2024,2024-06-19 23:00:00+00:00,EC Juventude,CR Vasco da Gama,2,0
493851,Campeonato Brasileiro Série A,Campeonato Brasileiro Série A,2024,2024-06-19 23:00:00+00:00,São Paulo FC,Cuiabá EC,0,1
493847,Campeonato Brasileiro Série A,Campeonato Brasileiro Série A,2024,2024-06-19 23:00:00+00:00,Fortaleza EC,Grêmio FBPA,1,0
493845,Campeonato Brasileiro Série A,Campeonato Brasileiro Série A,2024,2024-06-20 00:30:00+00:00,Cruzeiro EC,Fluminense FC,2,0
493848,Campeonato Brasileiro Série A,Campeonato Brasileiro Série A,2024,2024-06-20 00:30:00+00:00,SC Internacional,SC Corinthians Paulista,1,0
428756,European Championship,European Championship,2024,2024-06-20 13:00:00+00:00,Slovenia,Serbia,1,1
428757,European Championship,European Championship,2024,2024-06-20 16:00:00+00:00,Denmark,England,1,1
428750,European Championship,European Championship,2024,2024-06-20 19:00:00+00:00,Spain,Italy,1,0
493852,Campeonato Brasileiro Série A,Campeonato Brasileiro Série A,2024,2024-06-20 21:30:00+00:00,EC Vitória,CA Mineiro,4,2
493846,Campeonato Brasileiro Série A,Campeonato Brasileiro Série A,2024,2024-06-20 23:00:00+00:00,CR Flamengo,EC Bahia,2,1
493850,Campeonato Brasileiro Série A,Campeonato Brasileiro Série A,2024,2024-06-21 00:30:00+00:00,SE Palmeiras,RB Bragantino,2,1
428769,European Championship,European Championship,2024,2024-06-21 13:00:00+00:00,Slovakia,Ukraine,1,2
428763,European Championship,European Championship,2024,2024-06-21 16:00:00+00:00,Poland,Austria,1,3
428762,European Championship,European Championship,2024,2024-06-21 19:00:00+00:00,Netherlands,France,0,0
428775,European Championship,European Championship,2024,2024-06-22 13:00:00+00:00,Georgia,Czechia,1,1
428774,European Championship,European Championship,2024,2024-06-22 16:00:00+00:00,Turkey,Portugal,0,3
428768,European Championship,European Championship,2024,2024-06-22 19:00:00+00:00,Belgium,Romania,2,0
493857,Campeonato Brasileiro Série A,Campeonato Brasileiro Série A,2024,2024-06-22 19:00:00+00:00,Criciúma EC,Botafogo FR,2,1
493860,Campeonato Brasileiro Série A,Campeonato Brasileiro Série A,2024,2024-06-22 20:30:00+00:00,Grêmio FBPA,SC Internacional,0,1
493858,Campeonato Brasileiro Série A,Campeonato Brasileiro Série A,2024,2024-06-22 21:30:00+00:00,Cuiabá EC,AC Goianiense,0,0
493862,Campeonato Brasileiro Série A,Campeonato Brasileiro Série A,2024,2024-06-23 00:30:00+00:00,CR Vasco da Gama,São Paulo FC,4,1
428742,European Championship,European Championship,2024,2024-06-23 19:00:00+00:00,Scotland,Hungary,0,1
493853,Campeonato Brasileiro Série A,Campeonato Brasileiro Série A,2024,2024-06-23 19:00:00+00:00,CA Paranaense,SC Corinthians Paulista,1,1
493855,Campeonato Brasileiro Série A,Campeonato Brasileiro Série A,2024,2024-06-23 19:00:00+00:00,EC Bahia,Cruzeiro EC,4,1
493859,Campeonato Brasileiro Série A,Campeonato Brasileiro Série A,2024,2024-06-23 19:00:00+00:00,Fluminense FC,CR Flamengo,0,1
428743,European Championship,European Championship,2024,2024-06-23 19:00:00+00:00,Switzerland,Germany,1,1
493854,Campeonato Brasileiro Série A,Campeonato Brasileiro Série A,2024,2024-06-23 21:30:00+00:00,CA Mineiro,Fortaleza EC,1,1
493856,Campeonato Brasileiro Série A,Campeonato Brasileiro Série A,2024,2024-06-23 21:30:00+00:00,RB Bragantino,EC Vitória,2,1
493861,Campeonato Brasileiro Série A,Campeonato Brasileiro Série A,2024,2024-06-23 21:30:00+00:00,SE Palmeiras,EC Juventude,3,1
428748,European Championship,European Championship,2024,2024-06-24 19:00:00+00:00,Albania,Spain,0,1
428749,European Championship,European Championship,2024,2024-06-24 19:00:00+00:00,Croatia,Italy,1,1
428760,European Championship,European Championship,2024,2024-06-25 16:00:00+00:00,France,Poland,1,1
428761,European Championship,European Championship,2024,2024-06-25 16:00:00+00:00,Netherlands,Austria,2,3
428755,European Championship,European Championship,2024,2024-06-25 19:00:00+00:00,England,Slovenia,0,0
428754,European Championship,European Championship,2024,2024-06-25 19:00:00+00:00,Denmark,Serbia,0,0
428766,European Championship,European Championship,2024,2024-06-26 16:00:00+00:00,Ukraine,Belgium,0,0
428767,European Championship,European Championship,2024,2024-06-26 16:00:00+00:00,Slovakia,Romania,1,1
428772,European Championship,European Championship,2024,2024-06-26 19:00:00+00:00,Czechia,Turkey,1,2
428773,European Championship,European Championship,2024,2024-06-26 19:00:00+00:00,Georgia,Portugal,2,0
493865,Campeonato Brasileiro Série A,Campeonato Brasileiro Série A,2024,2024-06-26 22:00:00+00:00,Botafogo FR,RB Bragantino,2,1
493867,Campeonato Brasileiro Série A,Campeonato Brasileiro Série A,2024,2024-06-26 22:00:00+00:00,Cruzeiro EC,CA Paranaense,2,0
493866,Campeonato Brasileiro Série A,Campeonato Brasileiro Série A,2024,2024-06-26 23:00:00+00:00,SC Corinthians Paulista,Cuiabá EC,1,1
493871,Campeonato Brasileiro Série A,Campeonato Brasileiro Série A,2024,2024-06-26 23:00:00+00:00,EC Juventude,CR Flamengo,2,1
493863,Campeonato Brasileiro Série A,Campeonato Brasileiro Série A,2024,2024-06-26 23:00:00+00:00,AC Goianiense,Grêmio FBPA,1,1
493870,Campeonato Brasileiro Série A,Campeonato Brasileiro Série A,2024,2024-06-27 00:30:00+00:00,SC Internacional,CA Mineiro,1,2
493869,Campeonato Brasileiro Série A,Campeonato Brasileiro Série A,2024,2024-06-27 00:30:00+00:00,Fortaleza EC,SE Palmeiras,3,0
493864,Campeonato Brasileiro Série A,Campeonato Brasileiro Série A,2024,2024-06-27 00:30:00+00:00,EC Bahia,CR Vasco da Gama,2,1
493868,Campeonato Brasileiro Série A,Campeonato Brasileiro Série A,2024,2024-06-27 22:00:00+00:00,Fluminense FC,EC Vitória,0,1
493872,Campeonato Brasileiro Série A,Campeonato Brasileiro Série A,2024,2024-06-27 23:00:00+00:00,São Paulo FC,Criciúma EC,2,1
428791,European Championship,European Championship,2024,2024-06-29 16:00:00+00:00,Switzerland,Italy,2,0
428792,European Championship,European Championship,2024,2024-06-29 19:00:00+00:00,Germany,Denmark,2,0
493875,Campeonato Brasileiro Série A,Campeonato Brasileiro Série A,2024,2024-06-29 21:30:00+00:00,Cuiabá EC,RB Bragantino,1,1
493881,Campeonato Brasileiro Série A,Campeonato Brasileiro Série A,2024,2024-06-29 21:30:00+00:00,CR Vasco da Gama,Botafogo FR,1,1
493873,Campeonato Brasileiro Série A,Campeonato Brasileiro Série A,2024,2024-06-30 14:00:00+00:00,CA Mineiro,AC Goianiense,1,1
428789,European Championship,European Championship,2024,2024-06-30 16:00:00+00:00,England,Slovakia,2,1
493878,Campeonato Brasileiro Série A,Campeonato Brasileiro Série A,2024,2024-06-30 19:00:00+00:00,Grêmio FBPA,Fluminense FC,1,0
493880,Campeonato Brasileiro Série A,Campeonato Brasileiro Série A,2024,2024-06-30 19:00:00+00:00,São Paulo FC,EC Bahia,3,1
428790,European Championship,European Championship,2024,2024-06-30 19:00:00+00:00,Spain,Georgia,4,1
493877,Campeonato Brasileiro Série A,Campeonato Brasileiro Série A,2024,2024-06-30 19:00:00+00:00,Fortaleza EC,EC Juventude,2,1
493882,Campeonato Brasileiro Série A,Campeonato Brasileiro Série A,2024,2024-06-30 21:30:00+00:00,EC Vitória,CA Paranaense,0,1
493876,Campeonato Brasileiro Série A,Campeonato Brasileiro Série A,2024,2024-06-30 21:30:00+00:00,CR Flamengo,Cruzeiro EC,2,1
493874,Campeonato Brasileiro Série A,Campeonato Brasileiro Série A,2024,2024-06-30 21:30:00+00:00,Criciúma EC,SC Internacional,1,1
428787,European Championship,European Championship,2024,2024-07-01 16:00:00+00:00,France,Belgium,1,0
428788,European Championship,European Championship,2024,2024-07-01 19:00:00+00:00,Portugal,Slovenia,3,0
493879,Campeonato Brasileiro Série A,Campeonato Brasileiro Série A,2024,2024-07-01 23:00:00+00:00,SE Palmeiras,SC Corinthians Paulista,2,0
428786,European Championship,European Championship,2024,2024-07-02 16:00:00+00:00,Romania,Netherlands,0,3
428785,European Championship,European Championship,2024,2024-07-02 19:00:00+00:00,Austria,Turkey,1,2
493889,Campeonato Brasileiro Série A,Campeonato Brasileiro Série A,2024,2024-07-03 22:00:00+00:00,Cuiabá EC,Botafogo FR,1,2
493888,Campeonato Brasileiro Série A,Campeonato Brasileiro Série A,2024,2024-07-03 23:00:00+00:00,Criciúma EC,Cruzeiro EC,1,0
493892,Campeonato Brasileiro Série A,Campeonato Brasileiro Série A,2024,2024-07-03 23:00:00+00:00,CR Vasco da Gama,Fortaleza EC,2,0
493886,Campeonato Brasileiro Série A,Campeonato Brasileiro Série A,2024,2024-07-04 00:30:00+00:00,RB Bragantino,AC Goianiense,3,1
493884,Campeonato Brasileiro Série A,Campeonato Brasileiro Série A,2024,2024-07-04 00:30:00+00:00,CA Mineiro,CR Flamengo,2,4
493883,Campeonato Brasileiro Série A,Campeonato Brasileiro Série A,2024,2024-07-04 00:30:00+00:00,CA Paranaense,São Paulo FC,1,2
493891,Campeonato Brasileiro Série A,Campeonato Brasileiro Série A,2024,2024-07-04 22:00:00+00:00,Grêmio FBPA,SE Palmeiras,2,2
493885,Campeonato Brasileiro Série A,Campeonato Brasileiro Série A,2024,2024-07-04 22:00:00+00:00,EC Bahia,EC Juventude,2,0
493890,Campeonato Brasileiro Série A,Campeonato Brasileiro Série A,2024,2024-07-04 23:00:00+00:00,Fluminense FC,SC Internacional,1,1
493887,Campeonato Brasileiro Série A,Campeonato Brasileiro Série A,2024,2024-07-04 23:00:00+00:00,SC Corinthians Paulista,EC Vitória,3,2
495401,European Championship,European Championship,2024,2024-07-05 16:00:00+00:00,Spain,Germany,2,1
495402,European Championship,European Championship,2024,2024-07-05 19:00:00+00:00,Portugal,France,3,5
495403,European Championship,European Championship,2024,2024-07-06 16:00:00+00:00,England,Switzerland,6,4
495404,European Championship,European Championship,2024,2024-07-06 19:00:00+00:00,Netherlands,Turkey,2,1
493896,Campeonato Brasileiro Série A,Campeonato Brasileiro Série A,2024,2024-07-06 23:00:00+00:00,CR Flamengo,Cuiabá EC,1,1
493901,Campeonato Brasileiro Série A,Campeonato Brasileiro Série A,2024,2024-07-06 23:00:00+00:00,São Paulo FC,RB Bragantino,2,0
493899,Campeonato Brasileiro Série A,Campeonato Brasileiro Série A,2024,2024-07-07 19:00:00+00:00,EC Juventude,Grêmio FBPA,3,0
493897,Campeonato Brasileiro Série A,Campeonato Brasileiro Série A,2024,2024-07-07 19:00:00+00:00,Fortaleza EC,Fluminense FC,1,0
493895,Campeonato Brasileiro Série A,Campeonato Brasileiro Série A,2024,2024-07-07 19:00:00+00:00,Cruzeiro EC,SC Corinthians Paulista,3,0
493898,Campeonato Brasileiro Série A,Campeonato Brasileiro Série A,2024,2024-07-07 21:00:00+00:00,SC Internacional,CR Vasco da Gama,1,2
493902,Campeonato Brasileiro Série A,Campeonato Brasileiro Série A,2024,2024-07-07 21:30:00+00:00,EC Vitória,Criciúma EC,2,1
493893,Campeonato Brasileiro Série A,Campeonato Brasileiro Série A,2024,2024-07-07 21:30:00+00:00,AC Goianiense,CA Paranaense,1,2
493900,Campeonato Brasileiro Série A,Campeonato Brasileiro Série A,2024,2024-07-07 21:30:00+00:00,SE Palmeiras,EC Bahia,2,0
493894,Campeonato Brasileiro Série A,Campeonato Brasileiro Série A,2024,2024-07-07 23:30:00+00:00,Botafogo FR,CA Mineiro,3,0
428780,European Championship,European Championship,2024,2024-07-09 19:00:00+00:00,Spain,France,2,1
428779,European Championship,European Championship,2024,2024-07-10 19:00:00+00:00,Netherlands,England,1,2
493909,Campeonato Brasileiro Série A,Campeonato Brasileiro Série A,2024,2024-07-10 21:30:00+00:00,Grêmio FBPA,Cruzeiro EC,0,2
493911,Campeonato Brasileiro Série A,Campeonato Brasileiro Série A,2024,2024-07-10 22:00:00+00:00,CR Vasco da Gama,SC Corinthians Paulista,2,0
493903,Campeonato Brasileiro Série A,Campeonato Brasileiro Série A,2024,2024-07-10 22:00:00+00:00,CA Paranaense,EC Bahia,1,3
493910,Campeonato Brasileiro Série A,Campeonato Brasileiro Série A,2024,2024-07-11 22:30:00+00:00,SE Palmeiras,AC Goianiense,3,1
493906,Campeonato Brasileiro Série A,Campeonato Brasileiro Série A,2024,2024-07-11 23:00:00+00:00,Criciúma EC,Fluminense FC,1,1
493908,Campeonato Brasileiro Série A,Campeonato Brasileiro Série A,2024,2024-07-11 23:00:00+00:00,CR Flamengo,Fortaleza EC,1,2
493904,Campeonato Brasileiro Série A,Campeonato Brasileiro Série A,2024,2024-07-12 00:30:00+00:00,CA Mineiro,São Paulo FC,2,1
493912,Campeonato Brasileiro Série A,Campeonato Brasileiro Série A,2024,2024-07-12 00:30:00+00:00,EC Vitória,Botafogo FR,0,1
493914,Campeonato Brasileiro Série A,Campeonato Brasileiro Série A,2024,2024-07-13 19:00:00+00:00,EC Bahia,Cuiabá EC,1,2
493917,Campeonato Brasileiro Série A,Campeonato Brasileiro Série A,2024,2024-07-13 19:00:00+00:00,Cruzeiro EC,RB Bragantino,2,1
428778,European Championship,European Championship,2024,2024-07-14 19:00:00+00:00,Spain,England,2,1
493921,Campeonato Brasileiro Série A,Campeonato Brasileiro Série A,2024,2024-07-16 22:00:00+00:00,EC Juventude,CA Mineiro,1,1
493916,Campeonato Brasileiro Série A,Campeonato Brasileiro Série A,2024,2024-07-17 00:00:00+00:00,SC Corinthians Paulista,Criciúma EC,2,1
493913,Campeonato Brasileiro Série A,Campeonato Brasileiro Série A,2024,2024-07-17 22:00:00+00:00,AC Goianiense,CR Vasco da Gama,0,1
493922,Campeonato Brasileiro Série A,Campeonato Brasileiro Série A,2024,2024-07-17 23:00:00+00:00,São Paulo FC,Grêmio FBPA,1,0
493919,Campeonato Brasileiro Série A,Campeonato Brasileiro Série A,2024,2024-07-18 00:30:00+00:00,Fortaleza EC,EC Vitória,3,1
493915,Campeonato Brasileiro Série A,Campeonato Brasileiro Série A,2024,2024-07-18 00:30:00+00:00,Botafogo FR,SE Palmeiras,1,0
493928,Campeonato Brasileiro Série A,Campeonato Brasileiro Série A,2024,2024-07-20 19:00:00+00:00,CR Flamengo,Criciúma EC,2,1
493925,Campeonato Brasileiro Série A,Campeonato Brasileiro Série A,2024,2024-07-20 21:30:00+00:00,Botafogo FR,SC Internacional,1,0
493932,Campeonato Brasileiro Série A,Campeonato Brasileiro Série A,2024,2024-07-21 00:00:00+00:00,SE Palmeiras,Cruzeiro EC,2,0
493930,Campeonato Brasileiro Série A,Campeonato Brasileiro Série A,2024,2024-07-21 14:00:00+00:00,Grêmio FBPA,EC Vitória,2,0
493923,Campeonato Brasileiro Série A,Campeonato Brasileiro Série A,2024,2024-07-21 19:00:00+00:00,CA Mineiro,CR Vasco da Gama,2,0
493924,Campeonato Brasileiro Série A,Campeonato Brasileiro Série A,2024,2024-07-21 19:00:00+00:00,EC Bahia,SC Corinthians Paulista,0,1
493931,Campeonato Brasileiro Série A,Campeonato Brasileiro Série A,2024,2024-07-21 21:30:00+00:00,EC Juventude,São Paulo FC,0,0
493926,Campeonato Brasileiro Série A,Campeonato Brasileiro Série A,2024,2024-07-21 21:30:00+00:00,RB Bragantino,CA Paranaense,1,0
493929,Campeonato Brasileiro Série A,Campeonato Brasileiro Série A,2024,2024-07-21 21:30:00+00:00,Fortaleza EC,AC Goianiense,3,1
493927,Campeonato Brasileiro Série A,Campeonato Brasileiro Série A,2024,2024-07-21 23:00:00+00:00,Cuiabá EC,Fluminense FC,0,1
493778,Campeonato Brasileiro Série A,Campeonato Brasileiro Série A,2024,2024-07-24 22:00:00+00:00,Criciúma EC,Fortaleza EC,1,1
493937,Campeonato Brasileiro Série A,Campeonato Brasileiro Série A,2024,2024-07-24 22:00:00+00:00,Cruzeiro EC,EC Juventude,2,0
493940,Campeonato Brasileiro Série A,Campeonato Brasileiro Série A,2024,2024-07-24 22:30:00+00:00,São Paulo FC,Botafogo FR,2,2
493942,Campeonato Brasileiro Série A,Campeonato Brasileiro Série A,2024,2024-07-24 23:00:00+00:00,EC Vitória,CR Flamengo,1,2
493934,Campeonato Brasileiro Série A,Campeonato Brasileiro Série A,2024,2024-07-25 00:30:00+00:00,AC Goianiense,EC Bahia,1,1
493938,Campeonato Brasileiro Série A,Campeonato Brasileiro Série A,2024,2024-07-25 00:30:00+00:00,Fluminense FC,SE Palmeiras,1,0
493935,Campeonato Brasileiro Série A,Campeonato Brasileiro Série A,2024,2024-07-25 23:00:00+00:00,SC Corinthians Paulista,Grêmio FBPA,2,2
493952,Campeonato Brasileiro Série A,Campeonato Brasileiro Série A,2024,2024-07-27 22:00:00+00:00,SE Palmeiras,EC Vitória,0,2
493951,Campeonato Brasileiro Série A,Campeonato Brasileiro Série A,2024,2024-07-27 22:00:00+00:00,EC Juventude,Criciúma EC,1,2
493944,Campeonato Brasileiro Série A,Campeonato Brasileiro Série A,2024,2024-07-27 23:00:00+00:00,EC Bahia,SC Internacional,1,1
493945,Campeonato Brasileiro Série A,Campeonato Brasileiro Série A,2024,2024-07-28 00:30:00+00:00,Botafogo FR,Cruzeiro EC,0,3
493949,Campeonato Brasileiro Série A,Campeonato Brasileiro Série A,2024,2024-07-28 00:30:00+00:00,Fortaleza EC,São Paulo FC,1,0
493946,Campeonato Brasileiro Série A,Campeonato Brasileiro Série A,2024,2024-07-28 14:00:00+00:00,RB Bragantino,Fluminense FC,0,1
493948,Campeonato Brasileiro Série A,Campeonato Brasileiro Série A,2024,2024-07-28 19:00:00+00:00,CR Flamengo,AC Goianiense,2,0
493950,Campeonato Brasileiro Série A,Campeonato Brasileiro Série A,2024,2024-07-28 22:00:00+00:00,Grêmio FBPA,CR Vasco da Gama,1,0
493947,Campeonato Brasileiro Série A,Campeonato Brasileiro Série A,2024,2024-07-28 22:00:00+00:00,Cuiabá EC,CA Paranaense,1,2
493943,Campeonato Brasileiro Série A,Campeonato Brasileiro Série A,2024,2024-07-28 22:00:00+00:00,CA Mineiro,SC Corinthians Paulista,2,1
493962,Campeonato Brasileiro Série A,Campeonato Brasileiro Série A,2024,2024-08-03 19:00:00+00:00,EC Vitória,Cuiabá EC,1,0
493961,Campeonato Brasileiro Série A,Campeonato Brasileiro Série A,2024,2024-08-03 22:00:00+00:00,CR Vasco da Gama,RB Bragantino,2,2
493954,Campeonato Brasileiro Série A,Campeonato Brasileiro Série A,2024,2024-08-03 23:00:00+00:00,AC Goianiense,Botafogo FR,1,4
493956,Campeonato Brasileiro Série A,Campeonato Brasileiro Série A,2024,2024-08-03 23:00:00+00:00,Criciúma EC,CA Mineiro,2,1
493960,Campeonato Brasileiro Série A,Campeonato Brasileiro Série A,2024,2024-08-04 00:30:00+00:00,São Paulo FC,CR Flamengo,1,0
493953,Campeonato Brasileiro Série A,Campeonato Brasileiro Série A,2024,2024-08-04 19:00:00+00:00,CA Paranaense,Grêmio FBPA,0,2
493955,Campeonato Brasileiro Série A,Campeonato Brasileiro Série A,2024,2024-08-04 19:00:00+00:00,SC Corinthians Paulista,EC Juventude,1,1
493958,Campeonato Brasileiro Série A,Campeonato Brasileiro Série A,2024,2024-08-04 19:00:00+00:00,Fluminense FC,EC Bahia,1,0
493959,Campeonato Brasileiro Série A,Campeonato Brasileiro Série A,2024,2024-08-04 20:00:00+00:00,SC Internacional,SE Palmeiras,1,1
493957,Campeonato Brasileiro Série A,Campeonato Brasileiro Série A,2024,2024-08-06 00:00:00+00:00,Cruzeiro EC,Fortaleza EC,1,2
498993,Eredivisie,Eredivisie,2024,2024-08-09 18:00:00+00:00,FC Groningen,NAC Breda,4,1
500445,Championship,Championship,2024,2024-08-09 19:00:00+00:00,Blackburn Rovers FC,Derby County FC,4,2
500446,Championship,Championship,2024,2024-08-09 19:00:00+00:00,Preston North End FC,Sheffield United FC,0,2
504020,Primeira Liga,Primeira Liga,2024,2024-08-09 19:15:00+00:00,Sporting Clube de Portugal,Rio Ave FC,3,1
500452,Championship,Championship,2024,2024-08-10 11:30:00+00:00,Oxford United FC,Norwich City FC,2,0
500451,Championship,Championship,2024,2024-08-10 11:30:00+00:00,Millwall FC,Watford FC,2,3
500454,Championship,Championship,2024,2024-08-10 11:30:00+00:00,Stoke City FC,Coventry City FC,1,0
500450,Championship,Championship,2024,2024-08-10 11:30:00+00:00,Middlesbrough FC,Swansea City AFC,1,0
500449,Championship,Championship,2024,2024-08-10 11:30:00+00:00,Leeds United FC,Portsmouth FC,3,3
500448,Championship,Championship,2024,2024-08-10 11:30:00+00:00,Hull City AFC,Bristol City FC,1,1
500447,Championship,Championship,2024,2024-08-10 11:30:00+00:00,Cardiff City FC,Sunderland AFC,0,2
500453,Championship,Championship,2024,2024-08-10 11:30:00+00:00,Queens Park Rangers FC,West Bromwich Albion FC,1,3
498994,Eredivisie,Eredivisie,2024,2024-08-10 14:30:00+00:00,Feyenoord Rotterdam,Willem II Tilburg,1,1
504016,Primeira Liga,Primeira Liga,2024,2024-08-10 14:30:00+00:00,AVS,CD Nacional,1,1
498995,Eredivisie,Eredivisie,2024,2024-08-10 16:45:00+00:00,NEC,FC Twente '65,1,2
504021,Primeira Liga,Primeira Liga,2024,2024-08-10 17:00:00+00:00,Casa Pia AC,Boavista FC,0,1
498999,Eredivisie,Eredivisie,2024,2024-08-10 18:00:00+00:00,Almere City FC,AZ,0,1
493968,Campeonato Brasileiro Série A,Campeonato Brasileiro Série A,2024,2024-08-10 19:00:00+00:00,Fortaleza EC,Criciúma EC,1,0
498997,Eredivisie,Eredivisie,2024,2024-08-10 19:00:00+00:00,PSV,RKC Waalwijk,5,1
504024,Primeira Liga,Primeira Liga,2024,2024-08-10 19:30:00+00:00,FC Porto,Gil Vicente FC,3,0
493966,Campeonato Brasileiro Série A,Campeonato Brasileiro Série A,2024,2024-08-10 22:00:00+00:00,Cuiabá EC,Grêmio FBPA,1,3
493964,Campeonato Brasileiro Série A,Campeonato Brasileiro Série A,2024,2024-08-11 00:30:00+00:00,SC Corinthians Paulista,RB Bragantino,1,1
493965,Campeonato Brasileiro Série A,Campeonato Brasileiro Série A,2024,2024-08-11 00:30:00+00:00,Cruzeiro EC,CA Mineiro,0,0
493972,Campeonato Brasileiro Série A,Campeonato Brasileiro Série A,2024,2024-08-11 00:30:00+00:00,CR Vasco da Gama,Fluminense FC,2,0
498998,Eredivisie,Eredivisie,2024,2024-08-11 10:15:00+00:00,Sparta Rotterdam,Heracles Almelo,0,0
499000,Eredivisie,Eredivisie,2024,2024-08-11 12:30:00+00:00,Go Ahead Eagles,Fortuna Sittard,0,2
498996,Eredivisie,Eredivisie,2024,2024-08-11 12:30:00+00:00,FC Utrecht,PEC Zwolle,1,0
493970,Campeonato Brasileiro Série A,Campeonato Brasileiro Série A,2024,2024-08-11 14:00:00+00:00,EC Juventude,Botafogo FR,3,2
504023,Primeira Liga,Primeira Liga,2024,2024-08-11 14:30:00+00:00,GD Estoril Praia,CD Santa Clara,1,4
499001,Eredivisie,Eredivisie,2024,2024-08-11 14:45:00+00:00,AFC Ajax,SC Heerenveen,1,0
500455,Championship,Championship,2024,2024-08-11 15:00:00+00:00,Sheffield Wednesday FC,Plymouth Argyle FC,4,0
504018,Primeira Liga,Primeira Liga,2024,2024-08-11 17:00:00+00:00,FC Famalicão,Sport Lisboa e Benfica,2,0
504017,Primeira Liga,Primeira Liga,2024,2024-08-11 17:00:00+00:00,SC Farense,Moreirense FC,1,2
493967,Campeonato Brasileiro Série A,Campeonato Brasileiro Série A,2024,2024-08-11 19:00:00+00:00,CR Flamengo,SE Palmeiras,1,1
493971,Campeonato Brasileiro Série A,Campeonato Brasileiro Série A,2024,2024-08-11 19:00:00+00:00,São Paulo FC,AC Goianiense,1,0
493963,Campeonato Brasileiro Série A,Campeonato Brasileiro Série A,2024,2024-08-11 19:00:00+00:00,EC Bahia,EC Vitória,2,0
504022,Primeira Liga,Primeira Liga,2024,2024-08-11 19:30:00+00:00,Sporting Clube de Braga,CF Estrela da Amadora,1,1
493969,Campeonato Brasileiro Série A,Campeonato Brasileiro Série A,2024,2024-08-11 22:00:00+00:00,SC Internacional,CA Paranaense,2,2
500456,Championship,Championship,2024,2024-08-12 19:00:00+00:00,Luton Town FC,Burnley FC,1,4
504019,Primeira Liga,Primeira Liga,2024,2024-08-12 19:15:00+00:00,FC Arouca,Vitória SC,0,1
493809,Campeonato Brasileiro Série A,Campeonato Brasileiro Série A,2024,2024-08-14 22:30:00+00:00,SC Internacional,EC Juventude,2,1
498613,Primera Division,Primera Division,2024,2024-08-15 17:00:00+00:00,Athletic Club,Getafe CF,1,1
498614,Primera Division,Primera Division,2024,2024-08-15 19:30:00+00:00,Real Betis Balompié,Girona FC,1,1
504009,Primeira Liga,Primeira Liga,2024,2024-08-16 16:00:00+00:00,CD Santa Clara,FC Porto,0,2
498616,Primera Division,Primera Division,2024,2024-08-16 17:00:00+00:00,RC Celta de Vigo,Deportivo Alavés,2,1
499002,Eredivisie,Eredivisie,2024,2024-08-16 18:00:00+00:00,Fortuna Sittard,Almere City FC,3,0
497958,Ligue 1,Ligue 1,2024,2024-08-16 18:45:00+00:00,Le Havre AC,Paris Saint-Germain FC,1,4
500459,Championship,Championship,2024,2024-08-16 19:00:00+00:00,Coventry City FC,Oxford United FC,3,2
497410,Premier League,Premier League,2024,2024-08-16 19:00:00+00:00,Manchester United FC,Fulham FC,1,0
504013,Primeira Liga,Primeira Liga,2024,2024-08-16 19:15:00+00:00,Gil Vicente FC,AVS,4,2
498621,Primera Division,Primera Division,2024,2024-08-16 19:30:00+00:00,UD Las Palmas,Sevilla FC,2,2
500460,Championship,Championship,2024,2024-08-17 11:30:00+00:00,Derby County FC,Middlesbrough FC,1,0
500463,Championship,Championship,2024,2024-08-17 11:30:00+00:00,Portsmouth FC,Luton Town FC,0,0
500468,Championship,Championship,2024,2024-08-17 11:30:00+00:00,West Bromwich Albion FC,Leeds United FC,0,0
497411,Premier League,Premier League,2024,2024-08-17 11:30:00+00:00,Ipswich Town FC,Liverpool FC,0,2
497413,Premier League,Premier League,2024,2024-08-17 14:00:00+00:00,Everton FC,Brighton & Hove Albion FC,0,3
500464,Championship,Championship,2024,2024-08-17 14:00:00+00:00,Sheffield United FC,Queens Park Rangers FC,2,2
497412,Premier League,Premier League,2024,2024-08-17 14:00:00+00:00,Arsenal FC,Wolverhampton Wanderers FC,2,0
500462,Championship,Championship,2024,2024-08-17 14:00:00+00:00,Plymouth Argyle FC,Hull City AFC,1,1
500458,Championship,Championship,2024,2024-08-17 14:00:00+00:00,Burnley FC,Cardiff City FC,5,0
497415,Premier League,Premier League,2024,2024-08-17 14:00:00+00:00,Nottingham Forest FC,AFC Bournemouth,1,1
500461,Championship,Championship,2024,2024-08-17 14:00:00+00:00,Norwich City FC,Blackburn Rovers FC,2,2
500467,Championship,Championship,2024,2024-08-17 14:00:00+00:00,Watford FC,Stoke City FC,3,0
500457,Championship,Championship,2024,2024-08-17 14:00:00+00:00,Bristol City FC,Millwall FC,4,3
497414,Premier League,Premier League,2024,2024-08-17 14:00:00+00:00,Newcastle United FC,Southampton FC,1,0
500466,Championship,Championship,2024,2024-08-17 14:00:00+00:00,Swansea City AFC,Preston North End FC,3,0
499003,Eredivisie,Eredivisie,2024,2024-08-17 14:30:00+00:00,SC Heerenveen,FC Utrecht,1,1
504014,Primeira Liga,Primeira Liga,2024,2024-08-17 14:30:00+00:00,Rio Ave FC,SC Farense,1,0
497951,Ligue 1,Ligue 1,2024,2024-08-17 15:00:00+00:00,Stade Brestois 29,Olympique de Marseille,1,5
497416,Premier League,Premier League,2024,2024-08-17 16:30:00+00:00,West Ham United FC,Aston Villa FC,1,2
503046,Serie A,Serie A,2024,2024-08-17 16:30:00+00:00,Genoa CFC,FC Internazionale Milano,2,2
503052,Serie A,Serie A,2024,2024-08-17 16:30:00+00:00,Parma Calcio 1913,ACF Fiorentina,1,1
499004,Eredivisie,Eredivisie,2024,2024-08-17 16:45:00+00:00,FC Twente '65,Sparta Rotterdam,1,1
497956,Ligue 1,Ligue 1,2024,2024-08-17 17:00:00+00:00,Stade de Reims,Lille OSC,0,2
498615,Primera Division,Primera Division,2024,2024-08-17 17:00:00+00:00,CA Osasuna,CD Leganés,1,1
504007,Primeira Liga,Primeira Liga,2024,2024-08-17 17:00:00+00:00,CD Nacional,Sporting Clube de Portugal,1,6
499005,Eredivisie,Eredivisie,2024,2024-08-17 18:00:00+00:00,AZ,NEC,1,0
503051,Serie A,Serie A,2024,2024-08-17 18:45:00+00:00,AC Milan,Torino FC,2,2
503045,Serie A,Serie A,2024,2024-08-17 18:45:00+00:00,Empoli FC,AC Monza,0,0
493980,Campeonato Brasileiro Série A,Campeonato Brasileiro Série A,2024,2024-08-17 19:00:00+00:00,Grêmio FBPA,EC Bahia,0,2
493975,Campeonato Brasileiro Série A,Campeonato Brasileiro Série A,2024,2024-08-17 19:00:00+00:00,CA Mineiro,Cuiabá EC,1,1
499006,Eredivisie,Eredivisie,2024,2024-08-17 19:00:00+00:00,RKC Waalwijk,FC Groningen,1,2
497955,Ligue 1,Ligue 1,2024,2024-08-17 19:00:00+00:00,AS Monaco FC,AS Saint-Étienne,1,0
498617,Primera Division,Primera Division,2024,2024-08-17 19:30:00+00:00,Valencia CF,FC Barcelona,1,2
504010,Primeira Liga,Primeira Liga,2024,2024-08-17 19:30:00+00:00,Sport Lisboa e Benfica,Casa Pia AC,3,0
493977,Campeonato Brasileiro Série A,Campeonato Brasileiro Série A,2024,2024-08-17 21:30:00+00:00,RB Bragantino,Fortaleza EC,1,2
493979,Campeonato Brasileiro Série A,Campeonato Brasileiro Série A,2024,2024-08-18 00:00:00+00:00,Fluminense FC,SC Corinthians Paulista,0,0
499007,Eredivisie,Eredivisie,2024,2024-08-18 10:15:00+00:00,Heracles Almelo,PSV,1,3
500465,Championship,Championship,2024,2024-08-18 11:00:00+00:00,Sunderland AFC,Sheffield Wednesday FC,4,0
499009,Eredivisie,Eredivisie,2024,2024-08-18 12:30:00+00:00,Willem II Tilburg,Go Ahead Eagles,2,0
499008,Eredivisie,Eredivisie,2024,2024-08-18 12:30:00+00:00,PEC Zwolle,Feyenoord Rotterdam,1,5
497417,Premier League,Premier League,2024,2024-08-18 13:00:00+00:00,Brentford FC,Crystal Palace FC,2,1
497957,Ligue 1,Ligue 1,2024,2024-08-18 13:00:00+00:00,AJ Auxerre,OGC Nice,2,1
504012,Primeira Liga,Primeira Liga,2024,2024-08-18 14:30:00+00:00,Moreirense FC,FC Arouca,3,1
499010,Eredivisie,Eredivisie,2024,2024-08-18 14:45:00+00:00,NAC Breda,AFC Ajax,2,1
497953,Ligue 1,Ligue 1,2024,2024-08-18 15:00:00+00:00,Toulouse FC,FC Nantes,0,0
497952,Ligue 1,Ligue 1,2024,2024-08-18 15:00:00+00:00,Montpellier HSC,RC Strasbourg Alsace,1,1
497954,Ligue 1,Ligue 1,2024,2024-08-18 15:00:00+00:00,Angers SCO,Racing Club de Lens,0,1
497418,Premier League,Premier League,2024,2024-08-18 15:30:00+00:00,Chelsea FC,Manchester City FC,0,2
503043,Serie A,Serie A,2024,2024-08-18 16:30:00+00:00,Bologna FC 1909,Udinese Calcio,1,1
503047,Serie A,Serie A,2024,2024-08-18 16:30:00+00:00,Hellas Verona FC,SSC Napoli,3,0
504015,Primeira Liga,Primeira Liga,2024,2024-08-18 17:00:00+00:00,Vitória SC,GD Estoril Praia,1,0
498620,Primera Division,Primera Division,2024,2024-08-18 17:00:00+00:00,Real Sociedad de Fútbol,Rayo Vallecano de Madrid,1,2
503049,Serie A,Serie A,2024,2024-08-18 18:45:00+00:00,SS Lazio,Venezia FC,3,1
497959,Ligue 1,Ligue 1,2024,2024-08-18 18:45:00+00:00,Stade Rennais FC 1901,Olympique Lyonnais,3,0
503044,Serie A,Serie A,2024,2024-08-18 18:45:00+00:00,Cagliari Calcio,AS Roma,0,0
493974,Campeonato Brasileiro Série A,Campeonato Brasileiro Série A,2024,2024-08-18 19:00:00+00:00,AC Goianiense,SC Internacional,1,0
493978,Campeonato Brasileiro Série A,Campeonato Brasileiro Série A,2024,2024-08-18 19:00:00+00:00,Criciúma EC,CR Vasco da Gama,2,2
493981,Campeonato Brasileiro Série A,Campeonato Brasileiro Série A,2024,2024-08-18 19:00:00+00:00,SE Palmeiras,São Paulo FC,2,1
498619,Primera Division,Primera Division,2024,2024-08-18 19:30:00+00:00,RCD Mallorca,Real Madrid CF,1,1
504011,Primeira Liga,Primeira Liga,2024,2024-08-18 19:30:00+00:00,Boavista FC,Sporting Clube de Braga,0,1
493973,Campeonato Brasileiro Série A,Campeonato Brasileiro Série A,2024,2024-08-18 21:30:00+00:00,CA Paranaense,EC Juventude,1,2
493976,Campeonato Brasileiro Série A,Campeonato Brasileiro Série A,2024,2024-08-18 21:30:00+00:00,Botafogo FR,CR Flamengo,4,1
503050,Serie A,Serie A,2024,2024-08-19 16:30:00+00:00,US Lecce,Atalanta BC,0,4
498622,Primera Division,Primera Division,2024,2024-08-19 17:00:00+00:00,Real Valladolid CF,RCD Espanyol de Barcelona,1,0
503048,Serie A,Serie A,2024,2024-08-19 18:45:00+00:00,Juventus FC,Como 1907,3,0
497419,Premier League,Premier League,2024,2024-08-19 19:00:00+00:00,Leicester City FC,Tottenham Hotspur FC,1,1
504008,Primeira Liga,Primeira Liga,2024,2024-08-19 19:15:00+00:00,CF Estrela da Amadora,FC Famalicão,0,3
498618,Primera Division,Primera Division,2024,2024-08-19 19:30:00+00:00,Villarreal CF,Club Atlético de Madrid,2,2
493982,Campeonato Brasileiro Série A,Campeonato Brasileiro Série A,2024,2024-08-19 23:00:00+00:00,EC Vitória,Cruzeiro EC,2,2
498626,Primera Division,Primera Division,2024,2024-08-23 17:00:00+00:00,RC Celta de Vigo,Valencia CF,3,1
502371,Bundesliga,Bundesliga,2024,2024-08-23 18:30:00+00:00,Borussia Mönchengladbach,Bayer 04 Leverkusen,2,3
497960,Ligue 1,Ligue 1,2024,2024-08-23 18:45:00+00:00,Paris Saint-Germain FC,Montpellier HSC,6,0
500476,Championship,Championship,2024,2024-08-23 19:00:00+00:00,Sheffield Wednesday FC,Leeds United FC,0,2
504004,Primeira Liga,Primeira Liga,2024,2024-08-23 19:15:00+00:00,SC Farense,Sporting Clube de Portugal,0,5
498630,Primera Division,Primera Division,2024,2024-08-23 19:30:00+00:00,Sevilla FC,Villarreal CF,1,2
497422,Premier League,Premier League,2024,2024-08-24 11:30:00+00:00,Brighton & Hove Albion FC,Manchester United FC,2,1
500475,Championship,Championship,2024,2024-08-24 11:30:00+00:00,Queens Park Rangers FC,Plymouth Argyle FC,1,1
500470,Championship,Championship,2024,2024-08-24 11:30:00+00:00,Bristol City FC,Coventry City FC,1,1
500471,Championship,Championship,2024,2024-08-24 11:30:00+00:00,Hull City AFC,Millwall FC,0,0
502372,Bundesliga,Bundesliga,2024,2024-08-24 13:30:00+00:00,RB Leipzig,VfL Bochum 1848,1,0
502374,Bundesliga,Bundesliga,2024,2024-08-24 13:30:00+00:00,TSG 1899 Hoffenheim,Holstein Kiel,3,2
502375,Bundesliga,Bundesliga,2024,2024-08-24 13:30:00+00:00,SC Freiburg,VfB Stuttgart,3,1
502378,Bundesliga,Bundesliga,2024,2024-08-24 13:30:00+00:00,1. FSV Mainz 05,1. FC Union Berlin,1,1
502376,Bundesliga,Bundesliga,2024,2024-08-24 13:30:00+00:00,FC Augsburg,SV Werder Bremen,2,2
497423,Premier League,Premier League,2024,2024-08-24 14:00:00+00:00,Crystal Palace FC,West Ham United FC,0,2
500480,Championship,Championship,2024,2024-08-24 14:00:00+00:00,Watford FC,Derby County FC,2,1
500469,Championship,Championship,2024,2024-08-24 14:00:00+00:00,Blackburn Rovers FC,Oxford United FC,2,1
500472,Championship,Championship,2024,2024-08-24 14:00:00+00:00,Middlesbrough FC,Portsmouth FC,2,2
500473,Championship,Championship,2024,2024-08-24 14:00:00+00:00,Norwich City FC,Sheffield United FC,1,1
500474,Championship,Championship,2024,2024-08-24 14:00:00+00:00,Preston North End FC,Luton Town FC,1,0
500477,Championship,Championship,2024,2024-08-24 14:00:00+00:00,Stoke City FC,West Bromwich Albion FC,1,2
500478,Championship,Championship,2024,2024-08-24 14:00:00+00:00,Sunderland AFC,Burnley FC,1,0
497428,Premier League,Premier League,2024,2024-08-24 14:00:00+00:00,Tottenham Hotspur FC,Everton FC,4,0
497427,Premier League,Premier League,2024,2024-08-24 14:00:00+00:00,Southampton FC,Nottingham Forest FC,0,1
497426,Premier League,Premier League,2024,2024-08-24 14:00:00+00:00,Manchester City FC,Ipswich Town FC,4,1
497424,Premier League,Premier League,2024,2024-08-24 14:00:00+00:00,Fulham FC,Leicester City FC,2,1
504003,Primeira Liga,Primeira Liga,2024,2024-08-24 14:30:00+00:00,Casa Pia AC,CD Santa Clara,0,2
497967,Ligue 1,Ligue 1,2024,2024-08-24 15:00:00+00:00,Olympique Lyonnais,AS Monaco FC,0,2
498624,Primera Division,Primera Division,2024,2024-08-24 15:00:00+00:00,CA Osasuna,RCD Mallorca,1,0
497421,Premier League,Premier League,2024,2024-08-24 16:30:00+00:00,Aston Villa FC,Arsenal FC,0,2
503062,Serie A,Serie A,2024,2024-08-24 16:30:00+00:00,Udinese Calcio,SS Lazio,2,1
503059,Serie A,Serie A,2024,2024-08-24 16:30:00+00:00,Parma Calcio 1913,AC Milan,2,1
502373,Bundesliga,Bundesliga,2024,2024-08-24 16:30:00+00:00,Borussia Dortmund,Eintracht Frankfurt,2,0
499011,Eredivisie,Eredivisie,2024,2024-08-24 16:45:00+00:00,NEC,PEC Zwolle,1,0
497964,Ligue 1,Ligue 1,2024,2024-08-24 17:00:00+00:00,Lille OSC,Angers SCO,2,0
504002,Primeira Liga,Primeira Liga,2024,2024-08-24 17:00:00+00:00,FC Porto,Rio Ave FC,2,0
498628,Primera Division,Primera Division,2024,2024-08-24 17:00:00+00:00,FC Barcelona,Athletic Club,2,1
499012,Eredivisie,Eredivisie,2024,2024-08-24 18:00:00+00:00,Almere City FC,PSV,1,7
503056,Serie A,Serie A,2024,2024-08-24 18:45:00+00:00,FC Internazionale Milano,US Lecce,2,0
503057,Serie A,Serie A,2024,2024-08-24 18:45:00+00:00,AC Monza,Genoa CFC,0,1
493983,Campeonato Brasileiro Série A,Campeonato Brasileiro Série A,2024,2024-08-24 19:00:00+00:00,AC Goianiense,EC Juventude,2,1
497963,Ligue 1,Ligue 1,2024,2024-08-24 19:00:00+00:00,AS Saint-Étienne,Le Havre AC,0,2
499013,Eredivisie,Eredivisie,2024,2024-08-24 19:00:00+00:00,NAC Breda,FC Utrecht,1,2
498632,Primera Division,Primera Division,2024,2024-08-24 19:30:00+00:00,RCD Espanyol de Barcelona,Real Sociedad de Fútbol,0,1
498629,Primera Division,Primera Division,2024,2024-08-24 19:30:00+00:00,Getafe CF,Rayo Vallecano de Madrid,0,0
503999,Primeira Liga,Primeira Liga,2024,2024-08-24 19:30:00+00:00,Sport Lisboa e Benfica,CF Estrela da Amadora,1,0
504005,Primeira Liga,Primeira Liga,2024,2024-08-24 19:30:00+00:00,FC Famalicão,Boavista FC,1,0
493990,Campeonato Brasileiro Série A,Campeonato Brasileiro Série A,2024,2024-08-24 21:30:00+00:00,SE Palmeiras,Cuiabá EC,5,0
493984,Campeonato Brasileiro Série A,Campeonato Brasileiro Série A,2024,2024-08-25 00:00:00+00:00,CA Mineiro,Fluminense FC,0,2
499014,Eredivisie,Eredivisie,2024,2024-08-25 10:15:00+00:00,FC Groningen,AZ,0,0
499015,Eredivisie,Eredivisie,2024,2024-08-25 12:30:00+00:00,Heracles Almelo,Willem II Tilburg,1,1
499016,Eredivisie,Eredivisie,2024,2024-08-25 12:30:00+00:00,Sparta Rotterdam,Feyenoord Rotterdam,1,1
497420,Premier League,Premier League,2024,2024-08-25 13:00:00+00:00,AFC Bournemouth,Newcastle United FC,1,1
497966,Ligue 1,Ligue 1,2024,2024-08-25 13:00:00+00:00,Racing Club de Lens,Stade Brestois 29,2,0
497429,Premier League,Premier League,2024,2024-08-25 13:00:00+00:00,Wolverhampton Wanderers FC,Chelsea FC,2,6
502377,Bundesliga,Bundesliga,2024,2024-08-25 13:30:00+00:00,VfL Wolfsburg,FC Bayern München,2,3
500479,Championship,Championship,2024,2024-08-25 14:00:00+00:00,Swansea City AFC,Cardiff City FC,1,1
503998,Primeira Liga,Primeira Liga,2024,2024-08-25 14:30:00+00:00,FC Arouca,CD Nacional,1,0
499017,Eredivisie,Eredivisie,2024,2024-08-25 14:45:00+00:00,Go Ahead Eagles,RKC Waalwijk,2,0
497965,Ligue 1,Ligue 1,2024,2024-08-25 15:00:00+00:00,OGC Nice,Toulouse FC,1,1
497962,Ligue 1,Ligue 1,2024,2024-08-25 15:00:00+00:00,FC Nantes,AJ Auxerre,2,0
497961,Ligue 1,Ligue 1,2024,2024-08-25 15:00:00+00:00,RC Strasbourg Alsace,Stade Rennais FC 1901,3,1
498631,Primera Division,Primera Division,2024,2024-08-25 15:00:00+00:00,Real Madrid CF,Real Valladolid CF,3,0
497425,Premier League,Premier League,2024,2024-08-25 15:30:00+00:00,Liverpool FC,Brentford FC,2,0
502379,Bundesliga,Bundesliga,2024,2024-08-25 15:30:00+00:00,FC St. Pauli 1910,1. FC Heidenheim 1846,0,2
503054,Serie A,Serie A,2024,2024-08-25 16:30:00+00:00,ACF Fiorentina,Venezia FC,0,0
503061,Serie A,Serie A,2024,2024-08-25 16:30:00+00:00,Torino FC,Atalanta BC,2,1
504001,Primeira Liga,Primeira Liga,2024,2024-08-25 17:00:00+00:00,GD Estoril Praia,Gil Vicente FC,0,0
498625,Primera Division,Primera Division,2024,2024-08-25 17:00:00+00:00,CD Leganés,UD Las Palmas,2,1
498627,Primera Division,Primera Division,2024,2024-08-25 17:15:00+00:00,Deportivo Alavés,Real Betis Balompié,0,0
497968,Ligue 1,Ligue 1,2024,2024-08-25 18:45:00+00:00,Olympique de Marseille,Stade de Reims,2,2
503060,Serie A,Serie A,2024,2024-08-25 18:45:00+00:00,AS Roma,Empoli FC,1,2
503058,Serie A,Serie A,2024,2024-08-25 18:45:00+00:00,SSC Napoli,Bologna FC 1909,3,0
493985,Campeonato Brasileiro Série A,Campeonato Brasileiro Série A,2024,2024-08-25 19:00:00+00:00,EC Bahia,Botafogo FR,0,0
493986,Campeonato Brasileiro Série A,Campeonato Brasileiro Série A,2024,2024-08-25 19:00:00+00:00,Criciúma EC,Grêmio FBPA,0,1
493988,Campeonato Brasileiro Série A,Campeonato Brasileiro Série A,2024,2024-08-25 19:00:00+00:00,Fortaleza EC,SC Corinthians Paulista,1,0
498623,Primera Division,Primera Division,2024,2024-08-25 19:30:00+00:00,Club Atlético de Madrid,Girona FC,3,0
504000,Primeira Liga,Primeira Liga,2024,2024-08-25 19:30:00+00:00,Sporting Clube de Braga,Moreirense FC,3,1
504006,Primeira Liga,Primeira Liga,2024,2024-08-25 19:30:00+00:00,AVS,Vitória SC,1,0
493991,Campeonato Brasileiro Série A,Campeonato Brasileiro Série A,2024,2024-08-25 21:30:00+00:00,São Paulo FC,EC Vitória,2,1
493989,Campeonato Brasileiro Série A,Campeonato Brasileiro Série A,2024,2024-08-25 22:00:00+00:00,SC Internacional,Cruzeiro EC,1,0
493987,Campeonato Brasileiro Série A,Campeonato Brasileiro Série A,2024,2024-08-25 23:00:00+00:00,CR Flamengo,RB Bragantino,2,1
503053,Serie A,Serie A,2024,2024-08-26 16:30:00+00:00,Cagliari Calcio,Como 1907,1,1
503055,Serie A,Serie A,2024,2024-08-26 18:45:00+00:00,Hellas Verona FC,Juventus FC,0,3
498636,Primera Division,Primera Division,2024,2024-08-26 19:30:00+00:00,Villarreal CF,RC Celta de Vigo,4,3
493992,Campeonato Brasileiro Série A,Campeonato Brasileiro Série A,2024,2024-08-27 00:00:00+00:00,CR Vasco da Gama,CA Paranaense,2,1
498638,Primera Division,Primera Division,2024,2024-08-27 17:00:00+00:00,RCD Mallorca,Sevilla FC,0,0
498637,Primera Division,Primera Division,2024,2024-08-27 19:30:00+00:00,Rayo Vallecano de Madrid,FC Barcelona,1,2
498640,Primera Division,Primera Division,2024,2024-08-28 17:00:00+00:00,Real Valladolid CF,CD Leganés,0,0
498633,Primera Division,Primera Division,2024,2024-08-28 17:00:00+00:00,Athletic Club,Valencia CF,1,0
498642,Primera Division,Primera Division,2024,2024-08-28 19:30:00+00:00,Club Atlético de Madrid,RCD Espanyol de Barcelona,0,0
498639,Primera Division,Primera Division,2024,2024-08-28 19:30:00+00:00,Real Sociedad de Fútbol,Deportivo Alavés,1,2
493797,Campeonato Brasileiro Série A,Campeonato Brasileiro Série A,2024,2024-08-28 22:30:00+00:00,Cruzeiro EC,SC Internacional,0,0
493936,Campeonato Brasileiro Série A,Campeonato Brasileiro Série A,2024,2024-08-28 22:30:00+00:00,Criciúma EC,RB Bragantino,1,0
498635,Primera Division,Primera Division,2024,2024-08-29 17:00:00+00:00,Girona FC,CA Osasuna,4,0
498641,Primera Division,Primera Division,2024,2024-08-29 19:30:00+00:00,UD Las Palmas,Real Madrid CF,1,1
503072,Serie A,Serie A,2024,2024-08-30 16:30:00+00:00,Venezia FC,Torino FC,0,1
499021,Eredivisie,Eredivisie,2024,2024-08-30 18:00:00+00:00,RKC Waalwijk,AZ,0,3
502386,Bundesliga,Bundesliga,2024,2024-08-30 18:30:00+00:00,1. FC Union Berlin,FC St. Pauli 1910,1,0
503066,Serie A,Serie A,2024,2024-08-30 18:45:00+00:00,FC Internazionale Milano,Atalanta BC,4,0
497970,Ligue 1,Ligue 1,2024,2024-08-30 18:45:00+00:00,Olympique Lyonnais,RC Strasbourg Alsace,4,3
500486,Championship,Championship,2024,2024-08-30 19:00:00+00:00,Luton Town FC,Queens Park Rangers FC,1,2
503991,Primeira Liga,Primeira Liga,2024,2024-08-30 19:15:00+00:00,Moreirense FC,Sport Lisboa e Benfica,1,1
500481,Championship,Championship,2024,2024-08-31 11:30:00+00:00,Burnley FC,Blackburn Rovers FC,1,1
497430,Premier League,Premier League,2024,2024-08-31 11:30:00+00:00,Arsenal FC,Brighton & Hove Albion FC,1,1
500483,Championship,Championship,2024,2024-08-31 11:30:00+00:00,Coventry City FC,Norwich City FC,0,1
500482,Championship,Championship,2024,2024-08-31 11:30:00+00:00,Cardiff City FC,Middlesbrough FC,0,2
502387,Bundesliga,Bundesliga,2024,2024-08-31 13:30:00+00:00,VfL Bochum 1848,Borussia Mönchengladbach,0,2
502388,Bundesliga,Bundesliga,2024,2024-08-31 13:30:00+00:00,Holstein Kiel,VfL Wolfsburg,0,2
502381,Bundesliga,Bundesliga,2024,2024-08-31 13:30:00+00:00,VfB Stuttgart,1. FSV Mainz 05,3,3
502383,Bundesliga,Bundesliga,2024,2024-08-31 13:30:00+00:00,Eintracht Frankfurt,TSG 1899 Hoffenheim,3,1
502385,Bundesliga,Bundesliga,2024,2024-08-31 13:30:00+00:00,SV Werder Bremen,Borussia Dortmund,0,0
500490,Championship,Championship,2024,2024-08-31 14:00:00+00:00,Portsmouth FC,Sunderland AFC,1,3
500487,Championship,Championship,2024,2024-08-31 14:00:00+00:00,Millwall FC,Sheffield Wednesday FC,3,0
500492,Championship,Championship,2024,2024-08-31 14:00:00+00:00,West Bromwich Albion FC,Swansea City AFC,1,0
500485,Championship,Championship,2024,2024-08-31 14:00:00+00:00,Leeds United FC,Hull City AFC,2,0
500484,Championship,Championship,2024,2024-08-31 14:00:00+00:00,Derby County FC,Bristol City FC,3,0
500489,Championship,Championship,2024,2024-08-31 14:00:00+00:00,Plymouth Argyle FC,Stoke City FC,0,1
500488,Championship,Championship,2024,2024-08-31 14:00:00+00:00,Oxford United FC,Preston North End FC,3,1
497434,Premier League,Premier League,2024,2024-08-31 14:00:00+00:00,Ipswich Town FC,Fulham FC,1,1
497438,Premier League,Premier League,2024,2024-08-31 14:00:00+00:00,Nottingham Forest FC,Wolverhampton Wanderers FC,1,1
497431,Premier League,Premier League,2024,2024-08-31 14:00:00+00:00,Brentford FC,Southampton FC,3,1
497433,Premier League,Premier League,2024,2024-08-31 14:00:00+00:00,Everton FC,AFC Bournemouth,2,3
497435,Premier League,Premier League,2024,2024-08-31 14:00:00+00:00,Leicester City FC,Aston Villa FC,1,2
499024,Eredivisie,Eredivisie,2024,2024-08-31 14:30:00+00:00,Almere City FC,FC Groningen,1,1
503994,Primeira Liga,Primeira Liga,2024,2024-08-31 14:30:00+00:00,CD Santa Clara,AVS,2,1
498647,Primera Division,Primera Division,2024,2024-08-31 15:00:00+00:00,FC Barcelona,Real Valladolid CF,7,0
497971,Ligue 1,Ligue 1,2024,2024-08-31 15:00:00+00:00,Stade Brestois 29,AS Saint-Étienne,4,0
503063,Serie A,Serie A,2024,2024-08-31 16:30:00+00:00,Bologna FC 1909,Empoli FC,1,1
503069,Serie A,Serie A,2024,2024-08-31 16:30:00+00:00,US Lecce,Cagliari Calcio,1,0
502380,Bundesliga,Bundesliga,2024,2024-08-31 16:30:00+00:00,Bayer 04 Leverkusen,RB Leipzig,2,3
497439,Premier League,Premier League,2024,2024-08-31 16:30:00+00:00,West Ham United FC,Manchester City FC,1,3
499022,Eredivisie,Eredivisie,2024,2024-08-31 16:45:00+00:00,Fortuna Sittard,NEC,0,3
503997,Primeira Liga,Primeira Liga,2024,2024-08-31 17:00:00+00:00,CF Estrela da Amadora,Casa Pia AC,0,1
503990,Primeira Liga,Primeira Liga,2024,2024-08-31 17:00:00+00:00,Boavista FC,GD Estoril Praia,0,0
498643,Primera Division,Primera Division,2024,2024-08-31 17:00:00+00:00,Athletic Club,Club Atlético de Madrid,0,1
497972,Ligue 1,Ligue 1,2024,2024-08-31 17:00:00+00:00,Montpellier HSC,FC Nantes,1,3
498652,Primera Division,Primera Division,2024,2024-08-31 17:15:00+00:00,RCD Espanyol de Barcelona,Rayo Vallecano de Madrid,2,1
499023,Eredivisie,Eredivisie,2024,2024-08-31 18:00:00+00:00,SC Heerenveen,NAC Breda,4,0
503070,Serie A,Serie A,2024,2024-08-31 18:45:00+00:00,SSC Napoli,Parma Calcio 1913,2,1
503068,Serie A,Serie A,2024,2024-08-31 18:45:00+00:00,SS Lazio,AC Milan,2,2
497977,Ligue 1,Ligue 1,2024,2024-08-31 19:00:00+00:00,Toulouse FC,Olympique de Marseille,1,3
499020,Eredivisie,Eredivisie,2024,2024-08-31 19:00:00+00:00,Willem II Tilburg,Sparta Rotterdam,1,2
498645,Primera Division,Primera Division,2024,2024-08-31 19:30:00+00:00,CD Leganés,RCD Mallorca,0,1
503989,Primeira Liga,Primeira Liga,2024,2024-08-31 19:30:00+00:00,Sporting Clube de Portugal,FC Porto,2,0
498650,Primera Division,Primera Division,2024,2024-08-31 19:30:00+00:00,Valencia CF,Villarreal CF,1,1
493998,Campeonato Brasileiro Série A,Campeonato Brasileiro Série A,2024,2024-08-31 21:30:00+00:00,Cuiabá EC,Criciúma EC,2,1
493994,Campeonato Brasileiro Série A,Campeonato Brasileiro Série A,2024,2024-09-01 00:00:00+00:00,Botafogo FR,Fortaleza EC,2,0
499025,Eredivisie,Eredivisie,2024,2024-09-01 10:15:00+00:00,FC Utrecht,FC Twente '65,2,1
499027,Eredivisie,Eredivisie,2024,2024-09-01 12:30:00+00:00,PEC Zwolle,Heracles Almelo,3,0
497437,Premier League,Premier League,2024,2024-09-01 12:30:00+00:00,Newcastle United FC,Tottenham Hotspur FC,2,1
497432,Premier League,Premier League,2024,2024-09-01 12:30:00+00:00,Chelsea FC,Crystal Palace FC,1,1
497974,Ligue 1,Ligue 1,2024,2024-09-01 13:00:00+00:00,AS Monaco FC,Racing Club de Lens,1,1
502384,Bundesliga,Bundesliga,2024,2024-09-01 13:30:00+00:00,1. FC Heidenheim 1846,FC Augsburg,4,0
494000,Campeonato Brasileiro Série A,Campeonato Brasileiro Série A,2024,2024-09-01 14:00:00+00:00,Grêmio FBPA,CA Mineiro,2,3
493997,Campeonato Brasileiro Série A,Campeonato Brasileiro Série A,2024,2024-09-01 14:00:00+00:00,Cruzeiro EC,AC Goianiense,3,1
500491,Championship,Championship,2024,2024-09-01 14:00:00+00:00,Sheffield United FC,Watford FC,1,0
503996,Primeira Liga,Primeira Liga,2024,2024-09-01 14:30:00+00:00,CD Nacional,SC Farense,2,0
499028,Eredivisie,Eredivisie,2024,2024-09-01 14:45:00+00:00,PSV,Go Ahead Eagles,3,0
497973,Ligue 1,Ligue 1,2024,2024-09-01 15:00:00+00:00,Angers SCO,OGC Nice,1,4
497975,Ligue 1,Ligue 1,2024,2024-09-01 15:00:00+00:00,Le Havre AC,AJ Auxerre,3,1
497976,Ligue 1,Ligue 1,2024,2024-09-01 15:00:00+00:00,Stade de Reims,Stade Rennais FC 1901,2,1
497436,Premier League,Premier League,2024,2024-09-01 15:00:00+00:00,Manchester United FC,Liverpool FC,0,3
498644,Primera Division,Primera Division,2024,2024-09-01 15:00:00+00:00,CA Osasuna,RC Celta de Vigo,3,2
498646,Primera Division,Primera Division,2024,2024-09-01 15:00:00+00:00,Deportivo Alavés,UD Las Palmas,2,0
502382,Bundesliga,Bundesliga,2024,2024-09-01 15:30:00+00:00,FC Bayern München,SC Freiburg,2,0
503064,Serie A,Serie A,2024,2024-09-01 16:30:00+00:00,ACF Fiorentina,AC Monza,2,2
503065,Serie A,Serie A,2024,2024-09-01 16:30:00+00:00,Genoa CFC,Hellas Verona FC,0,2
503993,Primeira Liga,Primeira Liga,2024,2024-09-01 17:00:00+00:00,Rio Ave FC,FC Arouca,1,0
498649,Primera Division,Primera Division,2024,2024-09-01 17:00:00+00:00,Sevilla FC,Girona FC,0,2
498648,Primera Division,Primera Division,2024,2024-09-01 17:15:00+00:00,Getafe CF,Real Sociedad de Fútbol,0,0
497969,Ligue 1,Ligue 1,2024,2024-09-01 18:45:00+00:00,Lille OSC,Paris Saint-Germain FC,1,3
503067,Serie A,Serie A,2024,2024-09-01 18:45:00+00:00,Juventus FC,AS Roma,0,0
503071,Serie A,Serie A,2024,2024-09-01 18:45:00+00:00,Udinese Calcio,Como 1907,1,0
493996,Campeonato Brasileiro Série A,Campeonato Brasileiro Série A,2024,2024-09-01 19:00:00+00:00,SC Corinthians Paulista,CR Flamengo,2,1
503992,Primeira Liga,Primeira Liga,2024,2024-09-01 19:30:00+00:00,Gil Vicente FC,Sporting Clube de Braga,0,0
503995,Primeira Liga,Primeira Liga,2024,2024-09-01 19:30:00+00:00,Vitória SC,FC Famalicão,2,1
498651,Primera Division,Primera Division,2024,2024-09-01 19:30:00+00:00,Real Madrid CF,Real Betis Balompié,2,0
493995,Campeonato Brasileiro Série A,Campeonato Brasileiro Série A,2024,2024-09-01 21:30:00+00:00,RB Bragantino,EC Bahia,2,1
493999,Campeonato Brasileiro Série A,Campeonato Brasileiro Série A,2024,2024-09-01 21:30:00+00:00,Fluminense FC,São Paulo FC,2,0
494001,Campeonato Brasileiro Série A,Campeonato Brasileiro Série A,2024,2024-09-01 21:30:00+00:00,EC Juventude,SC Internacional,1,3
494002,Campeonato Brasileiro Série A,Campeonato Brasileiro Série A,2024,2024-09-01 21:30:00+00:00,EC Vitória,CR Vasco da Gama,0,1
493993,Campeonato Brasileiro Série A,Campeonato Brasileiro Série A,2024,2024-09-01 21:30:00+00:00,CA Paranaense,SE Palmeiras,0,2
493907,Campeonato Brasileiro Série A,Campeonato Brasileiro Série A,2024,2024-09-05 23:00:00+00:00,Cuiabá EC,EC Juventude,0,0
493939,Campeonato Brasileiro Série A,Campeonato Brasileiro Série A,2024,2024-09-11 22:30:00+00:00,SC Internacional,Fortaleza EC,2,1
502390,Bundesliga,Bundesliga,2024,2024-09-13 18:30:00+00:00,Borussia Dortmund,1. FC Heidenheim 1846,4,2
497984,Ligue 1,Ligue 1,2024,2024-09-13 18:45:00+00:00,AS Saint-Étienne,Lille OSC,1,0
500495,Championship,Championship,2024,2024-09-13 19:00:00+00:00,Hull City AFC,Sheffield United FC,0,2
498654,Primera Division,Primera Division,2024,2024-09-13 19:00:00+00:00,Real Betis Balompié,CD Leganés,2,0
503982,Primeira Liga,Primeira Liga,2024,2024-09-13 19:15:00+00:00,FC Arouca,Sporting Clube de Portugal,0,3
500499,Championship,Championship,2024,2024-09-14 11:30:00+00:00,Oxford United FC,Stoke City FC,1,0
500498,Championship,Championship,2024,2024-09-14 11:30:00+00:00,Millwall FC,Luton Town FC,0,1
497447,Premier League,Premier League,2024,2024-09-14 11:30:00+00:00,Southampton FC,Manchester United FC,0,3
500496,Championship,Championship,2024,2024-09-14 11:30:00+00:00,Leeds United FC,Burnley FC,0,1
498659,Primera Division,Primera Division,2024,2024-09-14 12:00:00+00:00,RCD Mallorca,Villarreal CF,1,2
503075,Serie A,Serie A,2024,2024-09-14 13:00:00+00:00,Como 1907,Bologna FC 1909,2,2
502396,Bundesliga,Bundesliga,2024,2024-09-14 13:30:00+00:00,Borussia Mönchengladbach,VfB Stuttgart,1,3
502389,Bundesliga,Bundesliga,2024,2024-09-14 13:30:00+00:00,RB Leipzig,1. FC Union Berlin,0,0
502391,Bundesliga,Bundesliga,2024,2024-09-14 13:30:00+00:00,TSG 1899 Hoffenheim,Bayer 04 Leverkusen,1,4
502392,Bundesliga,Bundesliga,2024,2024-09-14 13:30:00+00:00,SC Freiburg,VfL Bochum 1848,2,1
502394,Bundesliga,Bundesliga,2024,2024-09-14 13:30:00+00:00,VfL Wolfsburg,Eintracht Frankfurt,1,2
500493,Championship,Championship,2024,2024-09-14 14:00:00+00:00,Blackburn Rovers FC,Bristol City FC,3,0
500497,Championship,Championship,2024,2024-09-14 14:00:00+00:00,Middlesbrough FC,Preston North End FC,1,1
500494,Championship,Championship,2024,2024-09-14 14:00:00+00:00,Derby County FC,Cardiff City FC,1,0
497446,Premier League,Premier League,2024,2024-09-14 14:00:00+00:00,Manchester City FC,Brentford FC,2,1
497445,Premier League,Premier League,2024,2024-09-14 14:00:00+00:00,Liverpool FC,Nottingham Forest FC,0,1
497444,Premier League,Premier League,2024,2024-09-14 14:00:00+00:00,Fulham FC,West Ham United FC,1,1
497443,Premier League,Premier League,2024,2024-09-14 14:00:00+00:00,Crystal Palace FC,Leicester City FC,2,2
497442,Premier League,Premier League,2024,2024-09-14 14:00:00+00:00,Brighton & Hove Albion FC,Ipswich Town FC,0,0
500500,Championship,Championship,2024,2024-09-14 14:00:00+00:00,Plymouth Argyle FC,Sunderland AFC,3,2
500502,Championship,Championship,2024,2024-09-14 14:00:00+00:00,Sheffield Wednesday FC,Queens Park Rangers FC,1,1
500503,Championship,Championship,2024,2024-09-14 14:00:00+00:00,Swansea City AFC,Norwich City FC,1,0
500504,Championship,Championship,2024,2024-09-14 14:00:00+00:00,Watford FC,Coventry City FC,1,1
498662,Primera Division,Primera Division,2024,2024-09-14 14:15:00+00:00,RCD Espanyol de Barcelona,Deportivo Alavés,3,2
499033,Eredivisie,Eredivisie,2024,2024-09-14 14:30:00+00:00,PSV,NEC,2,0
503980,Primeira Liga,Primeira Liga,2024,2024-09-14 14:30:00+00:00,Casa Pia AC,Moreirense FC,3,1
499029,Eredivisie,Eredivisie,2024,2024-09-14 14:30:00+00:00,FC Twente '65,PEC Zwolle,1,1
497985,Ligue 1,Ligue 1,2024,2024-09-14 15:00:00+00:00,Olympique de Marseille,OGC Nice,2,0
503076,Serie A,Serie A,2024,2024-09-14 16:00:00+00:00,Empoli FC,Juventus FC,0,0
497441,Premier League,Premier League,2024,2024-09-14 16:30:00+00:00,Aston Villa FC,Everton FC,3,2
498657,Primera Division,Primera Division,2024,2024-09-14 16:30:00+00:00,Sevilla FC,Getafe CF,1,0
502397,Bundesliga,Bundesliga,2024,2024-09-14 16:30:00+00:00,Holstein Kiel,FC Bayern München,1,6
499030,Eredivisie,Eredivisie,2024,2024-09-14 16:45:00+00:00,FC Groningen,Feyenoord Rotterdam,2,2
503988,Primeira Liga,Primeira Liga,2024,2024-09-14 17:00:00+00:00,AVS,Rio Ave FC,1,0
497978,Ligue 1,Ligue 1,2024,2024-09-14 17:00:00+00:00,AJ Auxerre,AS Monaco FC,0,3
499031,Eredivisie,Eredivisie,2024,2024-09-14 18:00:00+00:00,NAC Breda,Fortuna Sittard,1,0
503079,Serie A,Serie A,2024,2024-09-14 18:45:00+00:00,AC Milan,Venezia FC,4,0
497440,Premier League,Premier League,2024,2024-09-14 19:00:00+00:00,AFC Bournemouth,Chelsea FC,0,1
497986,Ligue 1,Ligue 1,2024,2024-09-14 19:00:00+00:00,Paris Saint-Germain FC,Stade Brestois 29,3,1
499032,Eredivisie,Eredivisie,2024,2024-09-14 19:00:00+00:00,AZ,SC Heerenveen,9,1
494004,Campeonato Brasileiro Série A,Campeonato Brasileiro Série A,2024,2024-09-14 19:00:00+00:00,AC Goianiense,EC Vitória,0,2
498660,Primera Division,Primera Division,2024,2024-09-14 19:00:00+00:00,Real Sociedad de Fútbol,Real Madrid CF,0,2
503985,Primeira Liga,Primeira Liga,2024,2024-09-14 19:30:00+00:00,FC Famalicão,Gil Vicente FC,1,1
503981,Primeira Liga,Primeira Liga,2024,2024-09-14 19:30:00+00:00,Sport Lisboa e Benfica,CD Santa Clara,4,1
494003,Campeonato Brasileiro Série A,Campeonato Brasileiro Série A,2024,2024-09-14 21:30:00+00:00,CA Paranaense,Fortaleza EC,1,1
494006,Campeonato Brasileiro Série A,Campeonato Brasileiro Série A,2024,2024-09-15 00:00:00+00:00,Botafogo FR,SC Corinthians Paulista,2,1
499034,Eredivisie,Eredivisie,2024,2024-09-15 10:15:00+00:00,Sparta Rotterdam,Go Ahead Eagles,1,2
503077,Serie A,Serie A,2024,2024-09-15 10:30:00+00:00,Genoa CFC,AS Roma,1,1
498655,Primera Division,Primera Division,2024,2024-09-15 12:00:00+00:00,RC Celta de Vigo,Real Valladolid CF,3,1
499036,Eredivisie,Eredivisie,2024,2024-09-15 12:30:00+00:00,Willem II Tilburg,RKC Waalwijk,3,0
503082,Serie A,Serie A,2024,2024-09-15 13:00:00+00:00,Torino FC,US Lecce,0,0
497448,Premier League,Premier League,2024,2024-09-15 13:00:00+00:00,Tottenham Hotspur FC,Arsenal FC,0,1
503073,Serie A,Serie A,2024,2024-09-15 13:00:00+00:00,Atalanta BC,ACF Fiorentina,3,2
497979,Ligue 1,Ligue 1,2024,2024-09-15 13:00:00+00:00,Stade Rennais FC 1901,Montpellier HSC,3,0
502393,Bundesliga,Bundesliga,2024,2024-09-15 13:30:00+00:00,FC Augsburg,FC St. Pauli 1910,3,1
500501,Championship,Championship,2024,2024-09-15 14:00:00+00:00,Portsmouth FC,West Bromwich Albion FC,0,3
498656,Primera Division,Primera Division,2024,2024-09-15 14:15:00+00:00,Girona FC,FC Barcelona,1,4
503986,Primeira Liga,Primeira Liga,2024,2024-09-15 14:30:00+00:00,FC Porto,SC Farense,2,1
499037,Eredivisie,Eredivisie,2024,2024-09-15 14:45:00+00:00,Heracles Almelo,Almere City FC,0,0
497983,Ligue 1,Ligue 1,2024,2024-09-15 15:00:00+00:00,RC Strasbourg Alsace,Angers SCO,1,1
497981,Ligue 1,Ligue 1,2024,2024-09-15 15:00:00+00:00,FC Nantes,Stade de Reims,1,2
497982,Ligue 1,Ligue 1,2024,2024-09-15 15:00:00+00:00,Toulouse FC,Le Havre AC,2,0
497449,Premier League,Premier League,2024,2024-09-15 15:30:00+00:00,Wolverhampton Wanderers FC,Newcastle United FC,1,2
502395,Bundesliga,Bundesliga,2024,2024-09-15 15:30:00+00:00,1. FSV Mainz 05,SV Werder Bremen,1,2
503074,Serie A,Serie A,2024,2024-09-15 16:00:00+00:00,Cagliari Calcio,SSC Napoli,0,4
498661,Primera Division,Primera Division,2024,2024-09-15 16:30:00+00:00,UD Las Palmas,Athletic Club,2,3
503983,Primeira Liga,Primeira Liga,2024,2024-09-15 17:00:00+00:00,GD Estoril Praia,CD Nacional,1,0
497980,Ligue 1,Ligue 1,2024,2024-09-15 18:45:00+00:00,Racing Club de Lens,Olympique Lyonnais,0,0
503080,Serie A,Serie A,2024,2024-09-15 18:45:00+00:00,AC Monza,FC Internazionale Milano,1,1
494007,Campeonato Brasileiro Série A,Campeonato Brasileiro Série A,2024,2024-09-15 19:00:00+00:00,RB Bragantino,Grêmio FBPA,2,2
494011,Campeonato Brasileiro Série A,Campeonato Brasileiro Série A,2024,2024-09-15 19:00:00+00:00,EC Juventude,Fluminense FC,2,1
494012,Campeonato Brasileiro Série A,Campeonato Brasileiro Série A,2024,2024-09-15 19:00:00+00:00,SE Palmeiras,Criciúma EC,5,0
498653,Primera Division,Primera Division,2024,2024-09-15 19:00:00+00:00,Club Atlético de Madrid,Valencia CF,3,0
503984,Primeira Liga,Primeira Liga,2024,2024-09-15 19:30:00+00:00,Sporting Clube de Braga,Vitória SC,0,2
494009,Campeonato Brasileiro Série A,Campeonato Brasileiro Série A,2024,2024-09-15 21:30:00+00:00,CR Flamengo,CR Vasco da Gama,1,1
494005,Campeonato Brasileiro Série A,Campeonato Brasileiro Série A,2024,2024-09-15 21:30:00+00:00,EC Bahia,CA Mineiro,3,0
494008,Campeonato Brasileiro Série A,Campeonato Brasileiro Série A,2024,2024-09-15 21:30:00+00:00,Cruzeiro EC,São Paulo FC,0,1
503081,Serie A,Serie A,2024,2024-09-16 16:30:00+00:00,Parma Calcio 1913,Udinese Calcio,2,3
503078,Serie A,Serie A,2024,2024-09-16 18:45:00+00:00,SS Lazio,Hellas Verona FC,2,1
498658,Primera Division,Primera Division,2024,2024-09-16 19:00:00+00:00,Rayo Vallecano de Madrid,CA Osasuna,3,1
503987,Primeira Liga,Primeira Liga,2024,2024-09-16 19:15:00+00:00,CF Estrela da Amadora,Boavista FC,2,2
494010,Campeonato Brasileiro Série A,Campeonato Brasileiro Série A,2024,2024-09-16 23:00:00+00:00,SC Internacional,Cuiabá EC,3,0
524039,UEFA Champions League,UEFA Champions League,2024,2024-09-17 16:45:00+00:00,BSC Young Boys,Aston Villa FC,0,3
523998,UEFA Champions League,UEFA Champions League,2024,2024-09-17 16:45:00+00:00,Juventus FC,PSV,3,1
498679,Primera Division,Primera Division,2024,2024-09-17 17:00:00+00:00,RCD Mallorca,Real Sociedad de Fútbol,1,0
499019,Eredivisie,Eredivisie,2024,2024-09-17 18:00:00+00:00,FC Twente '65,SC Heerenveen,2,0
523968,UEFA Champions League,UEFA Champions League,2024,2024-09-17 19:00:00+00:00,AC Milan,Liverpool FC,1,3
524034,UEFA Champions League,UEFA Champions League,2024,2024-09-17 19:00:00+00:00,Sporting Clube de Portugal,Lille OSC,2,0
523934,UEFA Champions League,UEFA Champions League,2024,2024-09-17 19:00:00+00:00,FC Bayern München,GNK Dinamo Zagreb,9,2
523967,UEFA Champions League,UEFA Champions League,2024,2024-09-17 19:00:00+00:00,Real Madrid CF,VfB Stuttgart,3,1
524049,UEFA Champions League,UEFA Champions League,2024,2024-09-18 16:45:00+00:00,Bologna FC 1909,FK Shakhtar Donetsk,0,0
524062,UEFA Champions League,UEFA Champions League,2024,2024-09-18 16:45:00+00:00,AC Sparta Praha,FC Red Bull Salzburg,3,0
498634,Primera Division,Primera Division,2024,2024-09-18 17:00:00+00:00,Real Betis Balompié,Getafe CF,2,1
499018,Eredivisie,Eredivisie,2024,2024-09-18 18:00:00+00:00,AFC Ajax,Fortuna Sittard,5,0
523952,UEFA Champions League,UEFA Champions League,2024,2024-09-18 19:00:00+00:00,Manchester City FC,FC Internazionale Milano,0,0
523959,UEFA Champions League,UEFA Champions League,2024,2024-09-18 19:00:00+00:00,Paris Saint-Germain FC,Girona FC,1,0
523988,UEFA Champions League,UEFA Champions League,2024,2024-09-18 19:00:00+00:00,Club Brugge KV,Borussia Dortmund,0,3
524007,UEFA Champions League,UEFA Champions League,2024,2024-09-18 19:00:00+00:00,Celtic FC,ŠK Slovan Bratislava,5,1
524029,UEFA Champions League,UEFA Champions League,2024,2024-09-19 16:45:00+00:00,FK Crvena Zvezda,Sport Lisboa e Benfica,1,2
524013,UEFA Champions League,UEFA Champions League,2024,2024-09-19 16:45:00+00:00,Feyenoord Rotterdam,Bayer 04 Leverkusen,0,4
498673,Primera Division,Primera Division,2024,2024-09-19 17:00:00+00:00,CD Leganés,Athletic Club,0,2
523973,UEFA Champions League,UEFA Champions League,2024,2024-09-19 19:00:00+00:00,Atalanta BC,Arsenal FC,0,0
523976,UEFA Champions League,UEFA Champions League,2024,2024-09-19 19:00:00+00:00,Club Atlético de Madrid,RB Leipzig,2,1
524067,UEFA Champions League,UEFA Champions League,2024,2024-09-19 19:00:00+00:00,Stade Brestois 29,SK Sturm Graz,2,1
524040,UEFA Champions League,UEFA Champions League,2024,2024-09-19 19:00:00+00:00,AS Monaco FC,FC Barcelona,2,1
503084,Serie A,Serie A,2024,2024-09-20 16:30:00+00:00,Cagliari Calcio,Empoli FC,0,2
499038,Eredivisie,Eredivisie,2024,2024-09-20 18:00:00+00:00,PEC Zwolle,AZ,1,2
502403,Bundesliga,Bundesliga,2024,2024-09-20 18:30:00+00:00,FC Augsburg,1. FSV Mainz 05,2,3
497988,Ligue 1,Ligue 1,2024,2024-09-20 18:45:00+00:00,OGC Nice,AS Saint-Étienne,8,0
503086,Serie A,Serie A,2024,2024-09-20 18:45:00+00:00,Hellas Verona FC,Torino FC,2,3
500514,Championship,Championship,2024,2024-09-20 19:00:00+00:00,Stoke City FC,Hull City AFC,1,3
498666,Primera Division,Primera Division,2024,2024-09-20 19:00:00+00:00,Deportivo Alavés,Sevilla FC,2,1
503974,Primeira Liga,Primeira Liga,2024,2024-09-20 19:15:00+00:00,CD Nacional,Sporting Clube de Braga,0,3
497459,Premier League,Premier League,2024,2024-09-21 11:30:00+00:00,West Ham United FC,Chelsea FC,0,3
500510,Championship,Championship,2024,2024-09-21 11:30:00+00:00,Norwich City FC,Watford FC,4,1
500515,Championship,Championship,2024,2024-09-21 11:30:00+00:00,Sunderland AFC,Middlesbrough FC,1,0
500512,Championship,Championship,2024,2024-09-21 11:30:00+00:00,Queens Park Rangers FC,Millwall FC,1,1
498671,Primera Division,Primera Division,2024,2024-09-21 12:00:00+00:00,Real Valladolid CF,Real Sociedad de Fútbol,0,0
503092,Serie A,Serie A,2024,2024-09-21 13:00:00+00:00,Venezia FC,Genoa CFC,2,0
502405,Bundesliga,Bundesliga,2024,2024-09-21 13:30:00+00:00,VfL Bochum 1848,Holstein Kiel,2,2
502404,Bundesliga,Bundesliga,2024,2024-09-21 13:30:00+00:00,1. FC Union Berlin,TSG 1899 Hoffenheim,2,1
502402,Bundesliga,Bundesliga,2024,2024-09-21 13:30:00+00:00,SV Werder Bremen,FC Bayern München,0,5
502401,Bundesliga,Bundesliga,2024,2024-09-21 13:30:00+00:00,1. FC Heidenheim 1846,SC Freiburg,0,3
497457,Premier League,Premier League,2024,2024-09-21 14:00:00+00:00,Southampton FC,Ipswich Town FC,1,1
500516,Championship,Championship,2024,2024-09-21 14:00:00+00:00,West Bromwich Albion FC,Plymouth Argyle FC,1,0
500513,Championship,Championship,2024,2024-09-21 14:00:00+00:00,Sheffield United FC,Derby County FC,1,0
497458,Premier League,Premier League,2024,2024-09-21 14:00:00+00:00,Tottenham Hotspur FC,Brentford FC,3,1
500509,Championship,Championship,2024,2024-09-21 14:00:00+00:00,Luton Town FC,Sheffield Wednesday FC,2,1
500507,Championship,Championship,2024,2024-09-21 14:00:00+00:00,Cardiff City FC,Leeds United FC,0,2
500508,Championship,Championship,2024,2024-09-21 14:00:00+00:00,Coventry City FC,Swansea City AFC,1,2
500505,Championship,Championship,2024,2024-09-21 14:00:00+00:00,Bristol City FC,Oxford United FC,2,1
497455,Premier League,Premier League,2024,2024-09-21 14:00:00+00:00,Liverpool FC,AFC Bournemouth,3,0
497454,Premier League,Premier League,2024,2024-09-21 14:00:00+00:00,Leicester City FC,Everton FC,1,1
497453,Premier League,Premier League,2024,2024-09-21 14:00:00+00:00,Fulham FC,Newcastle United FC,3,1
500506,Championship,Championship,2024,2024-09-21 14:00:00+00:00,Burnley FC,Portsmouth FC,2,1
497450,Premier League,Premier League,2024,2024-09-21 14:00:00+00:00,Aston Villa FC,Wolverhampton Wanderers FC,3,1
498665,Primera Division,Primera Division,2024,2024-09-21 14:15:00+00:00,CA Osasuna,UD Las Palmas,2,1
499039,Eredivisie,Eredivisie,2024,2024-09-21 14:30:00+00:00,FC Utrecht,Willem II Tilburg,3,2
503978,Primeira Liga,Primeira Liga,2024,2024-09-21 14:30:00+00:00,Rio Ave FC,GD Estoril Praia,2,2
503973,Primeira Liga,Primeira Liga,2024,2024-09-21 14:30:00+00:00,CD Santa Clara,CF Estrela da Amadora,1,0
497993,Ligue 1,Ligue 1,2024,2024-09-21 15:00:00+00:00,Lille OSC,RC Strasbourg Alsace,3,3
503088,Serie A,Serie A,2024,2024-09-21 16:00:00+00:00,Juventus FC,SSC Napoli,0,0
497452,Premier League,Premier League,2024,2024-09-21 16:30:00+00:00,Crystal Palace FC,Manchester United FC,0,0
498668,Primera Division,Primera Division,2024,2024-09-21 16:30:00+00:00,Valencia CF,Girona FC,2,0
502400,Bundesliga,Bundesliga,2024,2024-09-21 16:30:00+00:00,Eintracht Frankfurt,Borussia Mönchengladbach,2,0
499040,Eredivisie,Eredivisie,2024,2024-09-21 16:45:00+00:00,RKC Waalwijk,Sparta Rotterdam,1,2
503972,Primeira Liga,Primeira Liga,2024,2024-09-21 17:00:00+00:00,Vitória SC,FC Porto,0,3
497994,Ligue 1,Ligue 1,2024,2024-09-21 17:00:00+00:00,Stade Rennais FC 1901,Racing Club de Lens,1,1
499041,Eredivisie,Eredivisie,2024,2024-09-21 18:00:00+00:00,Go Ahead Eagles,AFC Ajax,1,1
503089,Serie A,Serie A,2024,2024-09-21 18:45:00+00:00,US Lecce,Parma Calcio 1913,2,2
498672,Primera Division,Primera Division,2024,2024-09-21 19:00:00+00:00,Real Madrid CF,RCD Espanyol de Barcelona,4,1
497989,Ligue 1,Ligue 1,2024,2024-09-21 19:00:00+00:00,Stade de Reims,Paris Saint-Germain FC,1,1
499042,Eredivisie,Eredivisie,2024,2024-09-21 19:00:00+00:00,NEC,Heracles Almelo,1,2
494014,Campeonato Brasileiro Série A,Campeonato Brasileiro Série A,2024,2024-09-21 19:00:00+00:00,SC Corinthians Paulista,AC Goianiense,3,0
494022,Campeonato Brasileiro Série A,Campeonato Brasileiro Série A,2024,2024-09-21 19:00:00+00:00,EC Vitória,EC Juventude,1,0
503977,Primeira Liga,Primeira Liga,2024,2024-09-21 19:30:00+00:00,Moreirense FC,FC Famalicão,0,0
494017,Campeonato Brasileiro Série A,Campeonato Brasileiro Série A,2024,2024-09-21 21:30:00+00:00,Fluminense FC,Botafogo FR,0,1
494018,Campeonato Brasileiro Série A,Campeonato Brasileiro Série A,2024,2024-09-22 00:00:00+00:00,Fortaleza EC,EC Bahia,4,1
499043,Eredivisie,Eredivisie,2024,2024-09-22 10:15:00+00:00,SC Heerenveen,FC Groningen,2,1
503085,Serie A,Serie A,2024,2024-09-22 10:30:00+00:00,ACF Fiorentina,SS Lazio,2,1
500511,Championship,Championship,2024,2024-09-22 11:00:00+00:00,Preston North End FC,Blackburn Rovers FC,0,0
498667,Primera Division,Primera Division,2024,2024-09-22 12:00:00+00:00,Getafe CF,CD Leganés,1,1
499044,Eredivisie,Eredivisie,2024,2024-09-22 12:30:00+00:00,Almere City FC,FC Twente '65,0,5
499045,Eredivisie,Eredivisie,2024,2024-09-22 12:30:00+00:00,Feyenoord Rotterdam,NAC Breda,2,0
497451,Premier League,Premier League,2024,2024-09-22 13:00:00+00:00,Brighton & Hove Albion FC,Nottingham Forest FC,2,2
503090,Serie A,Serie A,2024,2024-09-22 13:00:00+00:00,AC Monza,Bologna FC 1909,1,2
497995,Ligue 1,Ligue 1,2024,2024-09-22 13:00:00+00:00,AS Monaco FC,Le Havre AC,3,1
502398,Bundesliga,Bundesliga,2024,2024-09-22 13:30:00+00:00,Bayer 04 Leverkusen,VfL Wolfsburg,4,3
498663,Primera Division,Primera Division,2024,2024-09-22 14:15:00+00:00,Athletic Club,RC Celta de Vigo,3,1
503979,Primeira Liga,Primeira Liga,2024,2024-09-22 14:30:00+00:00,Gil Vicente FC,Casa Pia AC,1,1
499046,Eredivisie,Eredivisie,2024,2024-09-22 14:45:00+00:00,Fortuna Sittard,PSV,1,3
497990,Ligue 1,Ligue 1,2024,2024-09-22 15:00:00+00:00,Stade Brestois 29,Toulouse FC,2,0
497991,Ligue 1,Ligue 1,2024,2024-09-22 15:00:00+00:00,Angers SCO,FC Nantes,1,1
497992,Ligue 1,Ligue 1,2024,2024-09-22 15:00:00+00:00,Montpellier HSC,AJ Auxerre,3,2
497456,Premier League,Premier League,2024,2024-09-22 15:30:00+00:00,Manchester City FC,Arsenal FC,2,2
502399,Bundesliga,Bundesliga,2024,2024-09-22 15:30:00+00:00,VfB Stuttgart,Borussia Dortmund,5,1
503091,Serie A,Serie A,2024,2024-09-22 16:00:00+00:00,AS Roma,Udinese Calcio,3,0
498669,Primera Division,Primera Division,2024,2024-09-22 16:30:00+00:00,Villarreal CF,FC Barcelona,1,5
503975,Primeira Liga,Primeira Liga,2024,2024-09-22 17:00:00+00:00,SC Farense,FC Arouca,0,1
502406,Bundesliga,Bundesliga,2024,2024-09-22 17:30:00+00:00,FC St. Pauli 1910,RB Leipzig,0,0
503087,Serie A,Serie A,2024,2024-09-22 18:45:00+00:00,FC Internazionale Milano,AC Milan,1,2
497987,Ligue 1,Ligue 1,2024,2024-09-22 18:45:00+00:00,Olympique Lyonnais,Olympique de Marseille,2,3
494013,Campeonato Brasileiro Série A,Campeonato Brasileiro Série A,2024,2024-09-22 19:00:00+00:00,CA Mineiro,RB Bragantino,3,0
494021,Campeonato Brasileiro Série A,Campeonato Brasileiro Série A,2024,2024-09-22 19:00:00+00:00,CR Vasco da Gama,SE Palmeiras,0,1
498670,Primera Division,Primera Division,2024,2024-09-22 19:00:00+00:00,Rayo Vallecano de Madrid,Club Atlético de Madrid,1,1
503976,Primeira Liga,Primeira Liga,2024,2024-09-22 19:30:00+00:00,Sporting Clube de Portugal,AVS,3,0
494020,Campeonato Brasileiro Série A,Campeonato Brasileiro Série A,2024,2024-09-22 21:30:00+00:00,São Paulo FC,SC Internacional,1,3
494019,Campeonato Brasileiro Série A,Campeonato Brasileiro Série A,2024,2024-09-22 21:30:00+00:00,Grêmio FBPA,CR Flamengo,3,2
494016,Campeonato Brasileiro Série A,Campeonato Brasileiro Série A,2024,2024-09-22 21:30:00+00:00,Cuiabá EC,Cruzeiro EC,0,0
494015,Campeonato Brasileiro Série A,Campeonato Brasileiro Série A,2024,2024-09-22 23:00:00+00:00,Criciúma EC,CA Paranaense,0,0
498664,Primera Division,Primera Division,2024,2024-09-23 19:00:00+00:00,Real Betis Balompié,RCD Mallorca,1,2
503971,Primeira Liga,Primeira Liga,2024,2024-09-23 19:15:00+00:00,Boavista FC,Sport Lisboa e Benfica,0,3
498678,Primera Division,Primera Division,2024,2024-09-24 17:00:00+00:00,Valencia CF,CA Osasuna,0,0
498677,Primera Division,Primera Division,2024,2024-09-24 17:00:00+00:00,Sevilla FC,Real Valladolid CF,2,1
503083,Serie A,Serie A,2024,2024-09-24 18:45:00+00:00,Atalanta BC,Como 1907,2,3
498680,Primera Division,Primera Division,2024,2024-09-24 19:00:00+00:00,Real Madrid CF,Deportivo Alavés,3,2
498676,Primera Division,Primera Division,2024,2024-09-25 17:00:00+00:00,Girona FC,Rayo Vallecano de Madrid,0,0
498675,Primera Division,Primera Division,2024,2024-09-25 19:00:00+00:00,FC Barcelona,Getafe CF,1,0
493800,Campeonato Brasileiro Série A,Campeonato Brasileiro Série A,2024,2024-09-25 22:00:00+00:00,Grêmio FBPA,Criciúma EC,1,2
493905,Campeonato Brasileiro Série A,Campeonato Brasileiro Série A,2024,2024-09-25 22:00:00+00:00,RB Bragantino,SC Internacional,2,2
498681,Primera Division,Primera Division,2024,2024-09-26 17:00:00+00:00,UD Las Palmas,Real Betis Balompié,1,1
498682,Primera Division,Primera Division,2024,2024-09-26 17:00:00+00:00,RCD Espanyol de Barcelona,Villarreal CF,1,2
498674,Primera Division,Primera Division,2024,2024-09-26 19:00:00+00:00,RC Celta de Vigo,Club Atlético de Madrid,0,1
497998,Ligue 1,Ligue 1,2024,2024-09-27 17:00:00+00:00,AJ Auxerre,Stade Brestois 29,3,0
499047,Eredivisie,Eredivisie,2024,2024-09-27 18:00:00+00:00,Heracles Almelo,SC Heerenveen,2,1
502409,Bundesliga,Bundesliga,2024,2024-09-27 18:30:00+00:00,Borussia Dortmund,VfL Bochum 1848,4,2
503097,Serie A,Serie A,2024,2024-09-27 18:45:00+00:00,AC Milan,US Lecce,3,0
497997,Ligue 1,Ligue 1,2024,2024-09-27 19:00:00+00:00,Paris Saint-Germain FC,Stade Rennais FC 1901,3,1
500524,Championship,Championship,2024,2024-09-27 19:00:00+00:00,Plymouth Argyle FC,Luton Town FC,3,1
498691,Primera Division,Primera Division,2024,2024-09-27 19:00:00+00:00,Real Valladolid CF,RCD Mallorca,1,2
503965,Primeira Liga,Primeira Liga,2024,2024-09-27 19:15:00+00:00,GD Estoril Praia,Sporting Clube de Portugal,0,3
500518,Championship,Championship,2024,2024-09-28 11:30:00+00:00,Derby County FC,Norwich City FC,2,3
500517,Championship,Championship,2024,2024-09-28 11:30:00+00:00,Blackburn Rovers FC,Queens Park Rangers FC,2,0
500526,Championship,Championship,2024,2024-09-28 11:30:00+00:00,Sheffield Wednesday FC,West Bromwich Albion FC,3,2
497467,Premier League,Premier League,2024,2024-09-28 11:30:00+00:00,Newcastle United FC,Manchester City FC,1,1
498687,Primera Division,Primera Division,2024,2024-09-28 12:00:00+00:00,Getafe CF,Deportivo Alavés,2,0
503102,Serie A,Serie A,2024,2024-09-28 13:00:00+00:00,Udinese Calcio,FC Internazionale Milano,2,3
502408,Bundesliga,Bundesliga,2024,2024-09-28 13:30:00+00:00,RB Leipzig,FC Augsburg,4,0
502411,Bundesliga,Bundesliga,2024,2024-09-28 13:30:00+00:00,SC Freiburg,FC St. Pauli 1910,0,3
502412,Bundesliga,Bundesliga,2024,2024-09-28 13:30:00+00:00,VfL Wolfsburg,VfB Stuttgart,2,2
502413,Bundesliga,Bundesliga,2024,2024-09-28 13:30:00+00:00,1. FSV Mainz 05,1. FC Heidenheim 1846,0,2
502414,Bundesliga,Bundesliga,2024,2024-09-28 13:30:00+00:00,Borussia Mönchengladbach,1. FC Union Berlin,1,0
500519,Championship,Championship,2024,2024-09-28 14:00:00+00:00,Hull City AFC,Cardiff City FC,4,1
497464,Premier League,Premier League,2024,2024-09-28 14:00:00+00:00,Everton FC,Crystal Palace FC,2,1
500528,Championship,Championship,2024,2024-09-28 14:00:00+00:00,Watford FC,Sunderland AFC,2,1
500525,Championship,Championship,2024,2024-09-28 14:00:00+00:00,Portsmouth FC,Sheffield United FC,0,0
500523,Championship,Championship,2024,2024-09-28 14:00:00+00:00,Oxford United FC,Burnley FC,0,0
500522,Championship,Championship,2024,2024-09-28 14:00:00+00:00,Millwall FC,Preston North End FC,3,1
500521,Championship,Championship,2024,2024-09-28 14:00:00+00:00,Middlesbrough FC,Stoke City FC,2,0
500520,Championship,Championship,2024,2024-09-28 14:00:00+00:00,Leeds United FC,Coventry City FC,3,0
497463,Premier League,Premier League,2024,2024-09-28 14:00:00+00:00,Chelsea FC,Brighton & Hove Albion FC,4,2
497462,Premier League,Premier League,2024,2024-09-28 14:00:00+00:00,Brentford FC,West Ham United FC,1,1
497461,Premier League,Premier League,2024,2024-09-28 14:00:00+00:00,Arsenal FC,Leicester City FC,4,2
497468,Premier League,Premier League,2024,2024-09-28 14:00:00+00:00,Nottingham Forest FC,Fulham FC,0,1
498689,Primera Division,Primera Division,2024,2024-09-28 14:15:00+00:00,Rayo Vallecano de Madrid,CD Leganés,1,1
499051,Eredivisie,Eredivisie,2024,2024-09-28 14:30:00+00:00,Willem II Tilburg,PSV,0,2
503966,Primeira Liga,Primeira Liga,2024,2024-09-28 14:30:00+00:00,CF Estrela da Amadora,Moreirense FC,2,1
497999,Ligue 1,Ligue 1,2024,2024-09-28 15:00:00+00:00,Racing Club de Lens,OGC Nice,0,0
503096,Serie A,Serie A,2024,2024-09-28 16:00:00+00:00,Genoa CFC,Juventus FC,0,3
502407,Bundesliga,Bundesliga,2024,2024-09-28 16:30:00+00:00,FC Bayern München,Bayer 04 Leverkusen,1,1
497469,Premier League,Premier League,2024,2024-09-28 16:30:00+00:00,Wolverhampton Wanderers FC,Liverpool FC,1,2
498690,Primera Division,Primera Division,2024,2024-09-28 16:30:00+00:00,Real Sociedad de Fútbol,Valencia CF,3,0
499049,Eredivisie,Eredivisie,2024,2024-09-28 16:45:00+00:00,NEC,Feyenoord Rotterdam,1,1
498001,Ligue 1,Ligue 1,2024,2024-09-28 17:00:00+00:00,Le Havre AC,Lille OSC,0,3
503962,Primeira Liga,Primeira Liga,2024,2024-09-28 17:00:00+00:00,Casa Pia AC,Vitória SC,1,1
503093,Serie A,Serie A,2024,2024-09-28 18:45:00+00:00,Bologna FC 1909,Atalanta BC,1,1
498003,Ligue 1,Ligue 1,2024,2024-09-28 19:00:00+00:00,AS Monaco FC,Montpellier HSC,2,1
499050,Eredivisie,Eredivisie,2024,2024-09-28 19:00:00+00:00,Sparta Rotterdam,Fortuna Sittard,1,1
498685,Primera Division,Primera Division,2024,2024-09-28 19:00:00+00:00,CA Osasuna,FC Barcelona,4,2
503963,Primeira Liga,Primeira Liga,2024,2024-09-28 19:30:00+00:00,Sport Lisboa e Benfica,Gil Vicente FC,5,1
494031,Campeonato Brasileiro Série A,Campeonato Brasileiro Série A,2024,2024-09-28 21:30:00+00:00,SE Palmeiras,CA Mineiro,2,1
494025,Campeonato Brasileiro Série A,Campeonato Brasileiro Série A,2024,2024-09-29 00:00:00+00:00,Botafogo FR,Grêmio FBPA,0,0
499052,Eredivisie,Eredivisie,2024,2024-09-29 10:15:00+00:00,PEC Zwolle,Almere City FC,1,0
503101,Serie A,Serie A,2024,2024-09-29 10:30:00+00:00,Torino FC,SS Lazio,2,3
498686,Primera Division,Primera Division,2024,2024-09-29 12:00:00+00:00,RC Celta de Vigo,Girona FC,1,1
499048,Eredivisie,Eredivisie,2024,2024-09-29 12:30:00+00:00,FC Twente '65,NAC Breda,1,0
499053,Eredivisie,Eredivisie,2024,2024-09-29 12:30:00+00:00,FC Groningen,Go Ahead Eagles,0,1
498002,Ligue 1,Ligue 1,2024,2024-09-29 13:00:00+00:00,Toulouse FC,Olympique Lyonnais,1,2
497465,Premier League,Premier League,2024,2024-09-29 13:00:00+00:00,Ipswich Town FC,Aston Villa FC,2,2
503100,Serie A,Serie A,2024,2024-09-29 13:00:00+00:00,AS Roma,Venezia FC,2,1
503094,Serie A,Serie A,2024,2024-09-29 13:00:00+00:00,Como 1907,Hellas Verona FC,3,2
502415,Bundesliga,Bundesliga,2024,2024-09-29 13:30:00+00:00,Holstein Kiel,Eintracht Frankfurt,2,4
500527,Championship,Championship,2024,2024-09-29 14:00:00+00:00,Swansea City AFC,Bristol City FC,1,1
494030,Campeonato Brasileiro Série A,Campeonato Brasileiro Série A,2024,2024-09-29 14:00:00+00:00,EC Juventude,RB Bragantino,1,1
498683,Primera Division,Primera Division,2024,2024-09-29 14:15:00+00:00,Athletic Club,Sevilla FC,1,1
503970,Primeira Liga,Primeira Liga,2024,2024-09-29 14:30:00+00:00,FC Famalicão,CD Nacional,0,0
499054,Eredivisie,Eredivisie,2024,2024-09-29 14:45:00+00:00,RKC Waalwijk,AFC Ajax,0,2
498000,Ligue 1,Ligue 1,2024,2024-09-29 15:00:00+00:00,FC Nantes,AS Saint-Étienne,2,2
498004,Ligue 1,Ligue 1,2024,2024-09-29 15:00:00+00:00,Angers SCO,Stade de Reims,1,3
497466,Premier League,Premier League,2024,2024-09-29 15:30:00+00:00,Manchester United FC,Tottenham Hotspur FC,0,3
502410,Bundesliga,Bundesliga,2024,2024-09-29 15:30:00+00:00,TSG 1899 Hoffenheim,SV Werder Bremen,3,4
503095,Serie A,Serie A,2024,2024-09-29 16:00:00+00:00,Empoli FC,ACF Fiorentina,0,0
498692,Primera Division,Primera Division,2024,2024-09-29 16:30:00+00:00,Real Betis Balompié,RCD Espanyol de Barcelona,1,0
503968,Primeira Liga,Primeira Liga,2024,2024-09-29 17:00:00+00:00,FC Porto,FC Arouca,4,0
499055,Eredivisie,Eredivisie,2024,2024-09-29 18:00:00+00:00,AZ,FC Utrecht,1,2
503098,Serie A,Serie A,2024,2024-09-29 18:45:00+00:00,SSC Napoli,AC Monza,2,0
497996,Ligue 1,Ligue 1,2024,2024-09-29 18:45:00+00:00,RC Strasbourg Alsace,Olympique de Marseille,1,0
494032,Campeonato Brasileiro Série A,Campeonato Brasileiro Série A,2024,2024-09-29 19:00:00+00:00,São Paulo FC,SC Corinthians Paulista,3,1
494028,Campeonato Brasileiro Série A,Campeonato Brasileiro Série A,2024,2024-09-29 19:00:00+00:00,Fortaleza EC,Cuiabá EC,1,0
494023,Campeonato Brasileiro Série A,Campeonato Brasileiro Série A,2024,2024-09-29 19:00:00+00:00,AC Goianiense,Fluminense FC,1,0
498684,Primera Division,Primera Division,2024,2024-09-29 19:00:00+00:00,Club Atlético de Madrid,Real Madrid CF,1,1
503964,Primeira Liga,Primeira Liga,2024,2024-09-29 19:30:00+00:00,Sporting Clube de Braga,Rio Ave FC,4,0
503967,Primeira Liga,Primeira Liga,2024,2024-09-29 19:30:00+00:00,CD Santa Clara,Boavista FC,1,0
494026,Campeonato Brasileiro Série A,Campeonato Brasileiro Série A,2024,2024-09-29 21:30:00+00:00,Cruzeiro EC,CR Vasco da Gama,1,1
494024,Campeonato Brasileiro Série A,Campeonato Brasileiro Série A,2024,2024-09-29 21:30:00+00:00,EC Bahia,Criciúma EC,1,0
494029,Campeonato Brasileiro Série A,Campeonato Brasileiro Série A,2024,2024-09-29 21:30:00+00:00,SC Internacional,EC Vitória,3,1
494027,Campeonato Brasileiro Série A,Campeonato Brasileiro Série A,2024,2024-09-29 23:00:00+00:00,CR Flamengo,CA Paranaense,1,0
503099,Serie A,Serie A,2024,2024-09-30 18:45:00+00:00,Parma Calcio 1913,Cagliari Calcio,2,3
497460,Premier League,Premier League,2024,2024-09-30 19:00:00+00:00,AFC Bournemouth,Southampton FC,3,1
498688,Primera Division,Primera Division,2024,2024-09-30 19:00:00+00:00,Villarreal CF,UD Las Palmas,3,1
503969,Primeira Liga,Primeira Liga,2024,2024-09-30 19:15:00+00:00,AVS,SC Farense,0,0
524075,UEFA Champions League,UEFA Champions League,2024,2024-10-01 16:45:00+00:00,VfB Stuttgart,AC Sparta Praha,1,1
524027,UEFA Champions League,UEFA Champions League,2024,2024-10-01 16:45:00+00:00,FC Red Bull Salzburg,Stade Brestois 29,0,4
500529,Championship,Championship,2024,2024-10-01 18:45:00+00:00,Burnley FC,Plymouth Argyle FC,1,0
500538,Championship,Championship,2024,2024-10-01 18:45:00+00:00,Norwich City FC,Leeds United FC,1,1
500535,Championship,Championship,2024,2024-10-01 18:45:00+00:00,Sunderland AFC,Derby County FC,2,0
500530,Championship,Championship,2024,2024-10-01 18:45:00+00:00,Cardiff City FC,Millwall FC,1,0
500533,Championship,Championship,2024,2024-10-01 18:45:00+00:00,Queens Park Rangers FC,Hull City AFC,1,3
500531,Championship,Championship,2024,2024-10-01 18:45:00+00:00,Coventry City FC,Blackburn Rovers FC,3,0
500532,Championship,Championship,2024,2024-10-01 18:45:00+00:00,Luton Town FC,Oxford United FC,2,2
500536,Championship,Championship,2024,2024-10-01 19:00:00+00:00,West Bromwich Albion FC,Middlesbrough FC,0,1
523938,UEFA Champions League,UEFA Champions League,2024,2024-10-01 19:00:00+00:00,Borussia Dortmund,Celtic FC,7,1
523942,UEFA Champions League,UEFA Champions League,2024,2024-10-01 19:00:00+00:00,FC Barcelona,BSC Young Boys,5,0
523992,UEFA Champions League,UEFA Champions League,2024,2024-10-01 19:00:00+00:00,Arsenal FC,Paris Saint-Germain FC,2,0
523981,UEFA Champions League,UEFA Champions League,2024,2024-10-01 19:00:00+00:00,Bayer 04 Leverkusen,AC Milan,1,0
524056,UEFA Champions League,UEFA Champions League,2024,2024-10-01 19:00:00+00:00,ŠK Slovan Bratislava,Manchester City FC,0,4
523950,UEFA Champions League,UEFA Champions League,2024,2024-10-01 19:00:00+00:00,FC Internazionale Milano,FK Crvena Zvezda,4,0
524022,UEFA Champions League,UEFA Champions League,2024,2024-10-01 19:00:00+00:00,PSV,Sporting Clube de Portugal,1,1
524054,UEFA Champions League,UEFA Champions League,2024,2024-10-02 16:45:00+00:00,Girona FC,Feyenoord Rotterdam,2,3
524001,UEFA Champions League,UEFA Champions League,2024,2024-10-02 16:45:00+00:00,FK Shakhtar Donetsk,Atalanta BC,0,3
500534,Championship,Championship,2024,2024-10-02 18:45:00+00:00,Sheffield United FC,Swansea City AFC,1,0
500539,Championship,Championship,2024,2024-10-02 18:45:00+00:00,Preston North End FC,Watford FC,3,0
500540,Championship,Championship,2024,2024-10-02 18:45:00+00:00,Stoke City FC,Portsmouth FC,6,1
524044,UEFA Champions League,UEFA Champions League,2024,2024-10-02 19:00:00+00:00,Aston Villa FC,FC Bayern München,1,0
524069,UEFA Champions League,UEFA Champions League,2024,2024-10-02 19:00:00+00:00,SK Sturm Graz,Club Brugge KV,0,1
523947,UEFA Champions League,UEFA Champions League,2024,2024-10-02 19:00:00+00:00,Liverpool FC,Bologna FC 1909,2,0
523961,UEFA Champions League,UEFA Champions League,2024,2024-10-02 19:00:00+00:00,RB Leipzig,Juventus FC,2,3
523985,UEFA Champions League,UEFA Champions League,2024,2024-10-02 19:00:00+00:00,Sport Lisboa e Benfica,Club Atlético de Madrid,4,0
524016,UEFA Champions League,UEFA Champions League,2024,2024-10-02 19:00:00+00:00,Lille OSC,Real Madrid CF,1,0
524011,UEFA Champions League,UEFA Champions League,2024,2024-10-02 19:00:00+00:00,GNK Dinamo Zagreb,AS Monaco FC,2,2
500537,Championship,Championship,2024,2024-10-02 19:00:00+00:00,Bristol City FC,Sheffield Wednesday FC,0,0
494038,Campeonato Brasileiro Série A,Campeonato Brasileiro Série A,2024,2024-10-03 22:00:00+00:00,Criciúma EC,AC Goianiense,2,0
494040,Campeonato Brasileiro Série A,Campeonato Brasileiro Série A,2024,2024-10-04 00:30:00+00:00,Fluminense FC,Cruzeiro EC,1,0
503111,Serie A,Serie A,2024,2024-10-04 16:30:00+00:00,SSC Napoli,Como 1907,3,1
499057,Eredivisie,Eredivisie,2024,2024-10-04 18:00:00+00:00,Almere City FC,Willem II Tilburg,0,1
502421,Bundesliga,Bundesliga,2024,2024-10-04 18:30:00+00:00,FC Augsburg,Borussia Mönchengladbach,2,1
498010,Ligue 1,Ligue 1,2024,2024-10-04 18:45:00+00:00,Olympique de Marseille,Angers SCO,1,1
503106,Serie A,Serie A,2024,2024-10-04 18:45:00+00:00,Hellas Verona FC,Venezia FC,2,1
500549,Championship,Championship,2024,2024-10-04 19:00:00+00:00,Sunderland AFC,Leeds United FC,2,2
498693,Primera Division,Primera Division,2024,2024-10-04 19:00:00+00:00,CD Leganés,Valencia CF,0,0
503959,Primeira Liga,Primeira Liga,2024,2024-10-04 19:15:00+00:00,Rio Ave FC,FC Famalicão,1,1
494041,Campeonato Brasileiro Série A,Campeonato Brasileiro Série A,2024,2024-10-05 00:30:00+00:00,Grêmio FBPA,Fortaleza EC,3,1
500545,Championship,Championship,2024,2024-10-05 11:30:00+00:00,Norwich City FC,Hull City AFC,4,0
497475,Premier League,Premier League,2024,2024-10-05 11:30:00+00:00,Crystal Palace FC,Liverpool FC,0,1
500547,Championship,Championship,2024,2024-10-05 11:30:00+00:00,Portsmouth FC,Oxford United FC,1,1
500542,Championship,Championship,2024,2024-10-05 11:30:00+00:00,Burnley FC,Preston North End FC,0,0
498702,Primera Division,Primera Division,2024,2024-10-05 12:00:00+00:00,RCD Espanyol de Barcelona,RCD Mallorca,2,1
503112,Serie A,Serie A,2024,2024-10-05 13:00:00+00:00,Udinese Calcio,US Lecce,1,0
502422,Bundesliga,Bundesliga,2024,2024-10-05 13:30:00+00:00,1. FC Union Berlin,Borussia Dortmund,2,1
502420,Bundesliga,Bundesliga,2024,2024-10-05 13:30:00+00:00,SV Werder Bremen,SC Freiburg,0,1
502416,Bundesliga,Bundesliga,2024,2024-10-05 13:30:00+00:00,Bayer 04 Leverkusen,Holstein Kiel,2,2
502423,Bundesliga,Bundesliga,2024,2024-10-05 13:30:00+00:00,VfL Bochum 1848,VfL Wolfsburg,1,3
500546,Championship,Championship,2024,2024-10-05 14:00:00+00:00,Plymouth Argyle FC,Blackburn Rovers FC,2,1
500543,Championship,Championship,2024,2024-10-05 14:00:00+00:00,Coventry City FC,Sheffield Wednesday FC,1,2
500552,Championship,Championship,2024,2024-10-05 14:00:00+00:00,West Bromwich Albion FC,Millwall FC,0,0
500551,Championship,Championship,2024,2024-10-05 14:00:00+00:00,Watford FC,Middlesbrough FC,2,1
500548,Championship,Championship,2024,2024-10-05 14:00:00+00:00,Sheffield United FC,Luton Town FC,2,0
497479,Premier League,Premier League,2024,2024-10-05 14:00:00+00:00,West Ham United FC,Ipswich Town FC,4,1
497478,Premier League,Premier League,2024,2024-10-05 14:00:00+00:00,Manchester City FC,Fulham FC,3,2
497477,Premier League,Premier League,2024,2024-10-05 14:00:00+00:00,Leicester City FC,AFC Bournemouth,1,0
497472,Premier League,Premier League,2024,2024-10-05 14:00:00+00:00,Brentford FC,Wolverhampton Wanderers FC,5,3
500550,Championship,Championship,2024,2024-10-05 14:00:00+00:00,Swansea City AFC,Stoke City FC,0,0
500544,Championship,Championship,2024,2024-10-05 14:00:00+00:00,Derby County FC,Queens Park Rangers FC,2,0
497470,Premier League,Premier League,2024,2024-10-05 14:00:00+00:00,Arsenal FC,Southampton FC,3,1
498695,Primera Division,Primera Division,2024,2024-10-05 14:15:00+00:00,Getafe CF,CA Osasuna,1,1
503960,Primeira Liga,Primeira Liga,2024,2024-10-05 14:30:00+00:00,Gil Vicente FC,CF Estrela da Amadora,3,0
503958,Primeira Liga,Primeira Liga,2024,2024-10-05 14:30:00+00:00,Moreirense FC,CD Santa Clara,1,0
498008,Ligue 1,Ligue 1,2024,2024-10-05 15:00:00+00:00,AS Saint-Étienne,AJ Auxerre,3,1
503103,Serie A,Serie A,2024,2024-10-05 16:00:00+00:00,Atalanta BC,Genoa CFC,5,1
498701,Primera Division,Primera Division,2024,2024-10-05 16:30:00+00:00,UD Las Palmas,RC Celta de Vigo,0,1
498700,Primera Division,Primera Division,2024,2024-10-05 16:30:00+00:00,Real Valladolid CF,Rayo Vallecano de Madrid,1,2
497476,Premier League,Premier League,2024,2024-10-05 16:30:00+00:00,Everton FC,Newcastle United FC,0,0
502424,Bundesliga,Bundesliga,2024,2024-10-05 16:30:00+00:00,FC St. Pauli 1910,1. FSV Mainz 05,0,3
499056,Eredivisie,Eredivisie,2024,2024-10-05 16:45:00+00:00,NAC Breda,NEC,1,0
498007,Ligue 1,Ligue 1,2024,2024-10-05 17:00:00+00:00,Lille OSC,Toulouse FC,2,1
503954,Primeira Liga,Primeira Liga,2024,2024-10-05 17:00:00+00:00,FC Arouca,AVS,1,1
499059,Eredivisie,Eredivisie,2024,2024-10-05 18:00:00+00:00,PSV,Sparta Rotterdam,2,1
503107,Serie A,Serie A,2024,2024-10-05 18:45:00+00:00,FC Internazionale Milano,Torino FC,3,2
498011,Ligue 1,Ligue 1,2024,2024-10-05 19:00:00+00:00,Stade Rennais FC 1901,AS Monaco FC,1,2
499060,Eredivisie,Eredivisie,2024,2024-10-05 19:00:00+00:00,FC Utrecht,RKC Waalwijk,3,2
498698,Primera Division,Primera Division,2024,2024-10-05 19:00:00+00:00,Real Madrid CF,Villarreal CF,2,0
503957,Primeira Liga,Primeira Liga,2024,2024-10-05 19:30:00+00:00,Sporting Clube de Portugal,Casa Pia AC,2,0
494036,Campeonato Brasileiro Série A,Campeonato Brasileiro Série A,2024,2024-10-05 19:30:00+00:00,RB Bragantino,SE Palmeiras,0,0
494033,Campeonato Brasileiro Série A,Campeonato Brasileiro Série A,2024,2024-10-05 19:30:00+00:00,CA Paranaense,Botafogo FR,0,1
494034,Campeonato Brasileiro Série A,Campeonato Brasileiro Série A,2024,2024-10-05 19:30:00+00:00,CA Mineiro,EC Vitória,2,2
494039,Campeonato Brasileiro Série A,Campeonato Brasileiro Série A,2024,2024-10-05 22:00:00+00:00,Cuiabá EC,São Paulo FC,2,0
494037,Campeonato Brasileiro Série A,Campeonato Brasileiro Série A,2024,2024-10-05 22:00:00+00:00,SC Corinthians Paulista,SC Internacional,2,2
494035,Campeonato Brasileiro Série A,Campeonato Brasileiro Série A,2024,2024-10-05 22:00:00+00:00,EC Bahia,CR Flamengo,0,2
494042,Campeonato Brasileiro Série A,Campeonato Brasileiro Série A,2024,2024-10-06 00:00:00+00:00,CR Vasco da Gama,EC Juventude,1,1
499063,Eredivisie,Eredivisie,2024,2024-10-06 10:15:00+00:00,Go Ahead Eagles,Heracles Almelo,4,1
503108,Serie A,Serie A,2024,2024-10-06 10:30:00+00:00,Juventus FC,Cagliari Calcio,1,1
498696,Primera Division,Primera Division,2024,2024-10-06 12:00:00+00:00,Girona FC,Athletic Club,2,1
499061,Eredivisie,Eredivisie,2024,2024-10-06 12:30:00+00:00,Feyenoord Rotterdam,FC Twente '65,2,1
499058,Eredivisie,Eredivisie,2024,2024-10-06 12:30:00+00:00,SC Heerenveen,PEC Zwolle,1,1
503109,Serie A,Serie A,2024,2024-10-06 13:00:00+00:00,SS Lazio,Empoli FC,2,1
503104,Serie A,Serie A,2024,2024-10-06 13:00:00+00:00,Bologna FC 1909,Parma Calcio 1913,0,0
497471,Premier League,Premier League,2024,2024-10-06 13:00:00+00:00,Aston Villa FC,Manchester United FC,0,0
497474,Premier League,Premier League,2024,2024-10-06 13:00:00+00:00,Chelsea FC,Nottingham Forest FC,1,1
498005,Ligue 1,Ligue 1,2024,2024-10-06 13:00:00+00:00,Olympique Lyonnais,FC Nantes,2,0
502419,Bundesliga,Bundesliga,2024,2024-10-06 13:30:00+00:00,1. FC Heidenheim 1846,RB Leipzig,0,1
500541,Championship,Championship,2024,2024-10-06 14:00:00+00:00,Bristol City FC,Cardiff City FC,1,1
498694,Primera Division,Primera Division,2024,2024-10-06 14:15:00+00:00,Deportivo Alavés,FC Barcelona,0,3
503961,Primeira Liga,Primeira Liga,2024,2024-10-06 14:30:00+00:00,SC Farense,GD Estoril Praia,1,0
503956,Primeira Liga,Primeira Liga,2024,2024-10-06 14:30:00+00:00,Vitória SC,Boavista FC,2,2
499062,Eredivisie,Eredivisie,2024,2024-10-06 14:45:00+00:00,AFC Ajax,FC Groningen,3,1
498012,Ligue 1,Ligue 1,2024,2024-10-06 15:00:00+00:00,RC Strasbourg Alsace,Racing Club de Lens,2,2
498009,Ligue 1,Ligue 1,2024,2024-10-06 15:00:00+00:00,Stade Brestois 29,Le Havre AC,2,0
498013,Ligue 1,Ligue 1,2024,2024-10-06 15:00:00+00:00,Stade de Reims,Montpellier HSC,4,2
497473,Premier League,Premier League,2024,2024-10-06 15:30:00+00:00,Brighton & Hove Albion FC,Tottenham Hotspur FC,3,2
502418,Bundesliga,Bundesliga,2024,2024-10-06 15:30:00+00:00,Eintracht Frankfurt,FC Bayern München,3,3
503110,Serie A,Serie A,2024,2024-10-06 16:00:00+00:00,AC Monza,AS Roma,1,1
498697,Primera Division,Primera Division,2024,2024-10-06 16:30:00+00:00,Sevilla FC,Real Betis Balompié,1,0
502417,Bundesliga,Bundesliga,2024,2024-10-06 17:30:00+00:00,VfB Stuttgart,TSG 1899 Hoffenheim,1,1
499064,Eredivisie,Eredivisie,2024,2024-10-06 18:00:00+00:00,Fortuna Sittard,AZ,1,0
498006,Ligue 1,Ligue 1,2024,2024-10-06 18:45:00+00:00,OGC Nice,Paris Saint-Germain FC,1,1
503105,Serie A,Serie A,2024,2024-10-06 18:45:00+00:00,ACF Fiorentina,AC Milan,2,1
498699,Primera Division,Primera Division,2024,2024-10-06 19:00:00+00:00,Real Sociedad de Fútbol,Club Atlético de Madrid,1,1
503953,Primeira Liga,Primeira Liga,2024,2024-10-06 19:30:00+00:00,FC Porto,Sporting Clube de Braga,2,1
493804,Campeonato Brasileiro Série A,Campeonato Brasileiro Série A,2024,2024-10-09 22:30:00+00:00,CA Mineiro,Grêmio FBPA,2,1
494051,Campeonato Brasileiro Série A,Campeonato Brasileiro Série A,2024,2024-10-17 00:45:00+00:00,São Paulo FC,CR Vasco da Gama,3,0
494048,Campeonato Brasileiro Série A,Campeonato Brasileiro Série A,2024,2024-10-17 00:45:00+00:00,Fortaleza EC,CA Mineiro,1,1
494045,Campeonato Brasileiro Série A,Campeonato Brasileiro Série A,2024,2024-10-17 23:00:00+00:00,SC Corinthians Paulista,CA Paranaense,5,2
494047,Campeonato Brasileiro Série A,Campeonato Brasileiro Série A,2024,2024-10-17 23:00:00+00:00,CR Flamengo,Fluminense FC,0,2
502427,Bundesliga,Bundesliga,2024,2024-10-18 18:30:00+00:00,Borussia Dortmund,FC St. Pauli 1910,2,1
498019,Ligue 1,Ligue 1,2024,2024-10-18 18:45:00+00:00,AS Monaco FC,Lille OSC,0,0
500556,Championship,Championship,2024,2024-10-18 19:00:00+00:00,Leeds United FC,Sheffield United FC,2,0
498706,Primera Division,Primera Division,2024,2024-10-18 19:00:00+00:00,Deportivo Alavés,Real Valladolid CF,2,3
494043,Campeonato Brasileiro Série A,Campeonato Brasileiro Série A,2024,2024-10-18 22:00:00+00:00,AC Goianiense,Cuiabá EC,0,0
494044,Campeonato Brasileiro Série A,Campeonato Brasileiro Série A,2024,2024-10-18 23:00:00+00:00,Botafogo FR,Criciúma EC,1,1
494046,Campeonato Brasileiro Série A,Campeonato Brasileiro Série A,2024,2024-10-19 00:30:00+00:00,Cruzeiro EC,EC Bahia,1,1
500560,Championship,Championship,2024,2024-10-19 11:30:00+00:00,Oxford United FC,West Bromwich Albion FC,1,1
500557,Championship,Championship,2024,2024-10-19 11:30:00+00:00,Luton Town FC,Watford FC,3,0
500554,Championship,Championship,2024,2024-10-19 11:30:00+00:00,Cardiff City FC,Plymouth Argyle FC,5,0
500561,Championship,Championship,2024,2024-10-19 11:30:00+00:00,Preston North End FC,Coventry City FC,1,0
497488,Premier League,Premier League,2024,2024-10-19 11:30:00+00:00,Tottenham Hotspur FC,West Ham United FC,4,1
498712,Primera Division,Primera Division,2024,2024-10-19 12:00:00+00:00,Athletic Club,RCD Espanyol de Barcelona,4,1
503116,Serie A,Serie A,2024,2024-10-19 13:00:00+00:00,Genoa CFC,Bologna FC 1909,2,2
503114,Serie A,Serie A,2024,2024-10-19 13:00:00+00:00,Como 1907,Parma Calcio 1913,1,1
502428,Bundesliga,Bundesliga,2024,2024-10-19 13:30:00+00:00,TSG 1899 Hoffenheim,VfL Bochum 1848,3,1
502429,Bundesliga,Bundesliga,2024,2024-10-19 13:30:00+00:00,SC Freiburg,FC Augsburg,3,1
502425,Bundesliga,Bundesliga,2024,2024-10-19 13:30:00+00:00,Bayer 04 Leverkusen,Eintracht Frankfurt,2,1
502432,Bundesliga,Bundesliga,2024,2024-10-19 13:30:00+00:00,Borussia Mönchengladbach,1. FC Heidenheim 1846,3,2
502431,Bundesliga,Bundesliga,2024,2024-10-19 13:30:00+00:00,1. FSV Mainz 05,RB Leipzig,0,2
497484,Premier League,Premier League,2024,2024-10-19 14:00:00+00:00,Manchester United FC,Brentford FC,2,1
500564,Championship,Championship,2024,2024-10-19 14:00:00+00:00,Stoke City FC,Norwich City FC,1,1
497482,Premier League,Premier League,2024,2024-10-19 14:00:00+00:00,Ipswich Town FC,Everton FC,0,2
500559,Championship,Championship,2024,2024-10-19 14:00:00+00:00,Millwall FC,Derby County FC,1,1
500558,Championship,Championship,2024,2024-10-19 14:00:00+00:00,Middlesbrough FC,Bristol City FC,0,2
500553,Championship,Championship,2024,2024-10-19 14:00:00+00:00,Blackburn Rovers FC,Swansea City AFC,1,0
500563,Championship,Championship,2024,2024-10-19 14:00:00+00:00,Sheffield Wednesday FC,Burnley FC,0,2
497485,Premier League,Premier League,2024,2024-10-19 14:00:00+00:00,Newcastle United FC,Brighton & Hove Albion FC,0,1
497487,Premier League,Premier League,2024,2024-10-19 14:00:00+00:00,Southampton FC,Leicester City FC,2,3
500562,Championship,Championship,2024,2024-10-19 14:00:00+00:00,Queens Park Rangers FC,Portsmouth FC,1,2
497481,Premier League,Premier League,2024,2024-10-19 14:00:00+00:00,Fulham FC,Aston Villa FC,1,3
498704,Primera Division,Primera Division,2024,2024-10-19 14:15:00+00:00,CA Osasuna,Real Betis Balompié,1,2
499065,Eredivisie,Eredivisie,2024,2024-10-19 14:30:00+00:00,Sparta Rotterdam,Almere City FC,2,2
498021,Ligue 1,Ligue 1,2024,2024-10-19 15:00:00+00:00,Stade Brestois 29,Stade Rennais FC 1901,1,1
503120,Serie A,Serie A,2024,2024-10-19 16:00:00+00:00,AC Milan,Udinese Calcio,1,0
497480,Premier League,Premier League,2024,2024-10-19 16:30:00+00:00,AFC Bournemouth,Arsenal FC,2,0
498708,Primera Division,Primera Division,2024,2024-10-19 16:30:00+00:00,Girona FC,Real Sociedad de Fútbol,0,1
502426,Bundesliga,Bundesliga,2024,2024-10-19 16:30:00+00:00,FC Bayern München,VfB Stuttgart,4,0
499066,Eredivisie,Eredivisie,2024,2024-10-19 16:45:00+00:00,AZ,PSV,1,2
498020,Ligue 1,Ligue 1,2024,2024-10-19 17:00:00+00:00,AS Saint-Étienne,Racing Club de Lens,0,2
499068,Eredivisie,Eredivisie,2024,2024-10-19 18:00:00+00:00,RKC Waalwijk,FC Twente '65,2,2
499067,Eredivisie,Eredivisie,2024,2024-10-19 18:00:00+00:00,NEC,SC Heerenveen,3,0
503118,Serie A,Serie A,2024,2024-10-19 18:45:00+00:00,Juventus FC,SS Lazio,1,0
498022,Ligue 1,Ligue 1,2024,2024-10-19 19:00:00+00:00,Paris Saint-Germain FC,RC Strasbourg Alsace,4,2
498705,Primera Division,Primera Division,2024,2024-10-19 19:00:00+00:00,RC Celta de Vigo,Real Madrid CF,1,2
499069,Eredivisie,Eredivisie,2024,2024-10-19 19:00:00+00:00,Go Ahead Eagles,Feyenoord Rotterdam,1,5
494049,Campeonato Brasileiro Série A,Campeonato Brasileiro Série A,2024,2024-10-19 19:00:00+00:00,SC Internacional,Grêmio FBPA,1,0
494052,Campeonato Brasileiro Série A,Campeonato Brasileiro Série A,2024,2024-10-19 19:00:00+00:00,EC Vitória,RB Bragantino,1,0
499070,Eredivisie,Eredivisie,2024,2024-10-20 10:15:00+00:00,Willem II Tilburg,Fortuna Sittard,0,0
503115,Serie A,Serie A,2024,2024-10-20 10:30:00+00:00,Empoli FC,SSC Napoli,0,1
498711,Primera Division,Primera Division,2024,2024-10-20 12:00:00+00:00,RCD Mallorca,Rayo Vallecano de Madrid,1,0
499071,Eredivisie,Eredivisie,2024,2024-10-20 12:30:00+00:00,FC Groningen,FC Utrecht,0,1
499072,Eredivisie,Eredivisie,2024,2024-10-20 12:30:00+00:00,Heracles Almelo,AFC Ajax,3,4
497489,Premier League,Premier League,2024,2024-10-20 13:00:00+00:00,Wolverhampton Wanderers FC,Manchester City FC,1,2
503119,Serie A,Serie A,2024,2024-10-20 13:00:00+00:00,US Lecce,ACF Fiorentina,0,6
503122,Serie A,Serie A,2024,2024-10-20 13:00:00+00:00,Venezia FC,Atalanta BC,0,2
498016,Ligue 1,Ligue 1,2024,2024-10-20 13:00:00+00:00,Le Havre AC,Olympique Lyonnais,0,4
502433,Bundesliga,Bundesliga,2024,2024-10-20 13:30:00+00:00,Holstein Kiel,1. FC Union Berlin,0,2
500555,Championship,Championship,2024,2024-10-20 14:00:00+00:00,Hull City AFC,Sunderland AFC,0,1
498703,Primera Division,Primera Division,2024,2024-10-20 14:15:00+00:00,Club Atlético de Madrid,CD Leganés,3,1
499073,Eredivisie,Eredivisie,2024,2024-10-20 14:45:00+00:00,PEC Zwolle,NAC Breda,1,2
498015,Ligue 1,Ligue 1,2024,2024-10-20 15:00:00+00:00,Toulouse FC,Angers SCO,1,1
498017,Ligue 1,Ligue 1,2024,2024-10-20 15:00:00+00:00,FC Nantes,OGC Nice,1,1
498014,Ligue 1,Ligue 1,2024,2024-10-20 15:00:00+00:00,AJ Auxerre,Stade de Reims,2,1
502430,Bundesliga,Bundesliga,2024,2024-10-20 15:30:00+00:00,VfL Wolfsburg,SV Werder Bremen,2,4
497483,Premier League,Premier League,2024,2024-10-20 15:30:00+00:00,Liverpool FC,Chelsea FC,2,1
503113,Serie A,Serie A,2024,2024-10-20 16:00:00+00:00,Cagliari Calcio,Torino FC,3,2
498710,Primera Division,Primera Division,2024,2024-10-20 16:30:00+00:00,Villarreal CF,Getafe CF,1,1
498018,Ligue 1,Ligue 1,2024,2024-10-20 18:45:00+00:00,Montpellier HSC,Olympique de Marseille,0,5
503121,Serie A,Serie A,2024,2024-10-20 18:45:00+00:00,AS Roma,FC Internazionale Milano,0,1
498707,Primera Division,Primera Division,2024,2024-10-20 19:00:00+00:00,FC Barcelona,Sevilla FC,5,1
494050,Campeonato Brasileiro Série A,Campeonato Brasileiro Série A,2024,2024-10-20 23:00:00+00:00,EC Juventude,SE Palmeiras,3,5
503117,Serie A,Serie A,2024,2024-10-21 18:45:00+00:00,Hellas Verona FC,AC Monza,0,3
497486,Premier League,Premier League,2024,2024-10-21 19:00:00+00:00,Nottingham Forest FC,Crystal Palace FC,1,0
498709,Primera Division,Primera Division,2024,2024-10-21 19:00:00+00:00,Valencia CF,UD Las Palmas,2,3
524042,UEFA Champions League,UEFA Champions League,2024,2024-10-22 16:45:00+00:00,AS Monaco FC,FK Crvena Zvezda,5,1
523969,UEFA Champions League,UEFA Champions League,2024,2024-10-22 16:45:00+00:00,AC Milan,Club Brugge KV,3,1
500569,Championship,Championship,2024,2024-10-22 18:45:00+00:00,Preston North End FC,Norwich City FC,2,2
500568,Championship,Championship,2024,2024-10-22 18:45:00+00:00,Oxford United FC,Derby County FC,1,1
500565,Championship,Championship,2024,2024-10-22 18:45:00+00:00,Cardiff City FC,Portsmouth FC,2,0
500572,Championship,Championship,2024,2024-10-22 18:45:00+00:00,Stoke City FC,Bristol City FC,2,2
500571,Championship,Championship,2024,2024-10-22 18:45:00+00:00,Sheffield Wednesday FC,Swansea City AFC,0,0
500567,Championship,Championship,2024,2024-10-22 18:45:00+00:00,Leeds United FC,Watford FC,2,1
523993,UEFA Champions League,UEFA Champions League,2024,2024-10-22 19:00:00+00:00,Arsenal FC,FK Shakhtar Donetsk,1,0
523964,UEFA Champions League,UEFA Champions League,2024,2024-10-22 19:00:00+00:00,Real Madrid CF,Borussia Dortmund,5,2
523958,UEFA Champions League,UEFA Champions League,2024,2024-10-22 19:00:00+00:00,Paris Saint-Germain FC,PSV,1,1
523999,UEFA Champions League,UEFA Champions League,2024,2024-10-22 19:00:00+00:00,Juventus FC,VfB Stuttgart,0,1
524047,UEFA Champions League,UEFA Champions League,2024,2024-10-22 19:00:00+00:00,Aston Villa FC,Bologna FC 1909,2,0
524055,UEFA Champions League,UEFA Champions League,2024,2024-10-22 19:00:00+00:00,Girona FC,ŠK Slovan Bratislava,2,0
524070,UEFA Champions League,UEFA Champions League,2024,2024-10-22 19:00:00+00:00,SK Sturm Graz,Sporting Clube de Portugal,0,2
500570,Championship,Championship,2024,2024-10-22 19:00:00+00:00,Queens Park Rangers FC,Coventry City FC,1,1
493918,Campeonato Brasileiro Série A,Campeonato Brasileiro Série A,2024,2024-10-22 22:30:00+00:00,Fluminense FC,CA Paranaense,1,0
524065,UEFA Champions League,UEFA Champions League,2024,2024-10-23 16:45:00+00:00,Stade Brestois 29,Bayer 04 Leverkusen,1,1
523974,UEFA Champions League,UEFA Champions League,2024,2024-10-23 16:45:00+00:00,Atalanta BC,Celtic FC,0,0
500573,Championship,Championship,2024,2024-10-23 18:45:00+00:00,Blackburn Rovers FC,West Bromwich Albion FC,0,0
500566,Championship,Championship,2024,2024-10-23 18:45:00+00:00,Hull City AFC,Burnley FC,1,1
500574,Championship,Championship,2024,2024-10-23 18:45:00+00:00,Luton Town FC,Sunderland AFC,1,2
500576,Championship,Championship,2024,2024-10-23 18:45:00+00:00,Millwall FC,Plymouth Argyle FC,1,0
523960,UEFA Champions League,UEFA Champions League,2024,2024-10-23 19:00:00+00:00,RB Leipzig,Liverpool FC,0,1
523978,UEFA Champions League,UEFA Champions League,2024,2024-10-23 19:00:00+00:00,Club Atlético de Madrid,Lille OSC,1,3
523955,UEFA Champions League,UEFA Champions League,2024,2024-10-23 19:00:00+00:00,Manchester City FC,AC Sparta Praha,5,0
500575,Championship,Championship,2024,2024-10-23 19:00:00+00:00,Middlesbrough FC,Sheffield United FC,1,0
523986,UEFA Champions League,UEFA Champions League,2024,2024-10-23 19:00:00+00:00,Sport Lisboa e Benfica,Feyenoord Rotterdam,1,3
524026,UEFA Champions League,UEFA Champions League,2024,2024-10-23 19:00:00+00:00,FC Red Bull Salzburg,GNK Dinamo Zagreb,0,2
523940,UEFA Champions League,UEFA Champions League,2024,2024-10-23 19:00:00+00:00,FC Barcelona,FC Bayern München,4,1
524036,UEFA Champions League,UEFA Champions League,2024,2024-10-23 19:00:00+00:00,BSC Young Boys,FC Internazionale Milano,0,1
493941,Campeonato Brasileiro Série A,Campeonato Brasileiro Série A,2024,2024-10-24 22:00:00+00:00,CR Vasco da Gama,Cuiabá EC,1,0
503132,Serie A,Serie A,2024,2024-10-25 16:30:00+00:00,Udinese Calcio,Cagliari Calcio,2,0
503944,Primeira Liga,Primeira Liga,2024,2024-10-25 17:45:00+00:00,Casa Pia AC,CD Nacional,1,0
499074,Eredivisie,Eredivisie,2024,2024-10-25 18:00:00+00:00,Almere City FC,NEC,1,0
502439,Bundesliga,Bundesliga,2024,2024-10-25 18:30:00+00:00,1. FSV Mainz 05,Borussia Mönchengladbach,1,1
503131,Serie A,Serie A,2024,2024-10-25 18:45:00+00:00,Torino FC,Como 1907,1,0
498029,Ligue 1,Ligue 1,2024,2024-10-25 18:45:00+00:00,Stade Rennais FC 1901,Le Havre AC,1,0
500583,Championship,Championship,2024,2024-10-25 19:00:00+00:00,Portsmouth FC,Sheffield Wednesday FC,1,2
498722,Primera Division,Primera Division,2024,2024-10-25 19:00:00+00:00,RCD Espanyol de Barcelona,Sevilla FC,0,2
497497,Premier League,Premier League,2024,2024-10-25 19:00:00+00:00,Leicester City FC,Nottingham Forest FC,1,3
503951,Primeira Liga,Primeira Liga,2024,2024-10-25 19:45:00+00:00,CD Santa Clara,Gil Vicente FC,2,1
500587,Championship,Championship,2024,2024-10-26 11:30:00+00:00,Watford FC,Blackburn Rovers FC,1,0
500579,Championship,Championship,2024,2024-10-26 11:30:00+00:00,Coventry City FC,Luton Town FC,3,2
500577,Championship,Championship,2024,2024-10-26 11:30:00+00:00,Bristol City FC,Leeds United FC,0,0
498720,Primera Division,Primera Division,2024,2024-10-26 12:00:00+00:00,Real Valladolid CF,Villarreal CF,1,2
503129,Serie A,Serie A,2024,2024-10-26 13:00:00+00:00,SSC Napoli,US Lecce,1,0
502438,Bundesliga,Bundesliga,2024,2024-10-26 13:30:00+00:00,FC Augsburg,Borussia Dortmund,2,1
502435,Bundesliga,Bundesliga,2024,2024-10-26 13:30:00+00:00,RB Leipzig,SC Freiburg,3,1
502434,Bundesliga,Bundesliga,2024,2024-10-26 13:30:00+00:00,VfB Stuttgart,Holstein Kiel,2,1
502442,Bundesliga,Bundesliga,2024,2024-10-26 13:30:00+00:00,FC St. Pauli 1910,VfL Wolfsburg,0,0
500588,Championship,Championship,2024,2024-10-26 14:00:00+00:00,West Bromwich Albion FC,Cardiff City FC,0,0
500586,Championship,Championship,2024,2024-10-26 14:00:00+00:00,Swansea City AFC,Millwall FC,0,1
500585,Championship,Championship,2024,2024-10-26 14:00:00+00:00,Sunderland AFC,Oxford United FC,2,0
500584,Championship,Championship,2024,2024-10-26 14:00:00+00:00,Sheffield United FC,Stoke City FC,2,0
500582,Championship,Championship,2024,2024-10-26 14:00:00+00:00,Plymouth Argyle FC,Preston North End FC,3,3
500580,Championship,Championship,2024,2024-10-26 14:00:00+00:00,Derby County FC,Hull City AFC,1,1
500578,Championship,Championship,2024,2024-10-26 14:00:00+00:00,Burnley FC,Queens Park Rangers FC,0,0
497492,Premier League,Premier League,2024,2024-10-26 14:00:00+00:00,Brentford FC,Ipswich Town FC,4,3
497491,Premier League,Premier League,2024,2024-10-26 14:00:00+00:00,Aston Villa FC,AFC Bournemouth,1,1
497493,Premier League,Premier League,2024,2024-10-26 14:00:00+00:00,Brighton & Hove Albion FC,Wolverhampton Wanderers FC,2,2
497498,Premier League,Premier League,2024,2024-10-26 14:00:00+00:00,Manchester City FC,Southampton FC,1,0
498716,Primera Division,Primera Division,2024,2024-10-26 14:15:00+00:00,Rayo Vallecano de Madrid,Deportivo Alavés,1,0
499075,Eredivisie,Eredivisie,2024,2024-10-26 14:30:00+00:00,Fortuna Sittard,FC Groningen,1,0
503950,Primeira Liga,Primeira Liga,2024,2024-10-26 14:30:00+00:00,GD Estoril Praia,FC Arouca,4,1
498030,Ligue 1,Ligue 1,2024,2024-10-26 15:00:00+00:00,Angers SCO,AS Saint-Étienne,4,2
498721,Primera Division,Primera Division,2024,2024-10-26 16:30:00+00:00,UD Las Palmas,Girona FC,1,0
502437,Bundesliga,Bundesliga,2024,2024-10-26 16:30:00+00:00,SV Werder Bremen,Bayer 04 Leverkusen,2,2
497496,Premier League,Premier League,2024,2024-10-26 16:30:00+00:00,Everton FC,Fulham FC,1,1
499077,Eredivisie,Eredivisie,2024,2024-10-26 16:45:00+00:00,PSV,PEC Zwolle,6,0
498031,Ligue 1,Ligue 1,2024,2024-10-26 17:00:00+00:00,Stade de Reims,Stade Brestois 29,1,2
503946,Primeira Liga,Primeira Liga,2024,2024-10-26 17:00:00+00:00,Boavista FC,Moreirense FC,0,2
499076,Eredivisie,Eredivisie,2024,2024-10-26 18:00:00+00:00,NAC Breda,RKC Waalwijk,4,1
503123,Serie A,Serie A,2024,2024-10-26 18:45:00+00:00,Atalanta BC,Hellas Verona FC,6,1
498024,Ligue 1,Ligue 1,2024,2024-10-26 19:00:00+00:00,Racing Club de Lens,Lille OSC,0,2
498718,Primera Division,Primera Division,2024,2024-10-26 19:00:00+00:00,Real Madrid CF,FC Barcelona,0,4
499078,Eredivisie,Eredivisie,2024,2024-10-26 19:00:00+00:00,SC Heerenveen,Sparta Rotterdam,2,0
503949,Primeira Liga,Primeira Liga,2024,2024-10-26 19:30:00+00:00,FC Famalicão,Sporting Clube de Portugal,0,3
494058,Campeonato Brasileiro Série A,Campeonato Brasileiro Série A,2024,2024-10-26 19:30:00+00:00,CR Flamengo,EC Juventude,4,2
494059,Campeonato Brasileiro Série A,Campeonato Brasileiro Série A,2024,2024-10-26 19:30:00+00:00,Grêmio FBPA,AC Goianiense,3,1
494060,Campeonato Brasileiro Série A,Campeonato Brasileiro Série A,2024,2024-10-26 19:30:00+00:00,SE Palmeiras,Fortaleza EC,2,2
494062,Campeonato Brasileiro Série A,Campeonato Brasileiro Série A,2024,2024-10-26 19:30:00+00:00,EC Vitória,Fluminense FC,2,1
494053,Campeonato Brasileiro Série A,Campeonato Brasileiro Série A,2024,2024-10-26 21:30:00+00:00,CA Paranaense,Cruzeiro EC,3,0
494054,Campeonato Brasileiro Série A,Campeonato Brasileiro Série A,2024,2024-10-26 22:00:00+00:00,CA Mineiro,SC Internacional,1,3
494055,Campeonato Brasileiro Série A,Campeonato Brasileiro Série A,2024,2024-10-26 22:00:00+00:00,RB Bragantino,Botafogo FR,0,1
494056,Campeonato Brasileiro Série A,Campeonato Brasileiro Série A,2024,2024-10-27 01:00:00+00:00,Criciúma EC,São Paulo FC,1,1
499079,Eredivisie,Eredivisie,2024,2024-10-27 11:15:00+00:00,FC Utrecht,Feyenoord Rotterdam,0,2
503130,Serie A,Serie A,2024,2024-10-27 11:30:00+00:00,Parma Calcio 1913,Empoli FC,1,1
498714,Primera Division,Primera Division,2024,2024-10-27 13:00:00+00:00,CD Leganés,RC Celta de Vigo,3,0
499081,Eredivisie,Eredivisie,2024,2024-10-27 13:30:00+00:00,FC Twente '65,Heracles Almelo,5,0
503127,Serie A,Serie A,2024,2024-10-27 14:00:00+00:00,SS Lazio,Genoa CFC,3,0
503128,Serie A,Serie A,2024,2024-10-27 14:00:00+00:00,AC Monza,Venezia FC,2,2
497494,Premier League,Premier League,2024,2024-10-27 14:00:00+00:00,Chelsea FC,Newcastle United FC,2,1
497495,Premier League,Premier League,2024,2024-10-27 14:00:00+00:00,Crystal Palace FC,Tottenham Hotspur FC,1,0
497499,Premier League,Premier League,2024,2024-10-27 14:00:00+00:00,West Ham United FC,Manchester United FC,2,1
498026,Ligue 1,Ligue 1,2024,2024-10-27 14:00:00+00:00,Olympique Lyonnais,AJ Auxerre,2,2
502441,Bundesliga,Bundesliga,2024,2024-10-27 14:30:00+00:00,VfL Bochum 1848,FC Bayern München,0,5
500581,Championship,Championship,2024,2024-10-27 15:00:00+00:00,Norwich City FC,Middlesbrough FC,3,3
498715,Primera Division,Primera Division,2024,2024-10-27 15:15:00+00:00,Getafe CF,Valencia CF,1,1
503948,Primeira Liga,Primeira Liga,2024,2024-10-27 15:30:00+00:00,Sporting Clube de Braga,SC Farense,2,0
499082,Eredivisie,Eredivisie,2024,2024-10-27 15:45:00+00:00,AFC Ajax,Willem II Tilburg,1,0
498027,Ligue 1,Ligue 1,2024,2024-10-27 16:00:00+00:00,Montpellier HSC,Toulouse FC,0,3
498028,Ligue 1,Ligue 1,2024,2024-10-27 16:00:00+00:00,RC Strasbourg Alsace,FC Nantes,3,1
498023,Ligue 1,Ligue 1,2024,2024-10-27 16:00:00+00:00,OGC Nice,AS Monaco FC,2,1
497490,Premier League,Premier League,2024,2024-10-27 16:30:00+00:00,Arsenal FC,Liverpool FC,2,2
502440,Bundesliga,Bundesliga,2024,2024-10-27 16:30:00+00:00,1. FC Union Berlin,Eintracht Frankfurt,1,1
503126,Serie A,Serie A,2024,2024-10-27 17:00:00+00:00,FC Internazionale Milano,Juventus FC,4,4
498713,Primera Division,Primera Division,2024,2024-10-27 17:30:00+00:00,Real Betis Balompié,Club Atlético de Madrid,1,0
503945,Primeira Liga,Primeira Liga,2024,2024-10-27 18:00:00+00:00,Sport Lisboa e Benfica,Rio Ave FC,5,0
502436,Bundesliga,Bundesliga,2024,2024-10-27 18:30:00+00:00,1. FC Heidenheim 1846,TSG 1899 Hoffenheim,0,0
499080,Eredivisie,Eredivisie,2024,2024-10-27 19:00:00+00:00,AZ,Go Ahead Eagles,2,2
503125,Serie A,Serie A,2024,2024-10-27 19:45:00+00:00,ACF Fiorentina,AS Roma,5,1
498025,Ligue 1,Ligue 1,2024,2024-10-27 19:45:00+00:00,Olympique de Marseille,Paris Saint-Germain FC,0,3
498719,Primera Division,Primera Division,2024,2024-10-27 20:00:00+00:00,Real Sociedad de Fútbol,CA Osasuna,0,2
503947,Primeira Liga,Primeira Liga,2024,2024-10-27 20:30:00+00:00,CF Estrela da Amadora,Vitória SC,2,2
498717,Primera Division,Primera Division,2024,2024-10-28 20:00:00+00:00,RCD Mallorca,Athletic Club,0,0
503952,Primeira Liga,Primeira Liga,2024,2024-10-28 20:15:00+00:00,AVS,FC Porto,0,5
494057,Campeonato Brasileiro Série A,Campeonato Brasileiro Série A,2024,2024-10-28 22:00:00+00:00,Cuiabá EC,SC Corinthians Paulista,0,1
494061,Campeonato Brasileiro Série A,Campeonato Brasileiro Série A,2024,2024-10-29 00:00:00+00:00,CR Vasco da Gama,EC Bahia,3,2
503139,Serie A,Serie A,2024,2024-10-29 17:30:00+00:00,US Lecce,Hellas Verona FC,1,0
503134,Serie A,Serie A,2024,2024-10-29 17:30:00+00:00,Cagliari Calcio,Bologna FC 1909,0,2
503140,Serie A,Serie A,2024,2024-10-29 19:45:00+00:00,AC Milan,SSC Napoli,0,2
499026,Eredivisie,Eredivisie,2024,2024-10-30 17:00:00+00:00,Feyenoord Rotterdam,AFC Ajax,0,2
503142,Serie A,Serie A,2024,2024-10-30 17:30:00+00:00,Venezia FC,Udinese Calcio,3,2
503136,Serie A,Serie A,2024,2024-10-30 17:30:00+00:00,Empoli FC,FC Internazionale Milano,0,3
503133,Serie A,Serie A,2024,2024-10-30 19:45:00+00:00,Atalanta BC,AC Monza,2,0
503138,Serie A,Serie A,2024,2024-10-30 19:45:00+00:00,Juventus FC,Parma Calcio 1913,2,2
493920,Campeonato Brasileiro Série A,Campeonato Brasileiro Série A,2024,2024-10-30 22:00:00+00:00,SC Internacional,CR Flamengo,1,1
503137,Serie A,Serie A,2024,2024-10-31 17:30:00+00:00,Genoa CFC,ACF Fiorentina,0,1
503135,Serie A,Serie A,2024,2024-10-31 19:45:00+00:00,Como 1907,SS Lazio,1,5
503141,Serie A,Serie A,2024,2024-10-31 19:45:00+00:00,AS Roma,Torino FC,1,0
498034,Ligue 1,Ligue 1,2024,2024-11-01 18:00:00+00:00,AS Monaco FC,Angers SCO,0,1
502443,Bundesliga,Bundesliga,2024,2024-11-01 19:30:00+00:00,Bayer 04 Leverkusen,VfB Stuttgart,0,0
500593,Championship,Championship,2024,2024-11-01 20:00:00+00:00,Luton Town FC,West Bromwich Albion FC,1,1
498037,Ligue 1,Ligue 1,2024,2024-11-01 20:00:00+00:00,Lille OSC,Olympique Lyonnais,1,1
498727,Primera Division,Primera Division,2024,2024-11-01 20:00:00+00:00,Deportivo Alavés,RCD Mallorca,1,0
503940,Primeira Liga,Primeira Liga,2024,2024-11-01 20:15:00+00:00,Sporting Clube de Portugal,CF Estrela da Amadora,5,1
494070,Campeonato Brasileiro Série A,Campeonato Brasileiro Série A,2024,2024-11-02 00:00:00+00:00,Fluminense FC,Grêmio FBPA,2,2
497505,Premier League,Premier League,2024,2024-11-02 12:30:00+00:00,Newcastle United FC,Arsenal FC,1,0
500589,Championship,Championship,2024,2024-11-02 12:30:00+00:00,Blackburn Rovers FC,Sheffield United FC,0,2
500600,Championship,Championship,2024,2024-11-02 12:30:00+00:00,Stoke City FC,Derby County FC,2,1
500596,Championship,Championship,2024,2024-11-02 12:30:00+00:00,Oxford United FC,Swansea City AFC,1,2
498725,Primera Division,Primera Division,2024,2024-11-02 13:00:00+00:00,CA Osasuna,Real Valladolid CF,1,0
503143,Serie A,Serie A,2024,2024-11-02 14:00:00+00:00,Bologna FC 1909,US Lecce,1,0
502444,Bundesliga,Bundesliga,2024,2024-11-02 14:30:00+00:00,FC Bayern München,1. FC Union Berlin,3,0
502446,Bundesliga,Bundesliga,2024,2024-11-02 14:30:00+00:00,Eintracht Frankfurt,VfL Bochum 1848,7,2
502447,Bundesliga,Bundesliga,2024,2024-11-02 14:30:00+00:00,TSG 1899 Hoffenheim,FC St. Pauli 1910,0,2
502449,Bundesliga,Bundesliga,2024,2024-11-02 14:30:00+00:00,VfL Wolfsburg,FC Augsburg,1,1
502451,Bundesliga,Bundesliga,2024,2024-11-02 14:30:00+00:00,Holstein Kiel,1. FC Heidenheim 1846,1,0
500599,Championship,Championship,2024,2024-11-02 15:00:00+00:00,Sheffield Wednesday FC,Watford FC,2,6
497506,Premier League,Premier League,2024,2024-11-02 15:00:00+00:00,Nottingham Forest FC,West Ham United FC,3,0
497503,Premier League,Premier League,2024,2024-11-02 15:00:00+00:00,Liverpool FC,Brighton & Hove Albion FC,2,1
497502,Premier League,Premier League,2024,2024-11-02 15:00:00+00:00,Ipswich Town FC,Leicester City FC,1,1
497500,Premier League,Premier League,2024,2024-11-02 15:00:00+00:00,AFC Bournemouth,Manchester City FC,2,1
500598,Championship,Championship,2024,2024-11-02 15:00:00+00:00,Queens Park Rangers FC,Sunderland AFC,0,0
500592,Championship,Championship,2024,2024-11-02 15:00:00+00:00,Leeds United FC,Plymouth Argyle FC,3,0
500597,Championship,Championship,2024,2024-11-02 15:00:00+00:00,Preston North End FC,Bristol City FC,1,3
500594,Championship,Championship,2024,2024-11-02 15:00:00+00:00,Middlesbrough FC,Coventry City FC,0,3
500591,Championship,Championship,2024,2024-11-02 15:00:00+00:00,Hull City AFC,Portsmouth FC,1,1
500590,Championship,Championship,2024,2024-11-02 15:00:00+00:00,Cardiff City FC,Norwich City FC,2,1
497507,Premier League,Premier League,2024,2024-11-02 15:00:00+00:00,Southampton FC,Everton FC,1,0
498728,Primera Division,Primera Division,2024,2024-11-02 15:15:00+00:00,Girona FC,CD Leganés,4,3
503942,Primeira Liga,Primeira Liga,2024,2024-11-02 15:30:00+00:00,Rio Ave FC,Casa Pia AC,2,2
499085,Eredivisie,Eredivisie,2024,2024-11-02 15:30:00+00:00,Willem II Tilburg,FC Twente '65,0,1
498040,Ligue 1,Ligue 1,2024,2024-11-02 16:00:00+00:00,Paris Saint-Germain FC,Racing Club de Lens,1,0
503152,Serie A,Serie A,2024,2024-11-02 17:00:00+00:00,Udinese Calcio,Juventus FC,0,2
497509,Premier League,Premier League,2024,2024-11-02 17:30:00+00:00,Wolverhampton Wanderers FC,Crystal Palace FC,2,2
502445,Bundesliga,Bundesliga,2024,2024-11-02 17:30:00+00:00,Borussia Dortmund,RB Leipzig,2,1
499084,Eredivisie,Eredivisie,2024,2024-11-02 17:45:00+00:00,Heracles Almelo,NAC Breda,2,0
499086,Eredivisie,Eredivisie,2024,2024-11-02 17:45:00+00:00,AFC Ajax,PSV,3,2
498039,Ligue 1,Ligue 1,2024,2024-11-02 18:00:00+00:00,Stade Brestois 29,OGC Nice,0,1
503937,Primeira Liga,Primeira Liga,2024,2024-11-02 18:00:00+00:00,SC Farense,Sport Lisboa e Benfica,1,2
494067,Campeonato Brasileiro Série A,Campeonato Brasileiro Série A,2024,2024-11-02 19:00:00+00:00,RB Bragantino,Cuiabá EC,0,0
503148,Serie A,Serie A,2024,2024-11-02 19:45:00+00:00,AC Monza,AC Milan,0,1
498038,Ligue 1,Ligue 1,2024,2024-11-02 20:00:00+00:00,AS Saint-Étienne,RC Strasbourg Alsace,2,0
499087,Eredivisie,Eredivisie,2024,2024-11-02 20:00:00+00:00,Fortuna Sittard,SC Heerenveen,3,0
499083,Eredivisie,Eredivisie,2024,2024-11-02 20:00:00+00:00,Feyenoord Rotterdam,AZ,3,2
503938,Primeira Liga,Primeira Liga,2024,2024-11-02 20:30:00+00:00,Gil Vicente FC,Boavista FC,1,2
494072,Campeonato Brasileiro Série A,Campeonato Brasileiro Série A,2024,2024-11-02 21:30:00+00:00,EC Juventude,Fortaleza EC,0,3
494063,Campeonato Brasileiro Série A,Campeonato Brasileiro Série A,2024,2024-11-02 21:30:00+00:00,CA Paranaense,EC Vitória,1,2
499088,Eredivisie,Eredivisie,2024,2024-11-03 11:15:00+00:00,Go Ahead Eagles,PEC Zwolle,2,2
503149,Serie A,Serie A,2024,2024-11-03 11:30:00+00:00,SSC Napoli,Atalanta BC,0,3
498724,Primera Division,Primera Division,2024,2024-11-03 13:00:00+00:00,Club Atlético de Madrid,UD Las Palmas,2,0
499089,Eredivisie,Eredivisie,2024,2024-11-03 13:30:00+00:00,NEC,FC Groningen,6,0
499090,Eredivisie,Eredivisie,2024,2024-11-03 13:30:00+00:00,Sparta Rotterdam,FC Utrecht,1,4
503151,Serie A,Serie A,2024,2024-11-03 14:00:00+00:00,Torino FC,ACF Fiorentina,0,1
497508,Premier League,Premier League,2024,2024-11-03 14:00:00+00:00,Tottenham Hotspur FC,Aston Villa FC,4,1
498033,Ligue 1,Ligue 1,2024,2024-11-03 14:00:00+00:00,Toulouse FC,Stade de Reims,1,0
502448,Bundesliga,Bundesliga,2024,2024-11-03 14:30:00+00:00,SC Freiburg,1. FSV Mainz 05,0,0
500595,Championship,Championship,2024,2024-11-03 15:00:00+00:00,Millwall FC,Burnley FC,1,0
498732,Primera Division,Primera Division,2024,2024-11-03 15:15:00+00:00,FC Barcelona,RCD Espanyol de Barcelona,3,1
503943,Primeira Liga,Primeira Liga,2024,2024-11-03 15:30:00+00:00,AVS,FC Famalicão,2,3
499091,Eredivisie,Eredivisie,2024,2024-11-03 15:45:00+00:00,RKC Waalwijk,Almere City FC,2,0
498032,Ligue 1,Ligue 1,2024,2024-11-03 16:00:00+00:00,AJ Auxerre,Stade Rennais FC 1901,4,0
498035,Ligue 1,Ligue 1,2024,2024-11-03 16:00:00+00:00,Le Havre AC,Montpellier HSC,1,0
497504,Premier League,Premier League,2024,2024-11-03 16:30:00+00:00,Manchester United FC,Chelsea FC,1,1
502450,Bundesliga,Bundesliga,2024,2024-11-03 16:30:00+00:00,Borussia Mönchengladbach,SV Werder Bremen,4,1
503145,Serie A,Serie A,2024,2024-11-03 17:00:00+00:00,Hellas Verona FC,AS Roma,3,2
498729,Primera Division,Primera Division,2024,2024-11-03 17:30:00+00:00,Sevilla FC,Real Sociedad de Fútbol,0,2
503935,Primeira Liga,Primeira Liga,2024,2024-11-03 18:00:00+00:00,FC Arouca,Sporting Clube de Braga,1,2
503936,Primeira Liga,Primeira Liga,2024,2024-11-03 18:00:00+00:00,Vitória SC,Moreirense FC,1,0
503146,Serie A,Serie A,2024,2024-11-03 19:45:00+00:00,FC Internazionale Milano,Venezia FC,1,0
498036,Ligue 1,Ligue 1,2024,2024-11-03 19:45:00+00:00,FC Nantes,Olympique de Marseille,1,2
498723,Primera Division,Primera Division,2024,2024-11-03 20:00:00+00:00,Athletic Club,Real Betis Balompié,1,1
503941,Primeira Liga,Primeira Liga,2024,2024-11-03 20:30:00+00:00,FC Porto,GD Estoril Praia,4,0
503150,Serie A,Serie A,2024,2024-11-04 17:30:00+00:00,Parma Calcio 1913,Genoa CFC,0,1
503144,Serie A,Serie A,2024,2024-11-04 17:30:00+00:00,Empoli FC,Como 1907,1,0
503147,Serie A,Serie A,2024,2024-11-04 19:45:00+00:00,SS Lazio,Cagliari Calcio,2,1
498726,Primera Division,Primera Division,2024,2024-11-04 20:00:00+00:00,RC Celta de Vigo,Getafe CF,1,0
497501,Premier League,Premier League,2024,2024-11-04 20:00:00+00:00,Fulham FC,Brentford FC,2,1
503939,Primeira Liga,Primeira Liga,2024,2024-11-04 20:15:00+00:00,CD Nacional,CD Santa Clara,2,0
494068,Campeonato Brasileiro Série A,Campeonato Brasileiro Série A,2024,2024-11-04 23:00:00+00:00,SC Corinthians Paulista,SE Palmeiras,2,0
524058,UEFA Champions League,UEFA Champions League,2024,2024-11-05 17:45:00+00:00,ŠK Slovan Bratislava,GNK Dinamo Zagreb,1,4
524023,UEFA Champions League,UEFA Champions League,2024,2024-11-05 17:45:00+00:00,PSV,Girona FC,4,0
500603,Championship,Championship,2024,2024-11-05 19:45:00+00:00,Oxford United FC,Hull City AFC,1,0
500605,Championship,Championship,2024,2024-11-05 19:45:00+00:00,Queens Park Rangers FC,Middlesbrough FC,1,4
500606,Championship,Championship,2024,2024-11-05 19:45:00+00:00,Sheffield Wednesday FC,Norwich City FC,2,0
500601,Championship,Championship,2024,2024-11-05 19:45:00+00:00,Bristol City FC,Sheffield United FC,1,2
500604,Championship,Championship,2024,2024-11-05 20:00:00+00:00,Plymouth Argyle FC,Portsmouth FC,1,0
500607,Championship,Championship,2024,2024-11-05 20:00:00+00:00,Swansea City AFC,Watford FC,1,0
524032,UEFA Champions League,UEFA Champions League,2024,2024-11-05 20:00:00+00:00,Sporting Clube de Portugal,Manchester City FC,4,1
524051,UEFA Champions League,UEFA Champions League,2024,2024-11-05 20:00:00+00:00,Bologna FC 1909,AS Monaco FC,0,1
523939,UEFA Champions League,UEFA Champions League,2024,2024-11-05 20:00:00+00:00,Borussia Dortmund,SK Sturm Graz,1,0
523945,UEFA Champions League,UEFA Champions League,2024,2024-11-05 20:00:00+00:00,Liverpool FC,Bayer 04 Leverkusen,4,0
523965,UEFA Champions League,UEFA Champions League,2024,2024-11-05 20:00:00+00:00,Real Madrid CF,AC Milan,1,3
524004,UEFA Champions League,UEFA Champions League,2024,2024-11-05 20:00:00+00:00,Celtic FC,RB Leipzig,3,1
524017,UEFA Champions League,UEFA Champions League,2024,2024-11-05 20:00:00+00:00,Lille OSC,Juventus FC,1,1
494066,Campeonato Brasileiro Série A,Campeonato Brasileiro Série A,2024,2024-11-06 00:30:00+00:00,Botafogo FR,CR Vasco da Gama,3,0
494071,Campeonato Brasileiro Série A,Campeonato Brasileiro Série A,2024,2024-11-06 00:30:00+00:00,SC Internacional,Criciúma EC,2,0
494065,Campeonato Brasileiro Série A,Campeonato Brasileiro Série A,2024,2024-11-06 00:30:00+00:00,EC Bahia,São Paulo FC,0,3
523991,UEFA Champions League,UEFA Champions League,2024,2024-11-06 17:45:00+00:00,Club Brugge KV,Aston Villa FC,1,0
524002,UEFA Champions League,UEFA Champions League,2024,2024-11-06 17:45:00+00:00,FK Shakhtar Donetsk,BSC Young Boys,2,1
500602,Championship,Championship,2024,2024-11-06 19:45:00+00:00,Millwall FC,Leeds United FC,1,0
500609,Championship,Championship,2024,2024-11-06 19:45:00+00:00,Blackburn Rovers FC,Stoke City FC,0,2
500610,Championship,Championship,2024,2024-11-06 19:45:00+00:00,Coventry City FC,Derby County FC,1,2
524063,UEFA Champions League,UEFA Champions League,2024,2024-11-06 20:00:00+00:00,AC Sparta Praha,Stade Brestois 29,1,2
524073,UEFA Champions League,UEFA Champions League,2024,2024-11-06 20:00:00+00:00,VfB Stuttgart,Atalanta BC,0,2
523949,UEFA Champions League,UEFA Champions League,2024,2024-11-06 20:00:00+00:00,FC Internazionale Milano,Arsenal FC,1,0
523957,UEFA Champions League,UEFA Champions League,2024,2024-11-06 20:00:00+00:00,Paris Saint-Germain FC,Club Atlético de Madrid,1,2
524028,UEFA Champions League,UEFA Champions League,2024,2024-11-06 20:00:00+00:00,FK Crvena Zvezda,FC Barcelona,2,5
524014,UEFA Champions League,UEFA Champions League,2024,2024-11-06 20:00:00+00:00,Feyenoord Rotterdam,FC Red Bull Salzburg,1,3
500612,Championship,Championship,2024,2024-11-06 20:00:00+00:00,Preston North End FC,Sunderland AFC,0,0
500611,Championship,Championship,2024,2024-11-06 20:00:00+00:00,Luton Town FC,Cardiff City FC,1,0
523933,UEFA Champions League,UEFA Champions League,2024,2024-11-06 20:15:00+00:00,FC Bayern München,Sport Lisboa e Benfica,1,0
494064,Campeonato Brasileiro Série A,Campeonato Brasileiro Série A,2024,2024-11-07 00:00:00+00:00,AC Goianiense,CA Mineiro,1,0
494069,Campeonato Brasileiro Série A,Campeonato Brasileiro Série A,2024,2024-11-07 00:00:00+00:00,Cruzeiro EC,CR Flamengo,0,1
503156,Serie A,Serie A,2024,2024-11-07 19:45:00+00:00,Genoa CFC,Como 1907,1,1
500608,Championship,Championship,2024,2024-11-07 20:00:00+00:00,West Bromwich Albion FC,Burnley FC,0,0
499092,Eredivisie,Eredivisie,2024,2024-11-08 19:00:00+00:00,FC Utrecht,Heracles Almelo,1,0
502458,Bundesliga,Bundesliga,2024,2024-11-08 19:30:00+00:00,1. FC Union Berlin,SC Freiburg,0,0
503159,Serie A,Serie A,2024,2024-11-08 19:45:00+00:00,US Lecce,Empoli FC,1,1
498041,Ligue 1,Ligue 1,2024,2024-11-08 19:45:00+00:00,Olympique de Marseille,AJ Auxerre,1,3
498737,Primera Division,Primera Division,2024,2024-11-08 20:00:00+00:00,Rayo Vallecano de Madrid,UD Las Palmas,1,3
500624,Championship,Championship,2024,2024-11-08 20:00:00+00:00,Watford FC,Oxford United FC,1,0
503932,Primeira Liga,Primeira Liga,2024,2024-11-08 20:15:00+00:00,Moreirense FC,Gil Vicente FC,3,2
494078,Campeonato Brasileiro Série A,Campeonato Brasileiro Série A,2024,2024-11-08 22:00:00+00:00,SC Internacional,Fluminense FC,2,0
494080,Campeonato Brasileiro Série A,Campeonato Brasileiro Série A,2024,2024-11-09 00:30:00+00:00,SE Palmeiras,Grêmio FBPA,1,0
500622,Championship,Championship,2024,2024-11-09 12:30:00+00:00,Stoke City FC,Millwall FC,1,1
500618,Championship,Championship,2024,2024-11-09 12:30:00+00:00,Middlesbrough FC,Luton Town FC,5,1
500614,Championship,Championship,2024,2024-11-09 12:30:00+00:00,Cardiff City FC,Blackburn Rovers FC,1,3
498739,Primera Division,Primera Division,2024,2024-11-09 13:00:00+00:00,Real Madrid CF,CA Osasuna,4,0
503162,Serie A,Serie A,2024,2024-11-09 14:00:00+00:00,Venezia FC,Parma Calcio 1913,1,2
502455,Bundesliga,Bundesliga,2024,2024-11-09 14:30:00+00:00,SV Werder Bremen,Holstein Kiel,2,1
502460,Bundesliga,Bundesliga,2024,2024-11-09 14:30:00+00:00,FC St. Pauli 1910,FC Bayern München,0,1
502459,Bundesliga,Bundesliga,2024,2024-11-09 14:30:00+00:00,VfL Bochum 1848,Bayer 04 Leverkusen,1,1
502457,Bundesliga,Bundesliga,2024,2024-11-09 14:30:00+00:00,1. FSV Mainz 05,Borussia Dortmund,3,1
500620,Championship,Championship,2024,2024-11-09 15:00:00+00:00,Portsmouth FC,Preston North End FC,3,1
500619,Championship,Championship,2024,2024-11-09 15:00:00+00:00,Norwich City FC,Bristol City FC,0,2
500617,Championship,Championship,2024,2024-11-09 15:00:00+00:00,Leeds United FC,Queens Park Rangers FC,2,0
497519,Premier League,Premier League,2024,2024-11-09 15:00:00+00:00,Wolverhampton Wanderers FC,Southampton FC,2,0
500615,Championship,Championship,2024,2024-11-09 15:00:00+00:00,Derby County FC,Plymouth Argyle FC,1,1
497513,Premier League,Premier League,2024,2024-11-09 15:00:00+00:00,Crystal Palace FC,Fulham FC,0,2
497518,Premier League,Premier League,2024,2024-11-09 15:00:00+00:00,West Ham United FC,Everton FC,0,0
500623,Championship,Championship,2024,2024-11-09 15:00:00+00:00,Sunderland AFC,Coventry City FC,2,2
497510,Premier League,Premier League,2024,2024-11-09 15:00:00+00:00,Brentford FC,AFC Bournemouth,3,2
498736,Primera Division,Primera Division,2024,2024-11-09 15:15:00+00:00,Villarreal CF,Deportivo Alavés,3,0
499093,Eredivisie,Eredivisie,2024,2024-11-09 15:30:00+00:00,FC Groningen,Sparta Rotterdam,1,0
503929,Primeira Liga,Primeira Liga,2024,2024-11-09 15:30:00+00:00,Casa Pia AC,SC Farense,1,1
503931,Primeira Liga,Primeira Liga,2024,2024-11-09 15:30:00+00:00,GD Estoril Praia,AVS,0,0
498045,Ligue 1,Ligue 1,2024,2024-11-09 16:00:00+00:00,RC Strasbourg Alsace,AS Monaco FC,1,3
503154,Serie A,Serie A,2024,2024-11-09 17:00:00+00:00,Cagliari Calcio,AC Milan,3,3
502453,Bundesliga,Bundesliga,2024,2024-11-09 17:30:00+00:00,RB Leipzig,Borussia Mönchengladbach,0,0
497511,Premier League,Premier League,2024,2024-11-09 17:30:00+00:00,Brighton & Hove Albion FC,Manchester City FC,2,1
499094,Eredivisie,Eredivisie,2024,2024-11-09 17:45:00+00:00,PEC Zwolle,Fortuna Sittard,3,1
498046,Ligue 1,Ligue 1,2024,2024-11-09 18:00:00+00:00,Racing Club de Lens,FC Nantes,3,2
503933,Primeira Liga,Primeira Liga,2024,2024-11-09 18:00:00+00:00,FC Famalicão,FC Arouca,0,0
499095,Eredivisie,Eredivisie,2024,2024-11-09 19:00:00+00:00,NAC Breda,PSV,0,3
494082,Campeonato Brasileiro Série A,Campeonato Brasileiro Série A,2024,2024-11-09 19:30:00+00:00,EC Vitória,SC Corinthians Paulista,1,2
494074,Campeonato Brasileiro Série A,Campeonato Brasileiro Série A,2024,2024-11-09 19:30:00+00:00,Botafogo FR,Cuiabá EC,0,0
503158,Serie A,Serie A,2024,2024-11-09 19:45:00+00:00,Juventus FC,Torino FC,2,0
497514,Premier League,Premier League,2024,2024-11-09 20:00:00+00:00,Liverpool FC,Aston Villa FC,2,0
498734,Primera Division,Primera Division,2024,2024-11-09 20:00:00+00:00,CD Leganés,Sevilla FC,1,0
499096,Eredivisie,Eredivisie,2024,2024-11-09 20:00:00+00:00,RKC Waalwijk,NEC,0,3
498049,Ligue 1,Ligue 1,2024,2024-11-09 20:00:00+00:00,Angers SCO,Paris Saint-Germain FC,2,4
503926,Primeira Liga,Primeira Liga,2024,2024-11-09 20:30:00+00:00,Boavista FC,Rio Ave FC,0,2
494077,Campeonato Brasileiro Série A,Campeonato Brasileiro Série A,2024,2024-11-09 22:00:00+00:00,Fortaleza EC,CR Vasco da Gama,3,0
494075,Campeonato Brasileiro Série A,Campeonato Brasileiro Série A,2024,2024-11-09 22:00:00+00:00,Cruzeiro EC,Criciúma EC,2,1
494073,Campeonato Brasileiro Série A,Campeonato Brasileiro Série A,2024,2024-11-09 22:00:00+00:00,AC Goianiense,RB Bragantino,0,0
494079,Campeonato Brasileiro Série A,Campeonato Brasileiro Série A,2024,2024-11-09 22:00:00+00:00,EC Juventude,EC Bahia,2,1
494081,Campeonato Brasileiro Série A,Campeonato Brasileiro Série A,2024,2024-11-10 00:00:00+00:00,São Paulo FC,CA Paranaense,2,1
499097,Eredivisie,Eredivisie,2024,2024-11-10 11:15:00+00:00,Almere City FC,Feyenoord Rotterdam,1,4
503153,Serie A,Serie A,2024,2024-11-10 11:30:00+00:00,Atalanta BC,Udinese Calcio,2,1
500621,Championship,Championship,2024,2024-11-10 12:30:00+00:00,Sheffield United FC,Sheffield Wednesday FC,1,0
500616,Championship,Championship,2024,2024-11-10 13:00:00+00:00,Hull City AFC,West Bromwich Albion FC,1,2
498733,Primera Division,Primera Division,2024,2024-11-10 13:00:00+00:00,Real Betis Balompié,RC Celta de Vigo,2,2
499098,Eredivisie,Eredivisie,2024,2024-11-10 13:30:00+00:00,SC Heerenveen,Go Ahead Eagles,1,0
499099,Eredivisie,Eredivisie,2024,2024-11-10 13:30:00+00:00,FC Twente '65,AFC Ajax,2,2
497515,Premier League,Premier League,2024,2024-11-10 14:00:00+00:00,Manchester United FC,Leicester City FC,3,0
498048,Ligue 1,Ligue 1,2024,2024-11-10 14:00:00+00:00,OGC Nice,Lille OSC,2,2
497517,Premier League,Premier League,2024,2024-11-10 14:00:00+00:00,Tottenham Hotspur FC,Ipswich Town FC,1,2
503155,Serie A,Serie A,2024,2024-11-10 14:00:00+00:00,ACF Fiorentina,Hellas Verona FC,3,1
503161,Serie A,Serie A,2024,2024-11-10 14:00:00+00:00,AS Roma,Bologna FC 1909,2,3
497516,Premier League,Premier League,2024,2024-11-10 14:00:00+00:00,Nottingham Forest FC,Newcastle United FC,1,3
502456,Bundesliga,Bundesliga,2024,2024-11-10 14:30:00+00:00,FC Augsburg,TSG 1899 Hoffenheim,0,0
500613,Championship,Championship,2024,2024-11-10 15:00:00+00:00,Burnley FC,Swansea City AFC,1,0
498738,Primera Division,Primera Division,2024,2024-11-10 15:15:00+00:00,RCD Mallorca,Club Atlético de Madrid,0,1
503930,Primeira Liga,Primeira Liga,2024,2024-11-10 15:30:00+00:00,CF Estrela da Amadora,CD Nacional,2,0
499100,Eredivisie,Eredivisie,2024,2024-11-10 15:45:00+00:00,AZ,Willem II Tilburg,1,2
498047,Ligue 1,Ligue 1,2024,2024-11-10 16:00:00+00:00,Stade Rennais FC 1901,Toulouse FC,0,2
498044,Ligue 1,Ligue 1,2024,2024-11-10 16:00:00+00:00,Le Havre AC,Stade de Reims,0,3
498043,Ligue 1,Ligue 1,2024,2024-11-10 16:00:00+00:00,Montpellier HSC,Stade Brestois 29,3,1
497512,Premier League,Premier League,2024,2024-11-10 16:30:00+00:00,Chelsea FC,Arsenal FC,1,1
502452,Bundesliga,Bundesliga,2024,2024-11-10 16:30:00+00:00,VfB Stuttgart,Eintracht Frankfurt,2,3
503934,Primeira Liga,Primeira Liga,2024,2024-11-10 16:30:00+00:00,CD Santa Clara,Vitória SC,1,0
503160,Serie A,Serie A,2024,2024-11-10 17:00:00+00:00,AC Monza,SS Lazio,0,1
498735,Primera Division,Primera Division,2024,2024-11-10 17:30:00+00:00,Getafe CF,Girona FC,0,1
498741,Primera Division,Primera Division,2024,2024-11-10 17:30:00+00:00,Real Valladolid CF,Athletic Club,1,1
502454,Bundesliga,Bundesliga,2024,2024-11-10 18:30:00+00:00,1. FC Heidenheim 1846,VfL Wolfsburg,1,3
503928,Primeira Liga,Primeira Liga,2024,2024-11-10 18:45:00+00:00,Sporting Clube de Braga,Sporting Clube de Portugal,2,4
498042,Ligue 1,Ligue 1,2024,2024-11-10 19:45:00+00:00,Olympique Lyonnais,AS Saint-Étienne,1,0
503157,Serie A,Serie A,2024,2024-11-10 19:45:00+00:00,FC Internazionale Milano,SSC Napoli,1,1
498740,Primera Division,Primera Division,2024,2024-11-10 20:00:00+00:00,Real Sociedad de Fútbol,FC Barcelona,1,0
503927,Primeira Liga,Primeira Liga,2024,2024-11-10 20:45:00+00:00,Sport Lisboa e Benfica,FC Porto,4,1
494076,Campeonato Brasileiro Série A,Campeonato Brasileiro Série A,2024,2024-11-13 23:00:00+00:00,CR Flamengo,CA Mineiro,0,0
493933,Campeonato Brasileiro Série A,Campeonato Brasileiro Série A,2024,2024-11-16 21:30:00+00:00,CA Paranaense,CA Mineiro,1,0
494087,Campeonato Brasileiro Série A,Campeonato Brasileiro Série A,2024,2024-11-20 14:00:00+00:00,SC Corinthians Paulista,Cruzeiro EC,2,1
494088,Campeonato Brasileiro Série A,Campeonato Brasileiro Série A,2024,2024-11-20 19:30:00+00:00,Criciúma EC,EC Vitória,0,1
494083,Campeonato Brasileiro Série A,Campeonato Brasileiro Série A,2024,2024-11-20 19:30:00+00:00,CA Paranaense,AC Goianiense,2,0
494086,Campeonato Brasileiro Série A,Campeonato Brasileiro Série A,2024,2024-11-20 19:30:00+00:00,RB Bragantino,São Paulo FC,1,1
494085,Campeonato Brasileiro Série A,Campeonato Brasileiro Série A,2024,2024-11-20 21:00:00+00:00,EC Bahia,SE Palmeiras,1,2
494089,Campeonato Brasileiro Série A,Campeonato Brasileiro Série A,2024,2024-11-20 22:00:00+00:00,Cuiabá EC,CR Flamengo,1,2
494091,Campeonato Brasileiro Série A,Campeonato Brasileiro Série A,2024,2024-11-20 22:00:00+00:00,Grêmio FBPA,EC Juventude,2,2
494084,Campeonato Brasileiro Série A,Campeonato Brasileiro Série A,2024,2024-11-21 00:30:00+00:00,CA Mineiro,Botafogo FR,0,0
494092,Campeonato Brasileiro Série A,Campeonato Brasileiro Série A,2024,2024-11-21 23:00:00+00:00,CR Vasco da Gama,SC Internacional,0,1
498056,Ligue 1,Ligue 1,2024,2024-11-22 18:00:00+00:00,AS Monaco FC,Stade Brestois 29,3,2
502463,Bundesliga,Bundesliga,2024,2024-11-22 19:30:00+00:00,FC Bayern München,FC Augsburg,3,0
498050,Ligue 1,Ligue 1,2024,2024-11-22 20:00:00+00:00,Paris Saint-Germain FC,Toulouse FC,3,0
500631,Championship,Championship,2024,2024-11-22 20:00:00+00:00,Plymouth Argyle FC,Watford FC,2,2
498748,Primera Division,Primera Division,2024,2024-11-22 20:00:00+00:00,Getafe CF,Real Valladolid CF,2,0
494090,Campeonato Brasileiro Série A,Campeonato Brasileiro Série A,2024,2024-11-23 00:30:00+00:00,Fluminense FC,Fortaleza EC,2,2
497526,Premier League,Premier League,2024,2024-11-23 12:30:00+00:00,Leicester City FC,Chelsea FC,1,2
500626,Championship,Championship,2024,2024-11-23 12:30:00+00:00,Bristol City FC,Burnley FC,0,1
500627,Championship,Championship,2024,2024-11-23 12:30:00+00:00,Coventry City FC,Sheffield United FC,2,2
500634,Championship,Championship,2024,2024-11-23 12:30:00+00:00,Sheffield Wednesday FC,Cardiff City FC,1,1
498750,Primera Division,Primera Division,2024,2024-11-23 13:00:00+00:00,Valencia CF,Real Betis Balompié,4,2
503166,Serie A,Serie A,2024,2024-11-23 14:00:00+00:00,Hellas Verona FC,FC Internazionale Milano,0,5
502464,Bundesliga,Bundesliga,2024,2024-11-23 14:30:00+00:00,Borussia Dortmund,SC Freiburg,4,0
502461,Bundesliga,Bundesliga,2024,2024-11-23 14:30:00+00:00,Bayer 04 Leverkusen,1. FC Heidenheim 1846,5,2
502462,Bundesliga,Bundesliga,2024,2024-11-23 14:30:00+00:00,VfB Stuttgart,VfL Bochum 1848,2,0
502466,Bundesliga,Bundesliga,2024,2024-11-23 14:30:00+00:00,TSG 1899 Hoffenheim,RB Leipzig,4,3
502467,Bundesliga,Bundesliga,2024,2024-11-23 14:30:00+00:00,VfL Wolfsburg,1. FC Union Berlin,1,0
497520,Premier League,Premier League,2024,2024-11-23 15:00:00+00:00,AFC Bournemouth,Brighton & Hove Albion FC,1,2
497524,Premier League,Premier League,2024,2024-11-23 15:00:00+00:00,Fulham FC,Wolverhampton Wanderers FC,1,4
497522,Premier League,Premier League,2024,2024-11-23 15:00:00+00:00,Aston Villa FC,Crystal Palace FC,2,2
497523,Premier League,Premier League,2024,2024-11-23 15:00:00+00:00,Everton FC,Brentford FC,0,0
500633,Championship,Championship,2024,2024-11-23 15:00:00+00:00,Queens Park Rangers FC,Stoke City FC,1,1
500632,Championship,Championship,2024,2024-11-23 15:00:00+00:00,Preston North End FC,Derby County FC,1,1
500630,Championship,Championship,2024,2024-11-23 15:00:00+00:00,Oxford United FC,Middlesbrough FC,2,6
500629,Championship,Championship,2024,2024-11-23 15:00:00+00:00,Millwall FC,Sunderland AFC,1,1
500628,Championship,Championship,2024,2024-11-23 15:00:00+00:00,Luton Town FC,Hull City AFC,1,0
500636,Championship,Championship,2024,2024-11-23 15:00:00+00:00,West Bromwich Albion FC,Norwich City FC,2,2
497521,Premier League,Premier League,2024,2024-11-23 15:00:00+00:00,Arsenal FC,Nottingham Forest FC,3,0
498744,Primera Division,Primera Division,2024,2024-11-23 15:15:00+00:00,Club Atlético de Madrid,Deportivo Alavés,2,1
499102,Eredivisie,Eredivisie,2024,2024-11-23 15:30:00+00:00,Go Ahead Eagles,Almere City FC,3,0
498051,Ligue 1,Ligue 1,2024,2024-11-23 16:00:00+00:00,Racing Club de Lens,Olympique de Marseille,1,3
503168,Serie A,Serie A,2024,2024-11-23 17:00:00+00:00,AC Milan,Juventus FC,0,0
497527,Premier League,Premier League,2024,2024-11-23 17:30:00+00:00,Manchester City FC,Tottenham Hotspur FC,0,4
502465,Bundesliga,Bundesliga,2024,2024-11-23 17:30:00+00:00,Eintracht Frankfurt,SV Werder Bremen,1,0
498752,Primera Division,Primera Division,2024,2024-11-23 17:30:00+00:00,Girona FC,RCD Espanyol de Barcelona,4,1
498751,Primera Division,Primera Division,2024,2024-11-23 17:30:00+00:00,UD Las Palmas,RCD Mallorca,2,3
499103,Eredivisie,Eredivisie,2024,2024-11-23 17:45:00+00:00,Feyenoord Rotterdam,SC Heerenveen,3,0
499104,Eredivisie,Eredivisie,2024,2024-11-23 17:45:00+00:00,Heracles Almelo,RKC Waalwijk,2,2
498053,Ligue 1,Ligue 1,2024,2024-11-23 18:00:00+00:00,AS Saint-Étienne,Montpellier HSC,1,0
503170,Serie A,Serie A,2024,2024-11-23 19:45:00+00:00,Parma Calcio 1913,Atalanta BC,1,3
498747,Primera Division,Primera Division,2024,2024-11-23 20:00:00+00:00,RC Celta de Vigo,FC Barcelona,2,2
498058,Ligue 1,Ligue 1,2024,2024-11-23 20:00:00+00:00,Stade de Reims,Olympique Lyonnais,1,1
499105,Eredivisie,Eredivisie,2024,2024-11-23 20:00:00+00:00,Fortuna Sittard,FC Twente '65,1,2
499101,Eredivisie,Eredivisie,2024,2024-11-23 20:00:00+00:00,PSV,FC Groningen,5,0
494093,Campeonato Brasileiro Série A,Campeonato Brasileiro Série A,2024,2024-11-23 22:30:00+00:00,AC Goianiense,SE Palmeiras,0,1
494095,Campeonato Brasileiro Série A,Campeonato Brasileiro Série A,2024,2024-11-23 22:30:00+00:00,Botafogo FR,EC Vitória,1,1
494101,Campeonato Brasileiro Série A,Campeonato Brasileiro Série A,2024,2024-11-23 22:30:00+00:00,EC Juventude,Cuiabá EC,1,1
494102,Campeonato Brasileiro Série A,Campeonato Brasileiro Série A,2024,2024-11-24 00:30:00+00:00,São Paulo FC,CA Mineiro,2,2
499106,Eredivisie,Eredivisie,2024,2024-11-24 11:15:00+00:00,NEC,FC Utrecht,1,2
503165,Serie A,Serie A,2024,2024-11-24 11:30:00+00:00,Genoa CFC,Cagliari Calcio,2,2
498745,Primera Division,Primera Division,2024,2024-11-24 13:00:00+00:00,CA Osasuna,Villarreal CF,2,2
499108,Eredivisie,Eredivisie,2024,2024-11-24 13:30:00+00:00,Willem II Tilburg,NAC Breda,2,2
499107,Eredivisie,Eredivisie,2024,2024-11-24 13:30:00+00:00,Sparta Rotterdam,AZ,1,2
503163,Serie A,Serie A,2024,2024-11-24 14:00:00+00:00,Como 1907,ACF Fiorentina,0,2
497529,Premier League,Premier League,2024,2024-11-24 14:00:00+00:00,Southampton FC,Liverpool FC,2,3
503171,Serie A,Serie A,2024,2024-11-24 14:00:00+00:00,Torino FC,AC Monza,1,1
498054,Ligue 1,Ligue 1,2024,2024-11-24 14:00:00+00:00,Lille OSC,Stade Rennais FC 1901,1,0
502469,Bundesliga,Bundesliga,2024,2024-11-24 14:30:00+00:00,Holstein Kiel,1. FSV Mainz 05,0,3
500635,Championship,Championship,2024,2024-11-24 15:00:00+00:00,Swansea City AFC,Leeds United FC,3,4
498749,Primera Division,Primera Division,2024,2024-11-24 15:15:00+00:00,Sevilla FC,Rayo Vallecano de Madrid,1,0
499109,Eredivisie,Eredivisie,2024,2024-11-24 15:45:00+00:00,AFC Ajax,PEC Zwolle,2,0
498055,Ligue 1,Ligue 1,2024,2024-11-24 16:00:00+00:00,FC Nantes,Le Havre AC,0,2
498057,Ligue 1,Ligue 1,2024,2024-11-24 16:00:00+00:00,AJ Auxerre,Angers SCO,1,0
497525,Premier League,Premier League,2024,2024-11-24 16:30:00+00:00,Ipswich Town FC,Manchester United FC,1,1
502468,Bundesliga,Bundesliga,2024,2024-11-24 16:30:00+00:00,Borussia Mönchengladbach,FC St. Pauli 1910,2,0
503169,Serie A,Serie A,2024,2024-11-24 17:00:00+00:00,SSC Napoli,AS Roma,1,0
498746,Primera Division,Primera Division,2024,2024-11-24 17:30:00+00:00,CD Leganés,Real Madrid CF,0,3
494096,Campeonato Brasileiro Série A,Campeonato Brasileiro Série A,2024,2024-11-24 19:00:00+00:00,SC Corinthians Paulista,CR Vasco da Gama,3,1
494094,Campeonato Brasileiro Série A,Campeonato Brasileiro Série A,2024,2024-11-24 19:00:00+00:00,EC Bahia,CA Paranaense,1,1
494100,Campeonato Brasileiro Série A,Campeonato Brasileiro Série A,2024,2024-11-24 19:00:00+00:00,SC Internacional,RB Bragantino,4,1
503167,Serie A,Serie A,2024,2024-11-24 19:45:00+00:00,SS Lazio,Bologna FC 1909,3,0
498052,Ligue 1,Ligue 1,2024,2024-11-24 19:45:00+00:00,OGC Nice,RC Strasbourg Alsace,2,1
498743,Primera Division,Primera Division,2024,2024-11-24 20:00:00+00:00,Athletic Club,Real Sociedad de Fútbol,1,0
503164,Serie A,Serie A,2024,2024-11-25 17:30:00+00:00,Empoli FC,Udinese Calcio,1,1
503172,Serie A,Serie A,2024,2024-11-25 19:45:00+00:00,Venezia FC,US Lecce,0,1
497528,Premier League,Premier League,2024,2024-11-25 20:00:00+00:00,Newcastle United FC,West Ham United FC,0,2
524061,UEFA Champions League,UEFA Champions League,2024,2024-11-26 17:45:00+00:00,AC Sparta Praha,Club Atlético de Madrid,0,6
524057,UEFA Champions League,UEFA Champions League,2024,2024-11-26 17:45:00+00:00,ŠK Slovan Bratislava,AC Milan,2,3
500638,Championship,Championship,2024,2024-11-26 19:45:00+00:00,Hull City AFC,Sheffield Wednesday FC,0,2
500640,Championship,Championship,2024,2024-11-26 19:45:00+00:00,Norwich City FC,Plymouth Argyle FC,6,1
500641,Championship,Championship,2024,2024-11-26 19:45:00+00:00,Sheffield United FC,Oxford United FC,3,0
500642,Championship,Championship,2024,2024-11-26 19:45:00+00:00,Stoke City FC,Preston North End FC,0,0
500644,Championship,Championship,2024,2024-11-26 19:45:00+00:00,Watford FC,Bristol City FC,1,0
500637,Championship,Championship,2024,2024-11-26 19:45:00+00:00,Burnley FC,Coventry City FC,2,0
524037,UEFA Champions League,UEFA Champions League,2024,2024-11-26 20:00:00+00:00,BSC Young Boys,Atalanta BC,1,6
524033,UEFA Champions League,UEFA Champions League,2024,2024-11-26 20:00:00+00:00,Sporting Clube de Portugal,Arsenal FC,1,5
523943,UEFA Champions League,UEFA Champions League,2024,2024-11-26 20:00:00+00:00,FC Barcelona,Stade Brestois 29,3,0
523932,UEFA Champions League,UEFA Champions League,2024,2024-11-26 20:00:00+00:00,FC Bayern München,Paris Saint-Germain FC,1,0
523948,UEFA Champions League,UEFA Champions League,2024,2024-11-26 20:00:00+00:00,FC Internazionale Milano,RB Leipzig,1,0
500643,Championship,Championship,2024,2024-11-26 20:00:00+00:00,Sunderland AFC,West Bromwich Albion FC,0,0
523982,UEFA Champions League,UEFA Champions League,2024,2024-11-26 20:00:00+00:00,Bayer 04 Leverkusen,FC Red Bull Salzburg,5,0
523954,UEFA Champions League,UEFA Champions League,2024,2024-11-26 20:00:00+00:00,Manchester City FC,Feyenoord Rotterdam,3,3
494098,Campeonato Brasileiro Série A,Campeonato Brasileiro Série A,2024,2024-11-26 22:00:00+00:00,Fluminense FC,Criciúma EC,0,0
494099,Campeonato Brasileiro Série A,Campeonato Brasileiro Série A,2024,2024-11-26 23:00:00+00:00,Fortaleza EC,CR Flamengo,0,0
494104,Campeonato Brasileiro Série A,Campeonato Brasileiro Série A,2024,2024-11-27 00:30:00+00:00,CA Mineiro,EC Juventude,2,3
494110,Campeonato Brasileiro Série A,Campeonato Brasileiro Série A,2024,2024-11-27 00:30:00+00:00,SE Palmeiras,Botafogo FR,1,3
524071,UEFA Champions League,UEFA Champions League,2024,2024-11-27 17:45:00+00:00,SK Sturm Graz,Girona FC,1,0
524031,UEFA Champions League,UEFA Champions League,2024,2024-11-27 17:45:00+00:00,FK Crvena Zvezda,VfB Stuttgart,5,1
500645,Championship,Championship,2024,2024-11-27 19:45:00+00:00,Cardiff City FC,Queens Park Rangers FC,0,2
500647,Championship,Championship,2024,2024-11-27 19:45:00+00:00,Middlesbrough FC,Blackburn Rovers FC,0,1
500639,Championship,Championship,2024,2024-11-27 19:45:00+00:00,Leeds United FC,Luton Town FC,3,0
524050,UEFA Champions League,UEFA Champions League,2024,2024-11-27 20:00:00+00:00,Bologna FC 1909,Lille OSC,1,2
524045,UEFA Champions League,UEFA Champions League,2024,2024-11-27 20:00:00+00:00,Aston Villa FC,Juventus FC,0,0
524041,UEFA Champions League,UEFA Champions League,2024,2024-11-27 20:00:00+00:00,AS Monaco FC,Sport Lisboa e Benfica,2,3
524008,UEFA Champions League,UEFA Champions League,2024,2024-11-27 20:00:00+00:00,GNK Dinamo Zagreb,Borussia Dortmund,0,3
524021,UEFA Champions League,UEFA Champions League,2024,2024-11-27 20:00:00+00:00,PSV,FK Shakhtar Donetsk,3,2
500646,Championship,Championship,2024,2024-11-27 20:00:00+00:00,Derby County FC,Swansea City AFC,1,2
523944,UEFA Champions League,UEFA Champions League,2024,2024-11-27 20:00:00+00:00,Liverpool FC,Real Madrid CF,2,0
524005,UEFA Champions League,UEFA Champions League,2024,2024-11-27 20:00:00+00:00,Celtic FC,Club Brugge KV,1,1
494097,Campeonato Brasileiro Série A,Campeonato Brasileiro Série A,2024,2024-11-28 00:00:00+00:00,Cruzeiro EC,Grêmio FBPA,1,1
499110,Eredivisie,Eredivisie,2024,2024-11-29 19:00:00+00:00,SC Heerenveen,RKC Waalwijk,1,1
502478,Bundesliga,Bundesliga,2024,2024-11-29 19:30:00+00:00,FC St. Pauli 1910,Holstein Kiel,3,1
503174,Serie A,Serie A,2024,2024-11-29 19:45:00+00:00,Cagliari Calcio,Hellas Verona FC,1,0
498059,Ligue 1,Ligue 1,2024,2024-11-29 19:45:00+00:00,Stade de Reims,Racing Club de Lens,0,2
500657,Championship,Championship,2024,2024-11-29 20:00:00+00:00,Sheffield United FC,Sunderland AFC,1,0
498758,Primera Division,Primera Division,2024,2024-11-29 20:00:00+00:00,RCD Mallorca,Valencia CF,2,1
497531,Premier League,Premier League,2024,2024-11-29 20:00:00+00:00,Brighton & Hove Albion FC,Southampton FC,1,1
503924,Primeira Liga,Primeira Liga,2024,2024-11-29 20:15:00+00:00,SC Farense,CF Estrela da Amadora,1,0
500660,Championship,Championship,2024,2024-11-30 12:30:00+00:00,Watford FC,Queens Park Rangers FC,0,0
500655,Championship,Championship,2024,2024-11-30 12:30:00+00:00,Oxford United FC,Millwall FC,1,1
500653,Championship,Championship,2024,2024-11-30 12:30:00+00:00,Middlesbrough FC,Hull City AFC,3,1
498754,Primera Division,Primera Division,2024,2024-11-30 13:00:00+00:00,FC Barcelona,UD Las Palmas,1,2
500649,Championship,Championship,2024,2024-11-30 13:30:00+00:00,Blackburn Rovers FC,Leeds United FC,1,0
503175,Serie A,Serie A,2024,2024-11-30 14:00:00+00:00,Como 1907,AC Monza,1,1
502470,Bundesliga,Bundesliga,2024,2024-11-30 14:30:00+00:00,RB Leipzig,VfL Wolfsburg,1,5
502473,Bundesliga,Bundesliga,2024,2024-11-30 14:30:00+00:00,SV Werder Bremen,VfB Stuttgart,2,2
502474,Bundesliga,Bundesliga,2024,2024-11-30 14:30:00+00:00,SC Freiburg,Borussia Mönchengladbach,3,1
502475,Bundesliga,Bundesliga,2024,2024-11-30 14:30:00+00:00,FC Augsburg,VfL Bochum 1848,1,0
502477,Bundesliga,Bundesliga,2024,2024-11-30 14:30:00+00:00,1. FC Union Berlin,Bayer 04 Leverkusen,1,2
500651,Championship,Championship,2024,2024-11-30 15:00:00+00:00,Coventry City FC,Cardiff City FC,2,2
500654,Championship,Championship,2024,2024-11-30 15:00:00+00:00,Norwich City FC,Luton Town FC,4,2
500656,Championship,Championship,2024,2024-11-30 15:00:00+00:00,Preston North End FC,West Bromwich Albion FC,1,1
500658,Championship,Championship,2024,2024-11-30 15:00:00+00:00,Stoke City FC,Burnley FC,0,2
500659,Championship,Championship,2024,2024-11-30 15:00:00+00:00,Swansea City AFC,Portsmouth FC,2,2
497530,Premier League,Premier League,2024,2024-11-30 15:00:00+00:00,Brentford FC,Leicester City FC,4,1
497533,Premier League,Premier League,2024,2024-11-30 15:00:00+00:00,Crystal Palace FC,Newcastle United FC,1,1
497536,Premier League,Premier League,2024,2024-11-30 15:00:00+00:00,Nottingham Forest FC,Ipswich Town FC,1,0
497539,Premier League,Premier League,2024,2024-11-30 15:00:00+00:00,Wolverhampton Wanderers FC,AFC Bournemouth,2,4
500650,Championship,Championship,2024,2024-11-30 15:00:00+00:00,Bristol City FC,Plymouth Argyle FC,4,0
498753,Primera Division,Primera Division,2024,2024-11-30 15:15:00+00:00,Deportivo Alavés,CD Leganés,1,1
499111,Eredivisie,Eredivisie,2024,2024-11-30 15:30:00+00:00,NAC Breda,Almere City FC,1,0
503923,Primeira Liga,Primeira Liga,2024,2024-11-30 15:30:00+00:00,Rio Ave FC,Moreirense FC,3,2
498060,Ligue 1,Ligue 1,2024,2024-11-30 16:00:00+00:00,Stade Rennais FC 1901,AS Saint-Étienne,5,0
503178,Serie A,Serie A,2024,2024-11-30 17:00:00+00:00,AC Milan,Empoli FC,3,0
497538,Premier League,Premier League,2024,2024-11-30 17:30:00+00:00,West Ham United FC,Arsenal FC,2,5
502471,Bundesliga,Bundesliga,2024,2024-11-30 17:30:00+00:00,Borussia Dortmund,FC Bayern München,1,1
498762,Primera Division,Primera Division,2024,2024-11-30 17:30:00+00:00,RCD Espanyol de Barcelona,RC Celta de Vigo,3,1
499112,Eredivisie,Eredivisie,2024,2024-11-30 17:45:00+00:00,FC Groningen,Willem II Tilburg,2,0
503921,Primeira Liga,Primeira Liga,2024,2024-11-30 18:00:00+00:00,CD Nacional,Boavista FC,0,0
498063,Ligue 1,Ligue 1,2024,2024-11-30 18:00:00+00:00,Stade Brestois 29,RC Strasbourg Alsace,3,1
499113,Eredivisie,Eredivisie,2024,2024-11-30 19:00:00+00:00,Feyenoord Rotterdam,Fortuna Sittard,1,1
503173,Serie A,Serie A,2024,2024-11-30 19:45:00+00:00,Bologna FC 1909,Venezia FC,3,0
498761,Primera Division,Primera Division,2024,2024-11-30 20:00:00+00:00,Real Valladolid CF,Club Atlético de Madrid,0,5
498065,Ligue 1,Ligue 1,2024,2024-11-30 20:00:00+00:00,Paris Saint-Germain FC,FC Nantes,1,1
499114,Eredivisie,Eredivisie,2024,2024-11-30 20:00:00+00:00,PEC Zwolle,Sparta Rotterdam,1,0
503922,Primeira Liga,Primeira Liga,2024,2024-11-30 20:30:00+00:00,Sporting Clube de Portugal,CD Santa Clara,0,1
494107,Campeonato Brasileiro Série A,Campeonato Brasileiro Série A,2024,2024-11-30 22:30:00+00:00,Cuiabá EC,EC Bahia,1,2
494106,Campeonato Brasileiro Série A,Campeonato Brasileiro Série A,2024,2024-11-30 22:30:00+00:00,Criciúma EC,SC Corinthians Paulista,2,4
494111,Campeonato Brasileiro Série A,Campeonato Brasileiro Série A,2024,2024-12-01 00:30:00+00:00,CR Vasco da Gama,AC Goianiense,2,2
499115,Eredivisie,Eredivisie,2024,2024-12-01 11:15:00+00:00,FC Utrecht,PSV,2,5
503182,Serie A,Serie A,2024,2024-12-01 11:30:00+00:00,Udinese Calcio,Genoa CFC,0,2
498756,Primera Division,Primera Division,2024,2024-12-01 13:00:00+00:00,Villarreal CF,Girona FC,2,2
499117,Eredivisie,Eredivisie,2024,2024-12-01 13:30:00+00:00,FC Twente '65,Go Ahead Eagles,3,2
499116,Eredivisie,Eredivisie,2024,2024-12-01 13:30:00+00:00,AZ,Heracles Almelo,1,0
497537,Premier League,Premier League,2024,2024-12-01 13:30:00+00:00,Tottenham Hotspur FC,Fulham FC,1,1
497535,Premier League,Premier League,2024,2024-12-01 13:30:00+00:00,Manchester United FC,Everton FC,4,0
497532,Premier League,Premier League,2024,2024-12-01 13:30:00+00:00,Chelsea FC,Aston Villa FC,3,0
503179,Serie A,Serie A,2024,2024-12-01 14:00:00+00:00,Parma Calcio 1913,SS Lazio,3,1
503181,Serie A,Serie A,2024,2024-12-01 14:00:00+00:00,Torino FC,SSC Napoli,0,1
498064,Ligue 1,Ligue 1,2024,2024-12-01 14:00:00+00:00,Montpellier HSC,Lille OSC,2,2
502476,Bundesliga,Bundesliga,2024,2024-12-01 14:30:00+00:00,1. FSV Mainz 05,TSG 1899 Hoffenheim,2,0
500652,Championship,Championship,2024,2024-12-01 15:00:00+00:00,Derby County FC,Sheffield Wednesday FC,1,2
498759,Primera Division,Primera Division,2024,2024-12-01 15:15:00+00:00,Real Madrid CF,Getafe CF,2,0
503917,Primeira Liga,Primeira Liga,2024,2024-12-01 15:30:00+00:00,GD Estoril Praia,FC Famalicão,2,1
499118,Eredivisie,Eredivisie,2024,2024-12-01 15:45:00+00:00,NEC,AFC Ajax,1,2
498067,Ligue 1,Ligue 1,2024,2024-12-01 16:00:00+00:00,Olympique Lyonnais,OGC Nice,4,1
498062,Ligue 1,Ligue 1,2024,2024-12-01 16:00:00+00:00,Toulouse FC,AJ Auxerre,2,0
498061,Ligue 1,Ligue 1,2024,2024-12-01 16:00:00+00:00,Le Havre AC,Angers SCO,0,1
497534,Premier League,Premier League,2024,2024-12-01 16:00:00+00:00,Liverpool FC,Manchester City FC,2,0
502472,Bundesliga,Bundesliga,2024,2024-12-01 16:30:00+00:00,1. FC Heidenheim 1846,Eintracht Frankfurt,0,4
498757,Primera Division,Primera Division,2024,2024-12-01 17:30:00+00:00,Rayo Vallecano de Madrid,Athletic Club,1,2
503918,Primeira Liga,Primeira Liga,2024,2024-12-01 18:00:00+00:00,FC Arouca,Sport Lisboa e Benfica,0,2
494109,Campeonato Brasileiro Série A,Campeonato Brasileiro Série A,2024,2024-12-01 19:00:00+00:00,Grêmio FBPA,São Paulo FC,2,1
494108,Campeonato Brasileiro Série A,Campeonato Brasileiro Série A,2024,2024-12-01 19:00:00+00:00,CR Flamengo,SC Internacional,3,2
503177,Serie A,Serie A,2024,2024-12-01 19:45:00+00:00,US Lecce,Juventus FC,1,1
498066,Ligue 1,Ligue 1,2024,2024-12-01 19:45:00+00:00,Olympique de Marseille,AS Monaco FC,2,1
498760,Primera Division,Primera Division,2024,2024-12-01 20:00:00+00:00,Real Sociedad de Fútbol,Real Betis Balompié,2,0
503920,Primeira Liga,Primeira Liga,2024,2024-12-01 20:30:00+00:00,AVS,Sporting Clube de Braga,0,1
494112,Campeonato Brasileiro Série A,Campeonato Brasileiro Série A,2024,2024-12-01 21:30:00+00:00,EC Vitória,Fortaleza EC,2,0
494103,Campeonato Brasileiro Série A,Campeonato Brasileiro Série A,2024,2024-12-01 21:30:00+00:00,CA Paranaense,Fluminense FC,1,1
494105,Campeonato Brasileiro Série A,Campeonato Brasileiro Série A,2024,2024-12-01 21:30:00+00:00,RB Bragantino,Cruzeiro EC,1,1
503919,Primeira Liga,Primeira Liga,2024,2024-12-02 18:45:00+00:00,Vitória SC,Gil Vicente FC,4,0
503180,Serie A,Serie A,2024,2024-12-02 19:45:00+00:00,AS Roma,Atalanta BC,0,2
498755,Primera Division,Primera Division,2024,2024-12-02 20:00:00+00:00,Sevilla FC,CA Osasuna,1,1
503925,Primeira Liga,Primeira Liga,2024,2024-12-02 20:45:00+00:00,FC Porto,Casa Pia AC,2,0
498798,Primera Division,Primera Division,2024,2024-12-03 18:00:00+00:00,RCD Mallorca,FC Barcelona,1,5
497545,Premier League,Premier League,2024,2024-12-03 19:30:00+00:00,Ipswich Town FC,Crystal Palace FC,0,1
497546,Premier League,Premier League,2024,2024-12-03 20:15:00+00:00,Leicester City FC,West Ham United FC,3,1
494115,Campeonato Brasileiro Série A,Campeonato Brasileiro Série A,2024,2024-12-03 23:00:00+00:00,SC Corinthians Paulista,EC Bahia,3,0
499035,Eredivisie,Eredivisie,2024,2024-12-04 19:00:00+00:00,AFC Ajax,FC Utrecht,2,2
497543,Premier League,Premier League,2024,2024-12-04 19:30:00+00:00,Everton FC,Wolverhampton Wanderers FC,4,0
497548,Premier League,Premier League,2024,2024-12-04 19:30:00+00:00,Newcastle United FC,Liverpool FC,3,3
497549,Premier League,Premier League,2024,2024-12-04 19:30:00+00:00,Southampton FC,Chelsea FC,1,5
497547,Premier League,Premier League,2024,2024-12-04 19:30:00+00:00,Manchester City FC,Nottingham Forest FC,3,0
498793,Primera Division,Primera Division,2024,2024-12-04 20:00:00+00:00,Athletic Club,Real Madrid CF,2,1
497541,Premier League,Premier League,2024,2024-12-04 20:15:00+00:00,Arsenal FC,Manchester United FC,2,0
497542,Premier League,Premier League,2024,2024-12-04 20:15:00+00:00,Aston Villa FC,Brentford FC,3,1
494121,Campeonato Brasileiro Série A,Campeonato Brasileiro Série A,2024,2024-12-04 22:00:00+00:00,CR Vasco da Gama,CA Mineiro,2,0
494120,Campeonato Brasileiro Série A,Campeonato Brasileiro Série A,2024,2024-12-04 23:00:00+00:00,São Paulo FC,EC Juventude,1,2
494122,Campeonato Brasileiro Série A,Campeonato Brasileiro Série A,2024,2024-12-04 23:00:00+00:00,EC Vitória,Grêmio FBPA,1,1
494116,Campeonato Brasileiro Série A,Campeonato Brasileiro Série A,2024,2024-12-04 23:00:00+00:00,Criciúma EC,CR Flamengo,0,3
494114,Campeonato Brasileiro Série A,Campeonato Brasileiro Série A,2024,2024-12-05 00:30:00+00:00,AC Goianiense,Fortaleza EC,3,1
494117,Campeonato Brasileiro Série A,Campeonato Brasileiro Série A,2024,2024-12-05 00:30:00+00:00,Cruzeiro EC,SE Palmeiras,1,2
494119,Campeonato Brasileiro Série A,Campeonato Brasileiro Série A,2024,2024-12-05 00:30:00+00:00,SC Internacional,Botafogo FR,0,1
497544,Premier League,Premier League,2024,2024-12-05 19:30:00+00:00,Fulham FC,Brighton & Hove Albion FC,3,1
503912,Primeira Liga,Primeira Liga,2024,2024-12-05 20:15:00+00:00,Moreirense FC,Sporting Clube de Portugal,2,1
497540,Premier League,Premier League,2024,2024-12-05 20:15:00+00:00,AFC Bournemouth,Tottenham Hotspur FC,1,0
494118,Campeonato Brasileiro Série A,Campeonato Brasileiro Série A,2024,2024-12-05 23:00:00+00:00,Fluminense FC,Cuiabá EC,1,0
494113,Campeonato Brasileiro Série A,Campeonato Brasileiro Série A,2024,2024-12-05 23:00:00+00:00,CA Paranaense,RB Bragantino,1,2
503187,Serie A,Serie A,2024,2024-12-06 17:30:00+00:00,FC Internazionale Milano,Parma Calcio 1913,3,1
498072,Ligue 1,Ligue 1,2024,2024-12-06 18:00:00+00:00,Lille OSC,Stade Brestois 29,3,1
499124,Eredivisie,Eredivisie,2024,2024-12-06 19:00:00+00:00,PSV,FC Twente '65,6,1
502480,Bundesliga,Bundesliga,2024,2024-12-06 19:30:00+00:00,VfB Stuttgart,1. FC Union Berlin,3,2
503183,Serie A,Serie A,2024,2024-12-06 19:45:00+00:00,Atalanta BC,AC Milan,2,1
498768,Primera Division,Primera Division,2024,2024-12-06 20:00:00+00:00,RC Celta de Vigo,RCD Mallorca,2,0
500661,Championship,Championship,2024,2024-12-06 20:00:00+00:00,Burnley FC,Middlesbrough FC,1,1
498069,Ligue 1,Ligue 1,2024,2024-12-06 20:00:00+00:00,AJ Auxerre,Paris Saint-Germain FC,0,0
503910,Primeira Liga,Primeira Liga,2024,2024-12-06 20:15:00+00:00,Sporting Clube de Braga,GD Estoril Praia,2,2
500664,Championship,Championship,2024,2024-12-07 12:30:00+00:00,Leeds United FC,Derby County FC,2,0
500670,Championship,Championship,2024,2024-12-07 12:30:00+00:00,Sheffield Wednesday FC,Preston North End FC,1,1
500671,Championship,Championship,2024,2024-12-07 12:30:00+00:00,Sunderland AFC,Stoke City FC,2,1
498771,Primera Division,Primera Division,2024,2024-12-07 13:00:00+00:00,UD Las Palmas,Real Valladolid CF,2,1
503185,Serie A,Serie A,2024,2024-12-07 14:00:00+00:00,Genoa CFC,Torino FC,0,0
502479,Bundesliga,Bundesliga,2024,2024-12-07 14:30:00+00:00,Bayer 04 Leverkusen,FC St. Pauli 1910,2,1
502487,Bundesliga,Bundesliga,2024,2024-12-07 14:30:00+00:00,Holstein Kiel,RB Leipzig,0,2
502486,Bundesliga,Bundesliga,2024,2024-12-07 14:30:00+00:00,VfL Bochum 1848,SV Werder Bremen,0,1
502482,Bundesliga,Bundesliga,2024,2024-12-07 14:30:00+00:00,Eintracht Frankfurt,FC Augsburg,2,2
502481,Bundesliga,Bundesliga,2024,2024-12-07 14:30:00+00:00,FC Bayern München,1. FC Heidenheim 1846,4,2
497552,Premier League,Premier League,2024,2024-12-07 15:00:00+00:00,Crystal Palace FC,Manchester City FC,2,2
500665,Championship,Championship,2024,2024-12-07 15:00:00+00:00,Luton Town FC,Swansea City AFC,1,1
500663,Championship,Championship,2024,2024-12-07 15:00:00+00:00,Hull City AFC,Blackburn Rovers FC,0,1
497551,Premier League,Premier League,2024,2024-12-07 15:00:00+00:00,Brentford FC,Newcastle United FC,4,2
500669,Championship,Championship,2024,2024-12-07 15:00:00+00:00,Queens Park Rangers FC,Norwich City FC,3,0
500668,Championship,Championship,2024,2024-12-07 15:00:00+00:00,Portsmouth FC,Bristol City FC,3,0
500666,Championship,Championship,2024,2024-12-07 15:00:00+00:00,Millwall FC,Coventry City FC,0,1
497550,Premier League,Premier League,2024,2024-12-07 15:00:00+00:00,Aston Villa FC,Southampton FC,1,0
498765,Primera Division,Primera Division,2024,2024-12-07 15:15:00+00:00,Real Betis Balompié,FC Barcelona,2,2
499122,Eredivisie,Eredivisie,2024,2024-12-07 15:30:00+00:00,Go Ahead Eagles,NEC,5,0
503911,Primeira Liga,Primeira Liga,2024,2024-12-07 15:30:00+00:00,Gil Vicente FC,CD Nacional,2,1
498076,Ligue 1,Ligue 1,2024,2024-12-07 16:00:00+00:00,AS Monaco FC,Toulouse FC,2,0
503188,Serie A,Serie A,2024,2024-12-07 17:00:00+00:00,Juventus FC,Bologna FC 1909,2,2
497557,Premier League,Premier League,2024,2024-12-07 17:30:00+00:00,Manchester United FC,Nottingham Forest FC,2,3
498770,Primera Division,Primera Division,2024,2024-12-07 17:30:00+00:00,Valencia CF,Rayo Vallecano de Madrid,0,1
502485,Bundesliga,Bundesliga,2024,2024-12-07 17:30:00+00:00,Borussia Mönchengladbach,Borussia Dortmund,1,1
499126,Eredivisie,Eredivisie,2024,2024-12-07 17:45:00+00:00,Sparta Rotterdam,NAC Breda,0,2
498068,Ligue 1,Ligue 1,2024,2024-12-07 18:00:00+00:00,OGC Nice,Le Havre AC,2,1
503909,Primeira Liga,Primeira Liga,2024,2024-12-07 18:00:00+00:00,Sport Lisboa e Benfica,Vitória SC,1,0
503915,Primeira Liga,Primeira Liga,2024,2024-12-07 18:00:00+00:00,CD Santa Clara,Rio Ave FC,1,0
499125,Eredivisie,Eredivisie,2024,2024-12-07 19:00:00+00:00,RKC Waalwijk,Feyenoord Rotterdam,2,3
503191,Serie A,Serie A,2024,2024-12-07 19:45:00+00:00,AS Roma,US Lecce,4,1
498071,Ligue 1,Ligue 1,2024,2024-12-07 20:00:00+00:00,Angers SCO,Olympique Lyonnais,0,3
498769,Primera Division,Primera Division,2024,2024-12-07 20:00:00+00:00,Girona FC,Real Madrid CF,0,3
499123,Eredivisie,Eredivisie,2024,2024-12-07 20:00:00+00:00,Heracles Almelo,Fortuna Sittard,2,2
503916,Primeira Liga,Primeira Liga,2024,2024-12-07 20:30:00+00:00,FC Famalicão,FC Porto,1,1
499121,Eredivisie,Eredivisie,2024,2024-12-08 11:15:00+00:00,FC Groningen,PEC Zwolle,0,0
503184,Serie A,Serie A,2024,2024-12-08 11:30:00+00:00,ACF Fiorentina,Cagliari Calcio,1,0
498767,Primera Division,Primera Division,2024,2024-12-08 13:00:00+00:00,CD Leganés,Real Sociedad de Fútbol,0,3
499120,Eredivisie,Eredivisie,2024,2024-12-08 13:30:00+00:00,AZ,AFC Ajax,2,1
499127,Eredivisie,Eredivisie,2024,2024-12-08 13:30:00+00:00,Willem II Tilburg,SC Heerenveen,1,2
498073,Ligue 1,Ligue 1,2024,2024-12-08 14:00:00+00:00,Racing Club de Lens,Montpellier HSC,2,0
503186,Serie A,Serie A,2024,2024-12-08 14:00:00+00:00,Hellas Verona FC,Empoli FC,1,4
497556,Premier League,Premier League,2024,2024-12-08 14:00:00+00:00,Leicester City FC,Brighton & Hove Albion FC,2,2
497555,Premier League,Premier League,2024,2024-12-08 14:00:00+00:00,Ipswich Town FC,AFC Bournemouth,1,2
497554,Premier League,Premier League,2024,2024-12-08 14:00:00+00:00,Fulham FC,Arsenal FC,1,1
502484,Bundesliga,Bundesliga,2024,2024-12-08 14:30:00+00:00,VfL Wolfsburg,1. FSV Mainz 05,4,3
500672,Championship,Championship,2024,2024-12-08 15:00:00+00:00,West Bromwich Albion FC,Sheffield United FC,2,2
498763,Primera Division,Primera Division,2024,2024-12-08 15:15:00+00:00,Athletic Club,Villarreal CF,2,0
503908,Primeira Liga,Primeira Liga,2024,2024-12-08 15:30:00+00:00,Boavista FC,SC Farense,1,1
499119,Eredivisie,Eredivisie,2024,2024-12-08 15:45:00+00:00,Almere City FC,FC Utrecht,1,3
498074,Ligue 1,Ligue 1,2024,2024-12-08 16:00:00+00:00,RC Strasbourg Alsace,Stade de Reims,0,0
498075,Ligue 1,Ligue 1,2024,2024-12-08 16:00:00+00:00,FC Nantes,Stade Rennais FC 1901,1,0
497558,Premier League,Premier League,2024,2024-12-08 16:30:00+00:00,Tottenham Hotspur FC,Chelsea FC,3,4
502483,Bundesliga,Bundesliga,2024,2024-12-08 16:30:00+00:00,TSG 1899 Hoffenheim,SC Freiburg,1,1
503192,Serie A,Serie A,2024,2024-12-08 17:00:00+00:00,Venezia FC,Como 1907,2,2
498766,Primera Division,Primera Division,2024,2024-12-08 17:30:00+00:00,CA Osasuna,Deportivo Alavés,2,2
503913,Primeira Liga,Primeira Liga,2024,2024-12-08 18:00:00+00:00,Casa Pia AC,AVS,1,1
494123,Campeonato Brasileiro Série A,Campeonato Brasileiro Série A,2024,2024-12-08 19:00:00+00:00,CA Mineiro,CA Paranaense,1,0
494132,Campeonato Brasileiro Série A,Campeonato Brasileiro Série A,2024,2024-12-08 19:00:00+00:00,SE Palmeiras,Fluminense FC,0,1
494131,Campeonato Brasileiro Série A,Campeonato Brasileiro Série A,2024,2024-12-08 19:00:00+00:00,EC Juventude,Cruzeiro EC,0,1
494130,Campeonato Brasileiro Série A,Campeonato Brasileiro Série A,2024,2024-12-08 19:00:00+00:00,Grêmio FBPA,SC Corinthians Paulista,0,3
494129,Campeonato Brasileiro Série A,Campeonato Brasileiro Série A,2024,2024-12-08 19:00:00+00:00,Fortaleza EC,SC Internacional,3,0
494128,Campeonato Brasileiro Série A,Campeonato Brasileiro Série A,2024,2024-12-08 19:00:00+00:00,CR Flamengo,EC Vitória,2,2
494127,Campeonato Brasileiro Série A,Campeonato Brasileiro Série A,2024,2024-12-08 19:00:00+00:00,Cuiabá EC,CR Vasco da Gama,1,2
494124,Campeonato Brasileiro Série A,Campeonato Brasileiro Série A,2024,2024-12-08 19:00:00+00:00,EC Bahia,AC Goianiense,2,0
494126,Campeonato Brasileiro Série A,Campeonato Brasileiro Série A,2024,2024-12-08 19:00:00+00:00,RB Bragantino,Criciúma EC,5,1
494125,Campeonato Brasileiro Série A,Campeonato Brasileiro Série A,2024,2024-12-08 19:00:00+00:00,Botafogo FR,São Paulo FC,2,1
503190,Serie A,Serie A,2024,2024-12-08 19:45:00+00:00,SSC Napoli,SS Lazio,0,1
498070,Ligue 1,Ligue 1,2024,2024-12-08 19:45:00+00:00,AS Saint-Étienne,Olympique de Marseille,0,2
498764,Primera Division,Primera Division,2024,2024-12-08 20:00:00+00:00,Club Atlético de Madrid,Sevilla FC,4,3
503189,Serie A,Serie A,2024,2024-12-09 19:45:00+00:00,AC Monza,Udinese Calcio,1,2
498772,Primera Division,Primera Division,2024,2024-12-09 20:00:00+00:00,Getafe CF,RCD Espanyol de Barcelona,1,0
497559,Premier League,Premier League,2024,2024-12-09 20:00:00+00:00,West Ham United FC,Wolverhampton Wanderers FC,2,1
503914,Primeira Liga,Primeira Liga,2024,2024-12-09 20:15:00+00:00,CF Estrela da Amadora,FC Arouca,2,1
524052,UEFA Champions League,UEFA Champions League,2024,2024-12-10 17:45:00+00:00,Girona FC,Liverpool FC,0,1
524010,UEFA Champions League,UEFA Champions League,2024,2024-12-10 17:45:00+00:00,GNK Dinamo Zagreb,Celtic FC,0,0
500678,Championship,Championship,2024,2024-12-10 19:45:00+00:00,Portsmouth FC,Norwich City FC,0,0
500673,Championship,Championship,2024,2024-12-10 19:45:00+00:00,Burnley FC,Derby County FC,0,0
500675,Championship,Championship,2024,2024-12-10 19:45:00+00:00,Luton Town FC,Stoke City FC,2,1
500677,Championship,Championship,2024,2024-12-10 19:45:00+00:00,Plymouth Argyle FC,Swansea City AFC,1,2
500679,Championship,Championship,2024,2024-12-10 19:45:00+00:00,Sheffield Wednesday FC,Blackburn Rovers FC,0,1
500680,Championship,Championship,2024,2024-12-10 19:45:00+00:00,Sunderland AFC,Bristol City FC,1,1
500674,Championship,Championship,2024,2024-12-10 20:00:00+00:00,Leeds United FC,Middlesbrough FC,3,1
524024,UEFA Champions League,UEFA Champions League,2024,2024-12-10 20:00:00+00:00,FC Red Bull Salzburg,Paris Saint-Germain FC,0,3
524000,UEFA Champions League,UEFA Champions League,2024,2024-12-10 20:00:00+00:00,FK Shakhtar Donetsk,FC Bayern München,1,5
523990,UEFA Champions League,UEFA Champions League,2024,2024-12-10 20:00:00+00:00,Club Brugge KV,Sporting Clube de Portugal,2,1
523980,UEFA Champions League,UEFA Champions League,2024,2024-12-10 20:00:00+00:00,Bayer 04 Leverkusen,FC Internazionale Milano,1,0
523972,UEFA Champions League,UEFA Champions League,2024,2024-12-10 20:00:00+00:00,Atalanta BC,Real Madrid CF,2,3
523963,UEFA Champions League,UEFA Champions League,2024,2024-12-10 20:00:00+00:00,RB Leipzig,Aston Villa FC,2,3
524066,UEFA Champions League,UEFA Champions League,2024,2024-12-10 20:00:00+00:00,Stade Brestois 29,PSV,1,0
523979,UEFA Champions League,UEFA Champions League,2024,2024-12-11 17:45:00+00:00,Club Atlético de Madrid,ŠK Slovan Bratislava,3,1
524019,UEFA Champions League,UEFA Champions League,2024,2024-12-11 17:45:00+00:00,Lille OSC,SK Sturm Graz,3,2
500683,Championship,Championship,2024,2024-12-11 19:45:00+00:00,Queens Park Rangers FC,Oxford United FC,2,0
500682,Championship,Championship,2024,2024-12-11 19:45:00+00:00,Hull City AFC,Watford FC,1,1
500681,Championship,Championship,2024,2024-12-11 19:45:00+00:00,Cardiff City FC,Preston North End FC,0,2
500676,Championship,Championship,2024,2024-12-11 19:45:00+00:00,Millwall FC,Sheffield United FC,0,1
523995,UEFA Champions League,UEFA Champions League,2024,2024-12-11 20:00:00+00:00,Arsenal FC,AS Monaco FC,3,0
523996,UEFA Champions League,UEFA Champions League,2024,2024-12-11 20:00:00+00:00,Juventus FC,Manchester City FC,2,0
524015,UEFA Champions League,UEFA Champions League,2024,2024-12-11 20:00:00+00:00,Feyenoord Rotterdam,AC Sparta Praha,4,2
523936,UEFA Champions League,UEFA Champions League,2024,2024-12-11 20:00:00+00:00,Borussia Dortmund,FC Barcelona,2,3
523987,UEFA Champions League,UEFA Champions League,2024,2024-12-11 20:00:00+00:00,Sport Lisboa e Benfica,Bologna FC 1909,0,0
523970,UEFA Champions League,UEFA Champions League,2024,2024-12-11 20:00:00+00:00,AC Milan,FK Crvena Zvezda,2,1
524074,UEFA Champions League,UEFA Champions League,2024,2024-12-11 20:00:00+00:00,VfB Stuttgart,BSC Young Boys,5,1
500684,Championship,Championship,2024,2024-12-11 20:00:00+00:00,West Bromwich Albion FC,Coventry City FC,2,0
499134,Eredivisie,Eredivisie,2024,2024-12-13 19:00:00+00:00,PEC Zwolle,Willem II Tilburg,0,1
502491,Bundesliga,Bundesliga,2024,2024-12-13 19:30:00+00:00,SC Freiburg,VfL Wolfsburg,3,2
498081,Ligue 1,Ligue 1,2024,2024-12-13 19:45:00+00:00,Toulouse FC,AS Saint-Étienne,2,1
503196,Serie A,Serie A,2024,2024-12-13 19:45:00+00:00,Empoli FC,Torino FC,0,1
498781,Primera Division,Primera Division,2024,2024-12-13 20:00:00+00:00,Real Valladolid CF,Valencia CF,1,0
500688,Championship,Championship,2024,2024-12-13 20:00:00+00:00,Derby County FC,Portsmouth FC,4,0
500686,Championship,Championship,2024,2024-12-14 12:30:00+00:00,Bristol City FC,Queens Park Rangers FC,1,1
500692,Championship,Championship,2024,2024-12-14 12:30:00+00:00,Preston North End FC,Leeds United FC,1,1
500687,Championship,Championship,2024,2024-12-14 12:30:00+00:00,Coventry City FC,Hull City AFC,2,1
498782,Primera Division,Primera Division,2024,2024-12-14 13:00:00+00:00,RCD Espanyol de Barcelona,CA Osasuna,0,0
503194,Serie A,Serie A,2024,2024-12-14 14:00:00+00:00,Cagliari Calcio,Atalanta BC,0,1
502496,Bundesliga,Bundesliga,2024,2024-12-14 14:30:00+00:00,FC Augsburg,Bayer 04 Leverkusen,0,2
502493,Bundesliga,Bundesliga,2024,2024-12-14 14:30:00+00:00,Borussia Mönchengladbach,Holstein Kiel,4,1
502492,Bundesliga,Bundesliga,2024,2024-12-14 14:30:00+00:00,1. FSV Mainz 05,FC Bayern München,2,1
500695,Championship,Championship,2024,2024-12-14 15:00:00+00:00,Swansea City AFC,Sunderland AFC,2,3
500694,Championship,Championship,2024,2024-12-14 15:00:00+00:00,Stoke City FC,Cardiff City FC,2,2
500693,Championship,Championship,2024,2024-12-14 15:00:00+00:00,Sheffield United FC,Plymouth Argyle FC,2,0
500691,Championship,Championship,2024,2024-12-14 15:00:00+00:00,Oxford United FC,Sheffield Wednesday FC,1,3
500689,Championship,Championship,2024,2024-12-14 15:00:00+00:00,Middlesbrough FC,Millwall FC,1,0
497561,Premier League,Premier League,2024,2024-12-14 15:00:00+00:00,Arsenal FC,Everton FC,0,0
500685,Championship,Championship,2024,2024-12-14 15:00:00+00:00,Blackburn Rovers FC,Luton Town FC,2,0
497569,Premier League,Premier League,2024,2024-12-14 15:00:00+00:00,Wolverhampton Wanderers FC,Ipswich Town FC,1,2
497566,Premier League,Premier League,2024,2024-12-14 15:00:00+00:00,Newcastle United FC,Leicester City FC,4,0
497564,Premier League,Premier League,2024,2024-12-14 15:00:00+00:00,Liverpool FC,Fulham FC,2,2
498779,Primera Division,Primera Division,2024,2024-12-14 15:15:00+00:00,RCD Mallorca,Girona FC,2,1
503899,Primeira Liga,Primeira Liga,2024,2024-12-14 15:30:00+00:00,SC Farense,Gil Vicente FC,0,1
498084,Ligue 1,Ligue 1,2024,2024-12-14 16:00:00+00:00,Olympique de Marseille,Lille OSC,1,1
503202,Serie A,Serie A,2024,2024-12-14 17:00:00+00:00,Udinese Calcio,SSC Napoli,1,3
498776,Primera Division,Primera Division,2024,2024-12-14 17:30:00+00:00,Sevilla FC,RC Celta de Vigo,1,0
502495,Bundesliga,Bundesliga,2024,2024-12-14 17:30:00+00:00,FC St. Pauli 1910,SV Werder Bremen,0,2
497567,Premier League,Premier League,2024,2024-12-14 17:30:00+00:00,Nottingham Forest FC,Aston Villa FC,2,1
499135,Eredivisie,Eredivisie,2024,2024-12-14 17:45:00+00:00,SC Heerenveen,PSV,1,0
498080,Ligue 1,Ligue 1,2024,2024-12-14 18:00:00+00:00,AJ Auxerre,Racing Club de Lens,2,2
503904,Primeira Liga,Primeira Liga,2024,2024-12-14 18:00:00+00:00,CD Nacional,Moreirense FC,1,0
499131,Eredivisie,Eredivisie,2024,2024-12-14 19:00:00+00:00,Fortuna Sittard,RKC Waalwijk,3,2
503197,Serie A,Serie A,2024,2024-12-14 19:45:00+00:00,Juventus FC,Venezia FC,2,2
498778,Primera Division,Primera Division,2024,2024-12-14 20:00:00+00:00,Rayo Vallecano de Madrid,Real Madrid CF,3,3
498079,Ligue 1,Ligue 1,2024,2024-12-14 20:00:00+00:00,Stade de Reims,AS Monaco FC,0,0
499130,Eredivisie,Eredivisie,2024,2024-12-14 20:00:00+00:00,Feyenoord Rotterdam,Heracles Almelo,5,2
503907,Primeira Liga,Primeira Liga,2024,2024-12-14 20:30:00+00:00,Sporting Clube de Portugal,Boavista FC,3,2
499129,Eredivisie,Eredivisie,2024,2024-12-15 11:15:00+00:00,FC Utrecht,Go Ahead Eagles,3,3
503199,Serie A,Serie A,2024,2024-12-15 11:30:00+00:00,US Lecce,AC Monza,2,1
498773,Primera Division,Primera Division,2024,2024-12-15 13:00:00+00:00,Club Atlético de Madrid,Getafe CF,1,0
499136,Eredivisie,Eredivisie,2024,2024-12-15 13:30:00+00:00,FC Twente '65,FC Groningen,2,0
499133,Eredivisie,Eredivisie,2024,2024-12-15 13:30:00+00:00,NEC,Sparta Rotterdam,1,1
503193,Serie A,Serie A,2024,2024-12-15 14:00:00+00:00,Bologna FC 1909,ACF Fiorentina,1,0
498082,Ligue 1,Ligue 1,2024,2024-12-15 14:00:00+00:00,Montpellier HSC,OGC Nice,2,2
500696,Championship,Championship,2024,2024-12-15 14:00:00+00:00,Watford FC,West Bromwich Albion FC,2,1
503201,Serie A,Serie A,2024,2024-12-15 14:00:00+00:00,Parma Calcio 1913,Hellas Verona FC,2,3
497562,Premier League,Premier League,2024,2024-12-15 14:00:00+00:00,Brighton & Hove Albion FC,Crystal Palace FC,1,3
502490,Bundesliga,Bundesliga,2024,2024-12-15 14:30:00+00:00,1. FC Heidenheim 1846,VfB Stuttgart,1,3
500690,Championship,Championship,2024,2024-12-15 15:00:00+00:00,Norwich City FC,Burnley FC,1,2
498774,Primera Division,Primera Division,2024,2024-12-15 15:15:00+00:00,Deportivo Alavés,Athletic Club,1,1
503901,Primeira Liga,Primeira Liga,2024,2024-12-15 15:30:00+00:00,FC Arouca,CD Santa Clara,1,0
499128,Eredivisie,Eredivisie,2024,2024-12-15 15:45:00+00:00,AFC Ajax,Almere City FC,3,0
498077,Ligue 1,Ligue 1,2024,2024-12-15 16:00:00+00:00,Stade Rennais FC 1901,Angers SCO,2,0
498078,Ligue 1,Ligue 1,2024,2024-12-15 16:00:00+00:00,Le Havre AC,RC Strasbourg Alsace,0,3
498083,Ligue 1,Ligue 1,2024,2024-12-15 16:00:00+00:00,Stade Brestois 29,FC Nantes,4,1
502489,Bundesliga,Bundesliga,2024,2024-12-15 16:30:00+00:00,Borussia Dortmund,TSG 1899 Hoffenheim,1,1
497565,Premier League,Premier League,2024,2024-12-15 16:30:00+00:00,Manchester City FC,Manchester United FC,1,2
503195,Serie A,Serie A,2024,2024-12-15 17:00:00+00:00,Como 1907,AS Roma,2,0
498777,Primera Division,Primera Division,2024,2024-12-15 17:30:00+00:00,Villarreal CF,Real Betis Balompié,1,2
498780,Primera Division,Primera Division,2024,2024-12-15 17:30:00+00:00,Real Sociedad de Fútbol,UD Las Palmas,0,0
503902,Primeira Liga,Primeira Liga,2024,2024-12-15 18:00:00+00:00,AVS,Sport Lisboa e Benfica,1,1
502488,Bundesliga,Bundesliga,2024,2024-12-15 18:30:00+00:00,RB Leipzig,Eintracht Frankfurt,2,1
497568,Premier League,Premier League,2024,2024-12-15 19:00:00+00:00,Southampton FC,Tottenham Hotspur FC,0,5
499132,Eredivisie,Eredivisie,2024,2024-12-15 19:00:00+00:00,NAC Breda,AZ,1,2
497563,Premier League,Premier League,2024,2024-12-15 19:00:00+00:00,Chelsea FC,Brentford FC,2,1
498085,Ligue 1,Ligue 1,2024,2024-12-15 19:45:00+00:00,Paris Saint-Germain FC,Olympique Lyonnais,3,1
503200,Serie A,Serie A,2024,2024-12-15 19:45:00+00:00,AC Milan,Genoa CFC,0,0
498775,Primera Division,Primera Division,2024,2024-12-15 20:00:00+00:00,FC Barcelona,CD Leganés,0,1
503906,Primeira Liga,Primeira Liga,2024,2024-12-15 20:30:00+00:00,GD Estoril Praia,Casa Pia AC,0,2
503900,Primeira Liga,Primeira Liga,2024,2024-12-16 18:45:00+00:00,Sporting Clube de Braga,FC Famalicão,3,3
503198,Serie A,Serie A,2024,2024-12-16 19:45:00+00:00,SS Lazio,FC Internazionale Milano,0,6
497560,Premier League,Premier League,2024,2024-12-16 20:00:00+00:00,AFC Bournemouth,West Ham United FC,1,1
503905,Primeira Liga,Primeira Liga,2024,2024-12-16 20:15:00+00:00,FC Porto,CF Estrela da Amadora,2,0
503903,Primeira Liga,Primeira Liga,2024,2024-12-16 20:45:00+00:00,Rio Ave FC,Vitória SC,2,2
498086,Ligue 1,Ligue 1,2024,2024-12-18 20:00:00+00:00,AS Monaco FC,Paris Saint-Germain FC,2,4
498731,Primera Division,Primera Division,2024,2024-12-18 20:30:00+00:00,Villarreal CF,Rayo Vallecano de Madrid,1,1
498742,Primera Division,Primera Division,2024,2024-12-18 20:30:00+00:00,RCD Espanyol de Barcelona,Valencia CF,1,1
503955,Primeira Liga,Primeira Liga,2024,2024-12-19 17:00:00+00:00,CD Nacional,Sport Lisboa e Benfica,0,2
499143,Eredivisie,Eredivisie,2024,2024-12-20 19:00:00+00:00,RKC Waalwijk,PEC Zwolle,1,1
502499,Bundesliga,Bundesliga,2024,2024-12-20 19:30:00+00:00,FC Bayern München,RB Leipzig,5,1
503206,Serie A,Serie A,2024,2024-12-20 19:45:00+00:00,Hellas Verona FC,AC Milan,0,1
498789,Primera Division,Primera Division,2024,2024-12-20 20:00:00+00:00,Girona FC,Real Valladolid CF,3,0
500701,Championship,Championship,2024,2024-12-20 20:00:00+00:00,Luton Town FC,Derby County FC,2,1
503896,Primeira Liga,Primeira Liga,2024,2024-12-20 20:15:00+00:00,Casa Pia AC,FC Arouca,3,1
497570,Premier League,Premier League,2024,2024-12-21 12:30:00+00:00,Aston Villa FC,Manchester City FC,2,1
500699,Championship,Championship,2024,2024-12-21 12:30:00+00:00,Hull City AFC,Swansea City AFC,2,1
500704,Championship,Championship,2024,2024-12-21 12:30:00+00:00,Portsmouth FC,Coventry City FC,4,1
500706,Championship,Championship,2024,2024-12-21 12:30:00+00:00,Sheffield Wednesday FC,Stoke City FC,2,0
498788,Primera Division,Primera Division,2024,2024-12-21 13:00:00+00:00,Getafe CF,RCD Mallorca,0,1
503211,Serie A,Serie A,2024,2024-12-21 14:00:00+00:00,Torino FC,Bologna FC 1909,0,2
502498,Bundesliga,Bundesliga,2024,2024-12-21 14:30:00+00:00,VfB Stuttgart,FC St. Pauli 1910,0,1
502505,Bundesliga,Bundesliga,2024,2024-12-21 14:30:00+00:00,Holstein Kiel,FC Augsburg,5,1
502500,Bundesliga,Bundesliga,2024,2024-12-21 14:30:00+00:00,Eintracht Frankfurt,1. FSV Mainz 05,1,3
502501,Bundesliga,Bundesliga,2024,2024-12-21 14:30:00+00:00,TSG 1899 Hoffenheim,Borussia Mönchengladbach,1,2
502502,Bundesliga,Bundesliga,2024,2024-12-21 14:30:00+00:00,SV Werder Bremen,1. FC Union Berlin,4,1
497571,Premier League,Premier League,2024,2024-12-21 15:00:00+00:00,Brentford FC,Nottingham Forest FC,0,2
497575,Premier League,Premier League,2024,2024-12-21 15:00:00+00:00,Ipswich Town FC,Newcastle United FC,0,4
497579,Premier League,Premier League,2024,2024-12-21 15:00:00+00:00,West Ham United FC,Brighton & Hove Albion FC,1,1
500707,Championship,Championship,2024,2024-12-21 15:00:00+00:00,Sunderland AFC,Norwich City FC,2,1
500705,Championship,Championship,2024,2024-12-21 15:00:00+00:00,Queens Park Rangers FC,Preston North End FC,2,1
500703,Championship,Championship,2024,2024-12-21 15:00:00+00:00,Plymouth Argyle FC,Middlesbrough FC,3,3
500702,Championship,Championship,2024,2024-12-21 15:00:00+00:00,Millwall FC,Blackburn Rovers FC,1,0
500700,Championship,Championship,2024,2024-12-21 15:00:00+00:00,Leeds United FC,Oxford United FC,4,0
500697,Championship,Championship,2024,2024-12-21 15:00:00+00:00,Burnley FC,Watford FC,2,1
500698,Championship,Championship,2024,2024-12-21 15:00:00+00:00,Cardiff City FC,Sheffield United FC,0,2
498786,Primera Division,Primera Division,2024,2024-12-21 15:15:00+00:00,RC Celta de Vigo,Real Sociedad de Fútbol,2,0
499140,Eredivisie,Eredivisie,2024,2024-12-21 15:30:00+00:00,Go Ahead Eagles,NAC Breda,2,1
503898,Primeira Liga,Primeira Liga,2024,2024-12-21 15:30:00+00:00,FC Famalicão,SC Farense,1,2
503205,Serie A,Serie A,2024,2024-12-21 17:00:00+00:00,Genoa CFC,SSC Napoli,1,2
498784,Primera Division,Primera Division,2024,2024-12-21 17:30:00+00:00,CA Osasuna,Athletic Club,1,2
497572,Premier League,Premier League,2024,2024-12-21 17:30:00+00:00,Crystal Palace FC,Arsenal FC,1,5
502497,Bundesliga,Bundesliga,2024,2024-12-21 17:30:00+00:00,Bayer 04 Leverkusen,SC Freiburg,5,1
499137,Eredivisie,Eredivisie,2024,2024-12-21 17:45:00+00:00,Almere City FC,SC Heerenveen,3,0
503895,Primeira Liga,Primeira Liga,2024,2024-12-21 18:00:00+00:00,Boavista FC,AVS,0,0
499138,Eredivisie,Eredivisie,2024,2024-12-21 19:00:00+00:00,AZ,FC Twente '65,1,0
503208,Serie A,Serie A,2024,2024-12-21 19:45:00+00:00,US Lecce,SS Lazio,1,2
498787,Primera Division,Primera Division,2024,2024-12-21 20:00:00+00:00,FC Barcelona,Club Atlético de Madrid,1,2
503894,Primeira Liga,Primeira Liga,2024,2024-12-21 20:30:00+00:00,Moreirense FC,FC Porto,0,3
499144,Eredivisie,Eredivisie,2024,2024-12-22 11:15:00+00:00,Sparta Rotterdam,AFC Ajax,0,2
503210,Serie A,Serie A,2024,2024-12-22 11:30:00+00:00,AS Roma,Parma Calcio 1913,5,0
498790,Primera Division,Primera Division,2024,2024-12-22 13:00:00+00:00,Valencia CF,Deportivo Alavés,2,2
499142,Eredivisie,Eredivisie,2024,2024-12-22 13:30:00+00:00,PSV,Feyenoord Rotterdam,3,0
499139,Eredivisie,Eredivisie,2024,2024-12-22 13:30:00+00:00,FC Utrecht,Fortuna Sittard,2,5
503212,Serie A,Serie A,2024,2024-12-22 14:00:00+00:00,Venezia FC,Cagliari Calcio,2,1
497573,Premier League,Premier League,2024,2024-12-22 14:00:00+00:00,Everton FC,Chelsea FC,0,0
497574,Premier League,Premier League,2024,2024-12-22 14:00:00+00:00,Fulham FC,Southampton FC,0,0
497576,Premier League,Premier League,2024,2024-12-22 14:00:00+00:00,Leicester City FC,Wolverhampton Wanderers FC,0,3
497577,Premier League,Premier League,2024,2024-12-22 14:00:00+00:00,Manchester United FC,AFC Bournemouth,0,3
502504,Bundesliga,Bundesliga,2024,2024-12-22 14:30:00+00:00,VfL Bochum 1848,1. FC Heidenheim 1846,2,0
500708,Championship,Championship,2024,2024-12-22 15:00:00+00:00,West Bromwich Albion FC,Bristol City FC,2,0
498791,Primera Division,Primera Division,2024,2024-12-22 15:15:00+00:00,Real Madrid CF,Sevilla FC,4,2
499145,Eredivisie,Eredivisie,2024,2024-12-22 15:45:00+00:00,Willem II Tilburg,NEC,4,1
502503,Bundesliga,Bundesliga,2024,2024-12-22 16:30:00+00:00,VfL Wolfsburg,Borussia Dortmund,1,3
497578,Premier League,Premier League,2024,2024-12-22 16:30:00+00:00,Tottenham Hotspur FC,Liverpool FC,3,6
503203,Serie A,Serie A,2024,2024-12-22 17:00:00+00:00,Atalanta BC,Empoli FC,3,2
503897,Primeira Liga,Primeira Liga,2024,2024-12-22 17:00:00+00:00,CD Santa Clara,Sporting Clube de Braga,0,2
498785,Primera Division,Primera Division,2024,2024-12-22 17:30:00+00:00,CD Leganés,Villarreal CF,2,5
498792,Primera Division,Primera Division,2024,2024-12-22 17:30:00+00:00,UD Las Palmas,RCD Espanyol de Barcelona,1,0
503209,Serie A,Serie A,2024,2024-12-22 19:45:00+00:00,AC Monza,Juventus FC,1,2
498783,Primera Division,Primera Division,2024,2024-12-22 20:00:00+00:00,Real Betis Balompié,Rayo Vallecano de Madrid,1,1
503890,Primeira Liga,Primeira Liga,2024,2024-12-22 20:30:00+00:00,Gil Vicente FC,Sporting Clube de Portugal,0,0
503204,Serie A,Serie A,2024,2024-12-23 17:30:00+00:00,ACF Fiorentina,Udinese Calcio,1,2
503892,Primeira Liga,Primeira Liga,2024,2024-12-23 18:45:00+00:00,Vitória SC,CD Nacional,2,2
503891,Primeira Liga,Primeira Liga,2024,2024-12-23 18:45:00+00:00,Sport Lisboa e Benfica,GD Estoril Praia,3,0
503207,Serie A,Serie A,2024,2024-12-23 19:45:00+00:00,FC Internazionale Milano,Como 1907,2,0
503893,Primeira Liga,Primeira Liga,2024,2024-12-23 20:45:00+00:00,CF Estrela da Amadora,Rio Ave FC,1,0
497585,Premier League,Premier League,2024,2024-12-26 12:30:00+00:00,Manchester City FC,Everton FC,1,1
500715,Championship,Championship,2024,2024-12-26 15:00:00+00:00,Oxford United FC,Cardiff City FC,3,2
497580,Premier League,Premier League,2024,2024-12-26 15:00:00+00:00,AFC Bournemouth,Crystal Palace FC,0,0
497583,Premier League,Premier League,2024,2024-12-26 15:00:00+00:00,Chelsea FC,Fulham FC,1,2
497586,Premier League,Premier League,2024,2024-12-26 15:00:00+00:00,Newcastle United FC,Aston Villa FC,3,0
497587,Premier League,Premier League,2024,2024-12-26 15:00:00+00:00,Nottingham Forest FC,Tottenham Hotspur FC,1,0
497588,Premier League,Premier League,2024,2024-12-26 15:00:00+00:00,Southampton FC,West Ham United FC,0,1
500716,Championship,Championship,2024,2024-12-26 15:00:00+00:00,Preston North End FC,Hull City AFC,1,0
500714,Championship,Championship,2024,2024-12-26 15:00:00+00:00,Norwich City FC,Millwall FC,2,1
500719,Championship,Championship,2024,2024-12-26 15:00:00+00:00,Swansea City AFC,Queens Park Rangers FC,3,0
500709,Championship,Championship,2024,2024-12-26 15:00:00+00:00,Blackburn Rovers FC,Sunderland AFC,2,2
500710,Championship,Championship,2024,2024-12-26 15:00:00+00:00,Bristol City FC,Luton Town FC,1,0
500711,Championship,Championship,2024,2024-12-26 15:00:00+00:00,Coventry City FC,Plymouth Argyle FC,4,0
500713,Championship,Championship,2024,2024-12-26 15:00:00+00:00,Middlesbrough FC,Sheffield Wednesday FC,3,3
500717,Championship,Championship,2024,2024-12-26 15:00:00+00:00,Sheffield United FC,Burnley FC,0,2
500720,Championship,Championship,2024,2024-12-26 15:00:00+00:00,Watford FC,Portsmouth FC,2,1
497589,Premier League,Premier League,2024,2024-12-26 17:30:00+00:00,Wolverhampton Wanderers FC,Manchester United FC,2,0
500712,Championship,Championship,2024,2024-12-26 17:30:00+00:00,Derby County FC,West Bromwich Albion FC,2,1
497584,Premier League,Premier League,2024,2024-12-26 20:00:00+00:00,Liverpool FC,Leicester City FC,3,1
500718,Championship,Championship,2024,2024-12-26 20:00:00+00:00,Stoke City FC,Leeds United FC,0,2
497582,Premier League,Premier League,2024,2024-12-27 19:30:00+00:00,Brighton & Hove Albion FC,Brentford FC,0,0
497581,Premier League,Premier League,2024,2024-12-27 20:15:00+00:00,Arsenal FC,Ipswich Town FC,1,0
503883,Primeira Liga,Primeira Liga,2024,2024-12-27 20:15:00+00:00,FC Arouca,Gil Vicente FC,1,1
503216,Serie A,Serie A,2024,2024-12-28 14:00:00+00:00,Empoli FC,Genoa CFC,1,2
503221,Serie A,Serie A,2024,2024-12-28 14:00:00+00:00,Parma Calcio 1913,AC Monza,2,1
503885,Primeira Liga,Primeira Liga,2024,2024-12-28 15:30:00+00:00,AVS,CF Estrela da Amadora,1,1
503214,Serie A,Serie A,2024,2024-12-28 17:00:00+00:00,Cagliari Calcio,FC Internazionale Milano,0,3
503881,Primeira Liga,Primeira Liga,2024,2024-12-28 18:00:00+00:00,GD Estoril Praia,Moreirense FC,2,2
503218,Serie A,Serie A,2024,2024-12-28 19:45:00+00:00,SS Lazio,Atalanta BC,1,1
503888,Primeira Liga,Primeira Liga,2024,2024-12-28 20:30:00+00:00,FC Porto,Boavista FC,4,0
503222,Serie A,Serie A,2024,2024-12-29 11:30:00+00:00,Udinese Calcio,Torino FC,2,2
500728,Championship,Championship,2024,2024-12-29 12:30:00+00:00,Preston North End FC,Sheffield Wednesday FC,3,1
500729,Championship,Championship,2024,2024-12-29 12:30:00+00:00,Sheffield United FC,West Bromwich Albion FC,1,1
500726,Championship,Championship,2024,2024-12-29 12:30:00+00:00,Norwich City FC,Queens Park Rangers FC,1,1
503220,Serie A,Serie A,2024,2024-12-29 14:00:00+00:00,SSC Napoli,Venezia FC,1,0
497596,Premier League,Premier League,2024,2024-12-29 14:30:00+00:00,Leicester City FC,Manchester City FC,0,2
500730,Championship,Championship,2024,2024-12-29 15:00:00+00:00,Stoke City FC,Sunderland AFC,1,0
500727,Championship,Championship,2024,2024-12-29 15:00:00+00:00,Oxford United FC,Plymouth Argyle FC,2,0
500723,Championship,Championship,2024,2024-12-29 15:00:00+00:00,Coventry City FC,Millwall FC,0,0
500722,Championship,Championship,2024,2024-12-29 15:00:00+00:00,Bristol City FC,Portsmouth FC,3,0
500721,Championship,Championship,2024,2024-12-29 15:00:00+00:00,Blackburn Rovers FC,Hull City AFC,0,1
500732,Championship,Championship,2024,2024-12-29 15:00:00+00:00,Watford FC,Cardiff City FC,1,2
500731,Championship,Championship,2024,2024-12-29 15:00:00+00:00,Swansea City AFC,Luton Town FC,2,1
497598,Premier League,Premier League,2024,2024-12-29 15:00:00+00:00,Tottenham Hotspur FC,Wolverhampton Wanderers FC,2,2
497594,Premier League,Premier League,2024,2024-12-29 15:00:00+00:00,Fulham FC,AFC Bournemouth,2,2
497593,Premier League,Premier League,2024,2024-12-29 15:00:00+00:00,Everton FC,Nottingham Forest FC,0,2
497592,Premier League,Premier League,2024,2024-12-29 15:00:00+00:00,Crystal Palace FC,Southampton FC,2,1
503887,Primeira Liga,Primeira Liga,2024,2024-12-29 15:30:00+00:00,Rio Ave FC,CD Nacional,2,1
503884,Primeira Liga,Primeira Liga,2024,2024-12-29 15:30:00+00:00,SC Farense,Vitória SC,2,2
503217,Serie A,Serie A,2024,2024-12-29 17:00:00+00:00,Juventus FC,ACF Fiorentina,2,2
497599,Premier League,Premier League,2024,2024-12-29 17:15:00+00:00,West Ham United FC,Liverpool FC,0,5
500724,Championship,Championship,2024,2024-12-29 17:45:00+00:00,Derby County FC,Leeds United FC,0,1
503882,Primeira Liga,Primeira Liga,2024,2024-12-29 18:00:00+00:00,Sporting Clube de Braga,Casa Pia AC,1,2
503219,Serie A,Serie A,2024,2024-12-29 19:45:00+00:00,AC Milan,AS Roma,1,1
500725,Championship,Championship,2024,2024-12-29 20:00:00+00:00,Middlesbrough FC,Burnley FC,0,0
503889,Primeira Liga,Primeira Liga,2024,2024-12-29 20:30:00+00:00,Sporting Clube de Portugal,Sport Lisboa e Benfica,1,0
503215,Serie A,Serie A,2024,2024-12-30 17:30:00+00:00,Como 1907,US Lecce,2,0
503213,Serie A,Serie A,2024,2024-12-30 19:45:00+00:00,Bologna FC 1909,Hellas Verona FC,2,3
497590,Premier League,Premier League,2024,2024-12-30 19:45:00+00:00,Aston Villa FC,Brighton & Hove Albion FC,2,2
497595,Premier League,Premier League,2024,2024-12-30 19:45:00+00:00,Ipswich Town FC,Chelsea FC,2,0
497597,Premier League,Premier League,2024,2024-12-30 20:00:00+00:00,Manchester United FC,Newcastle United FC,0,2
503886,Primeira Liga,Primeira Liga,2024,2024-12-30 20:15:00+00:00,FC Famalicão,CD Santa Clara,1,2
500739,Championship,Championship,2024,2025-01-01 12:30:00+00:00,Plymouth Argyle FC,Bristol City FC,2,2
500741,Championship,Championship,2024,2025-01-01 12:30:00+00:00,Queens Park Rangers FC,Watford FC,3,1
500738,Championship,Championship,2024,2025-01-01 13:00:00+00:00,Millwall FC,Oxford United FC,0,1
500737,Championship,Championship,2024,2025-01-01 15:00:00+00:00,Luton Town FC,Norwich City FC,0,1
500742,Championship,Championship,2024,2025-01-01 15:00:00+00:00,Sheffield Wednesday FC,Derby County FC,4,2
500744,Championship,Championship,2024,2025-01-01 15:00:00+00:00,West Bromwich Albion FC,Preston North End FC,3,1
500733,Championship,Championship,2024,2025-01-01 15:00:00+00:00,Burnley FC,Stoke City FC,0,0
500736,Championship,Championship,2024,2025-01-01 15:00:00+00:00,Leeds United FC,Blackburn Rovers FC,1,1
500740,Championship,Championship,2024,2025-01-01 15:00:00+00:00,Portsmouth FC,Swansea City AFC,4,0
500734,Championship,Championship,2024,2025-01-01 15:00:00+00:00,Cardiff City FC,Coventry City FC,1,1
497591,Premier League,Premier League,2024,2025-01-01 17:30:00+00:00,Brentford FC,Arsenal FC,1,3
500735,Championship,Championship,2024,2025-01-01 17:30:00+00:00,Hull City AFC,Middlesbrough FC,0,1
500743,Championship,Championship,2024,2025-01-01 20:00:00+00:00,Sunderland AFC,Sheffield United FC,2,1
498094,Ligue 1,Ligue 1,2024,2025-01-03 20:00:00+00:00,OGC Nice,Stade Rennais FC 1901,3,2
498730,Primera Division,Primera Division,2024,2025-01-03 20:00:00+00:00,Valencia CF,Real Madrid CF,1,2
503875,Primeira Liga,Primeira Liga,2024,2025-01-03 20:15:00+00:00,Vitória SC,Sporting Clube de Portugal,4,4
497607,Premier League,Premier League,2024,2025-01-04 12:30:00+00:00,Tottenham Hotspur FC,Newcastle United FC,1,2
500755,Championship,Championship,2024,2025-01-04 12:30:00+00:00,Swansea City AFC,West Bromwich Albion FC,1,1
500745,Championship,Championship,2024,2025-01-04 12:30:00+00:00,Blackburn Rovers FC,Burnley FC,0,1
500753,Championship,Championship,2024,2025-01-04 12:30:00+00:00,Stoke City FC,Plymouth Argyle FC,0,0
503232,Serie A,Serie A,2024,2025-01-04 14:00:00+00:00,Venezia FC,Empoli FC,1,1
497602,Premier League,Premier League,2024,2025-01-04 15:00:00+00:00,Crystal Palace FC,Chelsea FC,1,1
500749,Championship,Championship,2024,2025-01-04 15:00:00+00:00,Norwich City FC,Coventry City FC,2,1
500750,Championship,Championship,2024,2025-01-04 15:00:00+00:00,Preston North End FC,Oxford United FC,1,1
500752,Championship,Championship,2024,2025-01-04 15:00:00+00:00,Sheffield Wednesday FC,Millwall FC,2,2
500756,Championship,Championship,2024,2025-01-04 15:00:00+00:00,Watford FC,Sheffield United FC,1,2
500748,Championship,Championship,2024,2025-01-04 15:00:00+00:00,Middlesbrough FC,Cardiff City FC,1,1
497601,Premier League,Premier League,2024,2025-01-04 15:00:00+00:00,Southampton FC,Brentford FC,0,5
500746,Championship,Championship,2024,2025-01-04 15:00:00+00:00,Bristol City FC,Derby County FC,1,0
497605,Premier League,Premier League,2024,2025-01-04 15:00:00+00:00,Aston Villa FC,Leicester City FC,2,1
497603,Premier League,Premier League,2024,2025-01-04 15:00:00+00:00,AFC Bournemouth,Everton FC,1,0
500747,Championship,Championship,2024,2025-01-04 15:00:00+00:00,Hull City AFC,Leeds United FC,3,3
497609,Premier League,Premier League,2024,2025-01-04 15:00:00+00:00,Manchester City FC,West Ham United FC,4,1
503877,Primeira Liga,Primeira Liga,2024,2025-01-04 15:30:00+00:00,Moreirense FC,AVS,1,1
498089,Ligue 1,Ligue 1,2024,2025-01-04 16:00:00+00:00,AS Saint-Étienne,Stade de Reims,3,1
503225,Serie A,Serie A,2024,2025-01-04 17:00:00+00:00,ACF Fiorentina,SSC Napoli,0,3
497600,Premier League,Premier League,2024,2025-01-04 17:30:00+00:00,Brighton & Hove Albion FC,Arsenal FC,1,1
498091,Ligue 1,Ligue 1,2024,2025-01-04 18:00:00+00:00,Lille OSC,FC Nantes,1,1
503874,Primeira Liga,Primeira Liga,2024,2025-01-04 18:00:00+00:00,Sport Lisboa e Benfica,Sporting Clube de Braga,1,2
503226,Serie A,Serie A,2024,2025-01-04 19:45:00+00:00,Hellas Verona FC,Udinese Calcio,0,0
498087,Ligue 1,Ligue 1,2024,2025-01-04 20:00:00+00:00,Olympique Lyonnais,Montpellier HSC,1,0
503878,Primeira Liga,Primeira Liga,2024,2025-01-04 20:30:00+00:00,Boavista FC,FC Arouca,1,3
503229,Serie A,Serie A,2024,2025-01-05 11:30:00+00:00,AC Monza,Cagliari Calcio,1,2
498090,Ligue 1,Ligue 1,2024,2025-01-05 14:00:00+00:00,Angers SCO,Stade Brestois 29,2,0
498093,Ligue 1,Ligue 1,2024,2025-01-05 14:00:00+00:00,RC Strasbourg Alsace,AJ Auxerre,3,1
498088,Ligue 1,Ligue 1,2024,2025-01-05 14:00:00+00:00,Racing Club de Lens,Toulouse FC,0,1
497604,Premier League,Premier League,2024,2025-01-05 14:00:00+00:00,Fulham FC,Ipswich Town FC,2,2
503228,Serie A,Serie A,2024,2025-01-05 14:00:00+00:00,US Lecce,Genoa CFC,0,0
500754,Championship,Championship,2024,2025-01-05 15:00:00+00:00,Sunderland AFC,Portsmouth FC,1,0
503879,Primeira Liga,Primeira Liga,2024,2025-01-05 15:30:00+00:00,CD Santa Clara,SC Farense,0,0
497606,Premier League,Premier League,2024,2025-01-05 16:30:00+00:00,Liverpool FC,Manchester United FC,2,2
503231,Serie A,Serie A,2024,2025-01-05 17:00:00+00:00,Torino FC,Parma Calcio 1913,0,0
503873,Primeira Liga,Primeira Liga,2024,2025-01-05 18:00:00+00:00,Casa Pia AC,FC Famalicão,1,1
503230,Serie A,Serie A,2024,2025-01-05 19:45:00+00:00,AS Roma,SS Lazio,2,0
498092,Ligue 1,Ligue 1,2024,2025-01-05 19:45:00+00:00,Olympique de Marseille,Le Havre AC,5,1
503720,Primeira Liga,Primeira Liga,2024,2025-01-05 20:30:00+00:00,CF Estrela da Amadora,GD Estoril Praia,2,4
500751,Championship,Championship,2024,2025-01-06 20:00:00+00:00,Queens Park Rangers FC,Luton Town FC,2,1
497608,Premier League,Premier League,2024,2025-01-06 20:00:00+00:00,Wolverhampton Wanderers FC,Nottingham Forest FC,0,3
503876,Primeira Liga,Primeira Liga,2024,2025-01-06 20:15:00+00:00,Gil Vicente FC,Rio Ave FC,1,1
498096,Ligue 1,Ligue 1,2024,2025-01-10 18:00:00+00:00,FC Nantes,AS Monaco FC,2,2
499149,Eredivisie,Eredivisie,2024,2025-01-10 19:00:00+00:00,Fortuna Sittard,Go Ahead Eagles,0,3
503236,Serie A,Serie A,2024,2025-01-10 19:45:00+00:00,SS Lazio,Como 1907,1,1
502507,Bundesliga,Bundesliga,2024,2025-01-10 19:45:00+00:00,Borussia Dortmund,Bayer 04 Leverkusen,2,3
498797,Primera Division,Primera Division,2024,2025-01-10 20:00:00+00:00,Rayo Vallecano de Madrid,RC Celta de Vigo,2,1
498097,Ligue 1,Ligue 1,2024,2025-01-10 20:05:00+00:00,AJ Auxerre,Lille OSC,0,0
498795,Primera Division,Primera Division,2024,2025-01-11 13:00:00+00:00,Deportivo Alavés,Girona FC,0,1
503241,Serie A,Serie A,2024,2025-01-11 14:00:00+00:00,Udinese Calcio,Atalanta BC,0,0
503234,Serie A,Serie A,2024,2025-01-11 14:00:00+00:00,Empoli FC,US Lecce,1,3
502508,Bundesliga,Bundesliga,2024,2025-01-11 14:30:00+00:00,TSG 1899 Hoffenheim,VfL Wolfsburg,0,1
502512,Bundesliga,Bundesliga,2024,2025-01-11 14:30:00+00:00,1. FSV Mainz 05,VfL Bochum 1848,2,0
502510,Bundesliga,Bundesliga,2024,2025-01-11 14:30:00+00:00,SC Freiburg,Holstein Kiel,3,2
502509,Bundesliga,Bundesliga,2024,2025-01-11 14:30:00+00:00,1. FC Heidenheim 1846,1. FC Union Berlin,2,0
502514,Bundesliga,Bundesliga,2024,2025-01-11 14:30:00+00:00,FC St. Pauli 1910,Eintracht Frankfurt,0,1
498800,Primera Division,Primera Division,2024,2025-01-11 15:15:00+00:00,Real Valladolid CF,Real Betis Balompié,1,0
499150,Eredivisie,Eredivisie,2024,2025-01-11 15:30:00+00:00,Heracles Almelo,Sparta Rotterdam,1,1
498101,Ligue 1,Ligue 1,2024,2025-01-11 16:00:00+00:00,Stade Brestois 29,Olympique Lyonnais,2,1
503240,Serie A,Serie A,2024,2025-01-11 17:00:00+00:00,Torino FC,Juventus FC,1,1
498802,Primera Division,Primera Division,2024,2025-01-11 17:30:00+00:00,RCD Espanyol de Barcelona,CD Leganés,1,1
502513,Bundesliga,Bundesliga,2024,2025-01-11 17:30:00+00:00,Borussia Mönchengladbach,FC Bayern München,0,1
499146,Eredivisie,Eredivisie,2024,2025-01-11 17:45:00+00:00,AFC Ajax,RKC Waalwijk,2,1
498098,Ligue 1,Ligue 1,2024,2025-01-11 18:00:00+00:00,Stade de Reims,OGC Nice,2,4
499152,Eredivisie,Eredivisie,2024,2025-01-11 19:00:00+00:00,PEC Zwolle,NEC,0,1
503237,Serie A,Serie A,2024,2025-01-11 19:45:00+00:00,AC Milan,Cagliari Calcio,1,1
499153,Eredivisie,Eredivisie,2024,2025-01-11 20:00:00+00:00,PSV,AZ,2,2
498796,Primera Division,Primera Division,2024,2025-01-11 20:00:00+00:00,Sevilla FC,Valencia CF,1,1
498103,Ligue 1,Ligue 1,2024,2025-01-11 20:05:00+00:00,Stade Rennais FC 1901,Olympique de Marseille,1,2
499154,Eredivisie,Eredivisie,2024,2025-01-12 11:15:00+00:00,FC Twente '65,Willem II Tilburg,6,2
503235,Serie A,Serie A,2024,2025-01-12 11:30:00+00:00,Genoa CFC,Parma Calcio 1913,1,0
498801,Primera Division,Primera Division,2024,2025-01-12 13:00:00+00:00,UD Las Palmas,Getafe CF,1,2
499147,Eredivisie,Eredivisie,2024,2025-01-12 13:30:00+00:00,FC Groningen,Almere City FC,0,0
499148,Eredivisie,Eredivisie,2024,2025-01-12 13:30:00+00:00,Feyenoord Rotterdam,FC Utrecht,1,2
498099,Ligue 1,Ligue 1,2024,2025-01-12 14:00:00+00:00,Le Havre AC,Racing Club de Lens,1,2
503242,Serie A,Serie A,2024,2025-01-12 14:00:00+00:00,Venezia FC,FC Internazionale Milano,0,1
502506,Bundesliga,Bundesliga,2024,2025-01-12 14:30:00+00:00,RB Leipzig,SV Werder Bremen,4,2
498794,Primera Division,Primera Division,2024,2025-01-12 15:15:00+00:00,Club Atlético de Madrid,CA Osasuna,1,0
503880,Primeira Liga,Primeira Liga,2024,2025-01-12 15:30:00+00:00,CD Nacional,FC Porto,2,0
499151,Eredivisie,Eredivisie,2024,2025-01-12 15:45:00+00:00,NAC Breda,SC Heerenveen,2,4
498100,Ligue 1,Ligue 1,2024,2025-01-12 16:15:00+00:00,Montpellier HSC,Angers SCO,1,3
498095,Ligue 1,Ligue 1,2024,2025-01-12 16:15:00+00:00,Toulouse FC,RC Strasbourg Alsace,1,2
502511,Bundesliga,Bundesliga,2024,2025-01-12 16:30:00+00:00,FC Augsburg,VfB Stuttgart,0,1
503233,Serie A,Serie A,2024,2025-01-12 17:00:00+00:00,Bologna FC 1909,AS Roma,2,2
498102,Ligue 1,Ligue 1,2024,2025-01-12 19:45:00+00:00,Paris Saint-Germain FC,AS Saint-Étienne,2,1
503239,Serie A,Serie A,2024,2025-01-12 19:45:00+00:00,SSC Napoli,Hellas Verona FC,2,0
503238,Serie A,Serie A,2024,2025-01-13 19:45:00+00:00,AC Monza,ACF Fiorentina,2,1
498799,Primera Division,Primera Division,2024,2025-01-13 20:00:00+00:00,Real Sociedad de Fútbol,Villarreal CF,1,0
502523,Bundesliga,Bundesliga,2024,2025-01-14 17:30:00+00:00,Holstein Kiel,Borussia Dortmund,4,2
503224,Serie A,Serie A,2024,2025-01-14 17:30:00+00:00,Como 1907,AC Milan,1,2
502518,Bundesliga,Bundesliga,2024,2025-01-14 19:30:00+00:00,Eintracht Frankfurt,SC Freiburg,4,1
502520,Bundesliga,Bundesliga,2024,2025-01-14 19:30:00+00:00,VfL Wolfsburg,Borussia Mönchengladbach,5,1
502515,Bundesliga,Bundesliga,2024,2025-01-14 19:30:00+00:00,Bayer 04 Leverkusen,1. FSV Mainz 05,1,0
497615,Premier League,Premier League,2024,2025-01-14 19:30:00+00:00,Brentford FC,Manchester City FC,2,2
497617,Premier League,Premier League,2024,2025-01-14 19:30:00+00:00,Chelsea FC,AFC Bournemouth,2,2
497613,Premier League,Premier League,2024,2025-01-14 19:30:00+00:00,West Ham United FC,Fulham FC,3,2
503223,Serie A,Serie A,2024,2025-01-14 19:45:00+00:00,Atalanta BC,Juventus FC,1,1
500662,Championship,Championship,2024,2025-01-14 19:45:00+00:00,Cardiff City FC,Watford FC,1,1
500667,Championship,Championship,2024,2025-01-14 19:45:00+00:00,Plymouth Argyle FC,Oxford United FC,1,1
497614,Premier League,Premier League,2024,2025-01-14 20:00:00+00:00,Nottingham Forest FC,Liverpool FC,1,1
502522,Bundesliga,Bundesliga,2024,2025-01-15 17:30:00+00:00,VfL Bochum 1848,FC St. Pauli 1910,1,0
497612,Premier League,Premier League,2024,2025-01-15 19:30:00+00:00,Leicester City FC,Crystal Palace FC,0,2
497619,Premier League,Premier League,2024,2025-01-15 19:30:00+00:00,Newcastle United FC,Wolverhampton Wanderers FC,3,0
497610,Premier League,Premier League,2024,2025-01-15 19:30:00+00:00,Everton FC,Aston Villa FC,0,1
502521,Bundesliga,Bundesliga,2024,2025-01-15 19:30:00+00:00,1. FC Union Berlin,FC Augsburg,0,2
502519,Bundesliga,Bundesliga,2024,2025-01-15 19:30:00+00:00,SV Werder Bremen,1. FC Heidenheim 1846,3,3
502517,Bundesliga,Bundesliga,2024,2025-01-15 19:30:00+00:00,FC Bayern München,TSG 1899 Hoffenheim,5,0
502516,Bundesliga,Bundesliga,2024,2025-01-15 19:30:00+00:00,VfB Stuttgart,RB Leipzig,2,1
500625,Championship,Championship,2024,2025-01-15 19:45:00+00:00,Blackburn Rovers FC,Portsmouth FC,3,0
503227,Serie A,Serie A,2024,2025-01-15 19:45:00+00:00,FC Internazionale Milano,Bologna FC 1909,2,2
497616,Premier League,Premier League,2024,2025-01-15 20:00:00+00:00,Arsenal FC,Tottenham Hotspur FC,2,1
497611,Premier League,Premier League,2024,2025-01-16 19:30:00+00:00,Ipswich Town FC,Brighton & Hove Albion FC,0,2
497618,Premier League,Premier League,2024,2025-01-16 20:00:00+00:00,Manchester United FC,Southampton FC,3,1
498109,Ligue 1,Ligue 1,2024,2025-01-17 18:00:00+00:00,Montpellier HSC,AS Monaco FC,2,1
502526,Bundesliga,Bundesliga,2024,2025-01-17 19:30:00+00:00,Eintracht Frankfurt,Borussia Dortmund,2,0
503252,Serie A,Serie A,2024,2025-01-17 19:45:00+00:00,AS Roma,Genoa CFC,3,1
500757,Championship,Championship,2024,2025-01-17 20:00:00+00:00,Burnley FC,Sunderland AFC,0,0
498812,Primera Division,Primera Division,2024,2025-01-17 20:00:00+00:00,RCD Espanyol de Barcelona,Real Valladolid CF,2,1
498106,Ligue 1,Ligue 1,2024,2025-01-17 20:05:00+00:00,Lille OSC,OGC Nice,2,1
503868,Primeira Liga,Primeira Liga,2024,2025-01-17 20:15:00+00:00,Sport Lisboa e Benfica,FC Famalicão,4,0
497620,Premier League,Premier League,2024,2025-01-18 12:30:00+00:00,Newcastle United FC,AFC Bournemouth,1,4
500758,Championship,Championship,2024,2025-01-18 12:30:00+00:00,Cardiff City FC,Swansea City AFC,3,0
500763,Championship,Championship,2024,2025-01-18 12:30:00+00:00,Millwall FC,Hull City AFC,0,1
500765,Championship,Championship,2024,2025-01-18 12:30:00+00:00,Plymouth Argyle FC,Queens Park Rangers FC,0,1
498808,Primera Division,Primera Division,2024,2025-01-18 13:00:00+00:00,Girona FC,Sevilla FC,1,2
503244,Serie A,Serie A,2024,2025-01-18 14:00:00+00:00,Bologna FC 1909,AC Monza,3,1
502530,Bundesliga,Bundesliga,2024,2025-01-18 14:30:00+00:00,FC Bayern München,VfL Wolfsburg,3,2
502528,Bundesliga,Bundesliga,2024,2025-01-18 14:30:00+00:00,VfB Stuttgart,SC Freiburg,4,0
502527,Bundesliga,Bundesliga,2024,2025-01-18 14:30:00+00:00,Holstein Kiel,TSG 1899 Hoffenheim,1,3
502525,Bundesliga,Bundesliga,2024,2025-01-18 14:30:00+00:00,VfL Bochum 1848,RB Leipzig,3,3
502532,Bundesliga,Bundesliga,2024,2025-01-18 14:30:00+00:00,1. FC Heidenheim 1846,FC St. Pauli 1910,0,2
497625,Premier League,Premier League,2024,2025-01-18 15:00:00+00:00,Brentford FC,Liverpool FC,0,2
500767,Championship,Championship,2024,2025-01-18 15:00:00+00:00,Sheffield United FC,Norwich City FC,2,0
497623,Premier League,Premier League,2024,2025-01-18 15:00:00+00:00,West Ham United FC,Crystal Palace FC,0,2
497624,Premier League,Premier League,2024,2025-01-18 15:00:00+00:00,Leicester City FC,Fulham FC,0,2
500768,Championship,Championship,2024,2025-01-18 15:00:00+00:00,West Bromwich Albion FC,Stoke City FC,1,1
500760,Championship,Championship,2024,2025-01-18 15:00:00+00:00,Derby County FC,Watford FC,0,2
500762,Championship,Championship,2024,2025-01-18 15:00:00+00:00,Luton Town FC,Preston North End FC,0,0
500764,Championship,Championship,2024,2025-01-18 15:00:00+00:00,Oxford United FC,Blackburn Rovers FC,1,0
500766,Championship,Championship,2024,2025-01-18 15:00:00+00:00,Portsmouth FC,Middlesbrough FC,2,1
500759,Championship,Championship,2024,2025-01-18 15:00:00+00:00,Coventry City FC,Bristol City FC,1,0
498805,Primera Division,Primera Division,2024,2025-01-18 15:15:00+00:00,CD Leganés,Club Atlético de Madrid,1,0
499160,Eredivisie,Eredivisie,2024,2025-01-18 15:30:00+00:00,PEC Zwolle,PSV,3,1
503870,Primeira Liga,Primeira Liga,2024,2025-01-18 15:30:00+00:00,CD Santa Clara,GD Estoril Praia,2,3
498105,Ligue 1,Ligue 1,2024,2025-01-18 16:00:00+00:00,Racing Club de Lens,Paris Saint-Germain FC,1,2
503250,Serie A,Serie A,2024,2025-01-18 17:00:00+00:00,Juventus FC,AC Milan,2,0
498803,Primera Division,Primera Division,2024,2025-01-18 17:30:00+00:00,Real Betis Balompié,Deportivo Alavés,1,3
502524,Bundesliga,Bundesliga,2024,2025-01-18 17:30:00+00:00,Bayer 04 Leverkusen,Borussia Mönchengladbach,3,1
497621,Premier League,Premier League,2024,2025-01-18 17:30:00+00:00,Arsenal FC,Aston Villa FC,2,2
499156,Eredivisie,Eredivisie,2024,2025-01-18 17:45:00+00:00,FC Utrecht,AZ,0,0
498112,Ligue 1,Ligue 1,2024,2025-01-18 18:00:00+00:00,Stade Rennais FC 1901,Stade Brestois 29,1,2
503872,Primeira Liga,Primeira Liga,2024,2025-01-18 18:00:00+00:00,Rio Ave FC,Sporting Clube de Portugal,0,3
499163,Eredivisie,Eredivisie,2024,2025-01-18 19:00:00+00:00,Willem II Tilburg,Feyenoord Rotterdam,1,1
503243,Serie A,Serie A,2024,2025-01-18 19:45:00+00:00,Atalanta BC,SSC Napoli,2,3
498807,Primera Division,Primera Division,2024,2025-01-18 20:00:00+00:00,Getafe CF,FC Barcelona,1,1
499157,Eredivisie,Eredivisie,2024,2025-01-18 20:00:00+00:00,Go Ahead Eagles,FC Groningen,2,1
498107,Ligue 1,Ligue 1,2024,2025-01-18 20:05:00+00:00,Olympique Lyonnais,Toulouse FC,0,0
503865,Primeira Liga,Primeira Liga,2024,2025-01-18 20:30:00+00:00,Vitória SC,FC Arouca,2,2
499158,Eredivisie,Eredivisie,2024,2025-01-19 11:15:00+00:00,NAC Breda,FC Twente '65,2,1
503247,Serie A,Serie A,2024,2025-01-19 11:30:00+00:00,ACF Fiorentina,Torino FC,1,1
500761,Championship,Championship,2024,2025-01-19 12:00:00+00:00,Leeds United FC,Sheffield Wednesday FC,3,0
498806,Primera Division,Primera Division,2024,2025-01-19 13:00:00+00:00,RC Celta de Vigo,Athletic Club,1,2
499161,Eredivisie,Eredivisie,2024,2025-01-19 13:30:00+00:00,SC Heerenveen,AFC Ajax,0,2
499155,Eredivisie,Eredivisie,2024,2025-01-19 13:30:00+00:00,Almere City FC,Heracles Almelo,0,2
498108,Ligue 1,Ligue 1,2024,2025-01-19 14:00:00+00:00,AS Saint-Étienne,FC Nantes,1,1
503251,Serie A,Serie A,2024,2025-01-19 14:00:00+00:00,Parma Calcio 1913,Venezia FC,1,1
497627,Premier League,Premier League,2024,2025-01-19 14:00:00+00:00,Nottingham Forest FC,Southampton FC,3,2
497628,Premier League,Premier League,2024,2025-01-19 14:00:00+00:00,Everton FC,Tottenham Hotspur FC,3,2
497622,Premier League,Premier League,2024,2025-01-19 14:00:00+00:00,Manchester United FC,Brighton & Hove Albion FC,1,3
503245,Serie A,Serie A,2024,2025-01-19 14:00:00+00:00,Cagliari Calcio,US Lecce,4,1
502531,Bundesliga,Bundesliga,2024,2025-01-19 14:30:00+00:00,1. FC Union Berlin,1. FSV Mainz 05,2,1
498811,Primera Division,Primera Division,2024,2025-01-19 15:15:00+00:00,Real Madrid CF,UD Las Palmas,4,1
503864,Primeira Liga,Primeira Liga,2024,2025-01-19 15:30:00+00:00,CD Nacional,AVS,3,1
503866,Primeira Liga,Primeira Liga,2024,2025-01-19 15:30:00+00:00,Moreirense FC,SC Farense,0,0
499159,Eredivisie,Eredivisie,2024,2025-01-19 15:45:00+00:00,NEC,Fortuna Sittard,4,1
498111,Ligue 1,Ligue 1,2024,2025-01-19 16:15:00+00:00,Angers SCO,AJ Auxerre,2,0
498110,Ligue 1,Ligue 1,2024,2025-01-19 16:15:00+00:00,Stade de Reims,Le Havre AC,1,1
502529,Bundesliga,Bundesliga,2024,2025-01-19 16:30:00+00:00,SV Werder Bremen,FC Augsburg,0,2
497626,Premier League,Premier League,2024,2025-01-19 16:30:00+00:00,Ipswich Town FC,Manchester City FC,0,6
503248,Serie A,Serie A,2024,2025-01-19 17:00:00+00:00,Hellas Verona FC,SS Lazio,0,3
498804,Primera Division,Primera Division,2024,2025-01-19 17:30:00+00:00,CA Osasuna,Rayo Vallecano de Madrid,1,1
503867,Primeira Liga,Primeira Liga,2024,2025-01-19 18:00:00+00:00,CF Estrela da Amadora,Sporting Clube de Braga,0,1
499162,Eredivisie,Eredivisie,2024,2025-01-19 19:00:00+00:00,Sparta Rotterdam,RKC Waalwijk,1,1
503249,Serie A,Serie A,2024,2025-01-19 19:45:00+00:00,FC Internazionale Milano,Empoli FC,3,1
498104,Ligue 1,Ligue 1,2024,2025-01-19 19:45:00+00:00,Olympique de Marseille,RC Strasbourg Alsace,1,1
498809,Primera Division,Primera Division,2024,2025-01-19 20:00:00+00:00,Valencia CF,Real Sociedad de Fútbol,1,0
503871,Primeira Liga,Primeira Liga,2024,2025-01-19 20:30:00+00:00,Gil Vicente FC,FC Porto,3,1
503246,Serie A,Serie A,2024,2025-01-20 19:45:00+00:00,Como 1907,Udinese Calcio,4,1
498810,Primera Division,Primera Division,2024,2025-01-20 20:00:00+00:00,Villarreal CF,RCD Mallorca,4,0
497629,Premier League,Premier League,2024,2025-01-20 20:00:00+00:00,Chelsea FC,Wolverhampton Wanderers FC,3,1
503869,Primeira Liga,Primeira Liga,2024,2025-01-20 20:15:00+00:00,Boavista FC,Casa Pia AC,2,3
524043,UEFA Champions League,UEFA Champions League,2024,2025-01-21 17:45:00+00:00,AS Monaco FC,Aston Villa FC,1,0
523975,UEFA Champions League,UEFA Champions League,2024,2025-01-21 17:45:00+00:00,Atalanta BC,SK Sturm Graz,5,0
500776,Championship,Championship,2024,2025-01-21 19:45:00+00:00,Watford FC,Preston North End FC,1,2
500775,Championship,Championship,2024,2025-01-21 19:45:00+00:00,Swansea City AFC,Sheffield United FC,1,2
500774,Championship,Championship,2024,2025-01-21 19:45:00+00:00,Oxford United FC,Luton Town FC,3,2
500772,Championship,Championship,2024,2025-01-21 19:45:00+00:00,Middlesbrough FC,West Bromwich Albion FC,2,0
500771,Championship,Championship,2024,2025-01-21 19:45:00+00:00,Hull City AFC,Queens Park Rangers FC,1,2
500770,Championship,Championship,2024,2025-01-21 19:45:00+00:00,Derby County FC,Sunderland AFC,0,1
500769,Championship,Championship,2024,2025-01-21 19:45:00+00:00,Blackburn Rovers FC,Coventry City FC,0,2
523989,UEFA Champions League,UEFA Champions League,2024,2025-01-21 20:00:00+00:00,Club Brugge KV,Juventus FC,0,0
523984,UEFA Champions League,UEFA Champions League,2024,2025-01-21 20:00:00+00:00,Sport Lisboa e Benfica,FC Barcelona,4,5
500773,Championship,Championship,2024,2025-01-21 20:00:00+00:00,Millwall FC,Cardiff City FC,2,2
524030,UEFA Champions League,UEFA Champions League,2024,2025-01-21 20:00:00+00:00,FK Crvena Zvezda,PSV,2,3
524059,UEFA Champions League,UEFA Champions League,2024,2025-01-21 20:00:00+00:00,ŠK Slovan Bratislava,VfB Stuttgart,1,3
524048,UEFA Champions League,UEFA Champions League,2024,2025-01-21 20:00:00+00:00,Bologna FC 1909,Borussia Dortmund,2,1
523977,UEFA Champions League,UEFA Champions League,2024,2025-01-21 20:00:00+00:00,Club Atlético de Madrid,Bayer 04 Leverkusen,2,1
523946,UEFA Champions League,UEFA Champions League,2024,2025-01-21 20:00:00+00:00,Liverpool FC,Lille OSC,2,1
523962,UEFA Champions League,UEFA Champions League,2024,2025-01-22 17:45:00+00:00,RB Leipzig,Sporting Clube de Portugal,2,1
524003,UEFA Champions League,UEFA Champions League,2024,2025-01-22 17:45:00+00:00,FK Shakhtar Donetsk,Stade Brestois 29,2,0
500779,Championship,Championship,2024,2025-01-22 19:45:00+00:00,Portsmouth FC,Stoke City FC,3,1
500780,Championship,Championship,2024,2025-01-22 19:45:00+00:00,Sheffield Wednesday FC,Bristol City FC,2,2
500777,Championship,Championship,2024,2025-01-22 19:45:00+00:00,Leeds United FC,Norwich City FC,2,0
523956,UEFA Champions League,UEFA Champions League,2024,2025-01-22 20:00:00+00:00,Paris Saint-Germain FC,Manchester City FC,4,2
523966,UEFA Champions League,UEFA Champions League,2024,2025-01-22 20:00:00+00:00,Real Madrid CF,FC Red Bull Salzburg,5,1
523971,UEFA Champions League,UEFA Champions League,2024,2025-01-22 20:00:00+00:00,AC Milan,Girona FC,1,0
523994,UEFA Champions League,UEFA Champions League,2024,2025-01-22 20:00:00+00:00,Arsenal FC,GNK Dinamo Zagreb,3,0
500778,Championship,Championship,2024,2025-01-22 20:00:00+00:00,Plymouth Argyle FC,Burnley FC,0,5
524012,UEFA Champions League,UEFA Champions League,2024,2025-01-22 20:00:00+00:00,Feyenoord Rotterdam,FC Bayern München,3,0
524060,UEFA Champions League,UEFA Champions League,2024,2025-01-22 20:00:00+00:00,AC Sparta Praha,FC Internazionale Milano,0,1
524006,UEFA Champions League,UEFA Champions League,2024,2025-01-22 20:00:00+00:00,Celtic FC,BSC Young Boys,1,0
499169,Eredivisie,Eredivisie,2024,2025-01-24 19:00:00+00:00,Heracles Almelo,FC Utrecht,1,1
502541,Bundesliga,Bundesliga,2024,2025-01-24 19:30:00+00:00,VfL Wolfsburg,Holstein Kiel,2,2
503260,Serie A,Serie A,2024,2025-01-24 19:45:00+00:00,Torino FC,Cagliari Calcio,2,0
498118,Ligue 1,Ligue 1,2024,2025-01-24 19:45:00+00:00,AJ Auxerre,AS Saint-Étienne,1,1
500789,Championship,Championship,2024,2025-01-24 20:00:00+00:00,Sheffield United FC,Hull City AFC,0,3
498821,Primera Division,Primera Division,2024,2025-01-24 20:00:00+00:00,UD Las Palmas,CA Osasuna,1,1
503860,Primeira Liga,Primeira Liga,2024,2025-01-24 20:15:00+00:00,FC Arouca,Moreirense FC,1,0
500785,Championship,Championship,2024,2025-01-25 12:30:00+00:00,Luton Town FC,Millwall FC,0,1
500790,Championship,Championship,2024,2025-01-25 12:30:00+00:00,Stoke City FC,Oxford United FC,0,0
500786,Championship,Championship,2024,2025-01-25 12:30:00+00:00,Norwich City FC,Swansea City AFC,5,1
498818,Primera Division,Primera Division,2024,2025-01-25 13:00:00+00:00,RCD Mallorca,Real Betis Balompié,0,1
503253,Serie A,Serie A,2024,2025-01-25 14:00:00+00:00,Como 1907,Atalanta BC,1,2
502534,Bundesliga,Bundesliga,2024,2025-01-25 14:30:00+00:00,1. FSV Mainz 05,VfB Stuttgart,2,0
502533,Bundesliga,Bundesliga,2024,2025-01-25 14:30:00+00:00,RB Leipzig,Bayer 04 Leverkusen,2,2
502535,Bundesliga,Bundesliga,2024,2025-01-25 14:30:00+00:00,SC Freiburg,FC Bayern München,1,2
502538,Bundesliga,Bundesliga,2024,2025-01-25 14:30:00+00:00,Borussia Dortmund,SV Werder Bremen,2,2
502537,Bundesliga,Bundesliga,2024,2025-01-25 14:30:00+00:00,FC Augsburg,1. FC Heidenheim 1846,2,1
497631,Premier League,Premier League,2024,2025-01-25 15:00:00+00:00,Liverpool FC,Ipswich Town FC,4,1
500781,Championship,Championship,2024,2025-01-25 15:00:00+00:00,Bristol City FC,Blackburn Rovers FC,2,1
500783,Championship,Championship,2024,2025-01-25 15:00:00+00:00,Cardiff City FC,Derby County FC,2,1
500784,Championship,Championship,2024,2025-01-25 15:00:00+00:00,Coventry City FC,Watford FC,2,1
500787,Championship,Championship,2024,2025-01-25 15:00:00+00:00,Preston North End FC,Middlesbrough FC,2,1
500788,Championship,Championship,2024,2025-01-25 15:00:00+00:00,Queens Park Rangers FC,Sheffield Wednesday FC,0,2
500791,Championship,Championship,2024,2025-01-25 15:00:00+00:00,Sunderland AFC,Plymouth Argyle FC,2,2
497634,Premier League,Premier League,2024,2025-01-25 15:00:00+00:00,Southampton FC,Newcastle United FC,1,3
497633,Premier League,Premier League,2024,2025-01-25 15:00:00+00:00,Brighton & Hove Albion FC,Everton FC,0,1
497632,Premier League,Premier League,2024,2025-01-25 15:00:00+00:00,Wolverhampton Wanderers FC,Arsenal FC,0,1
500792,Championship,Championship,2024,2025-01-25 15:00:00+00:00,West Bromwich Albion FC,Portsmouth FC,5,1
497635,Premier League,Premier League,2024,2025-01-25 15:00:00+00:00,AFC Bournemouth,Nottingham Forest FC,5,0
498814,Primera Division,Primera Division,2024,2025-01-25 15:15:00+00:00,Club Atlético de Madrid,Villarreal CF,1,1
503857,Primeira Liga,Primeira Liga,2024,2025-01-25 15:30:00+00:00,FC Famalicão,CF Estrela da Amadora,0,0
503862,Primeira Liga,Primeira Liga,2024,2025-01-25 15:30:00+00:00,SC Farense,Rio Ave FC,1,2
498115,Ligue 1,Ligue 1,2024,2025-01-25 16:00:00+00:00,AS Monaco FC,Stade Rennais FC 1901,3,2
503259,Serie A,Serie A,2024,2025-01-25 17:00:00+00:00,SSC Napoli,Juventus FC,2,1
502540,Bundesliga,Bundesliga,2024,2025-01-25 17:30:00+00:00,Borussia Mönchengladbach,VfL Bochum 1848,3,0
498822,Primera Division,Primera Division,2024,2025-01-25 17:30:00+00:00,Sevilla FC,RCD Espanyol de Barcelona,1,1
497638,Premier League,Premier League,2024,2025-01-25 17:30:00+00:00,Manchester City FC,Chelsea FC,3,1
499170,Eredivisie,Eredivisie,2024,2025-01-25 17:45:00+00:00,PSV,NAC Breda,3,2
498113,Ligue 1,Ligue 1,2024,2025-01-25 18:00:00+00:00,RC Strasbourg Alsace,Lille OSC,2,1
503858,Primeira Liga,Primeira Liga,2024,2025-01-25 18:00:00+00:00,Casa Pia AC,Sport Lisboa e Benfica,3,1
503254,Serie A,Serie A,2024,2025-01-25 19:45:00+00:00,Empoli FC,Bologna FC 1909,1,1
498820,Primera Division,Primera Division,2024,2025-01-25 20:00:00+00:00,Real Valladolid CF,Real Madrid CF,0,3
498120,Ligue 1,Ligue 1,2024,2025-01-25 20:05:00+00:00,Paris Saint-Germain FC,Stade de Reims,1,1
499166,Eredivisie,Eredivisie,2024,2025-01-25 20:15:00+00:00,FC Groningen,SC Heerenveen,1,0
503855,Primeira Liga,Primeira Liga,2024,2025-01-25 20:30:00+00:00,Sporting Clube de Portugal,CD Nacional,2,0
499168,Eredivisie,Eredivisie,2024,2025-01-26 11:15:00+00:00,Fortuna Sittard,PEC Zwolle,1,4
503258,Serie A,Serie A,2024,2025-01-26 11:30:00+00:00,AC Milan,Parma Calcio 1913,3,2
498817,Primera Division,Primera Division,2024,2025-01-26 13:00:00+00:00,Rayo Vallecano de Madrid,Girona FC,2,1
499171,Eredivisie,Eredivisie,2024,2025-01-26 13:30:00+00:00,RKC Waalwijk,Willem II Tilburg,2,0
497637,Premier League,Premier League,2024,2025-01-26 14:00:00+00:00,Crystal Palace FC,Brentford FC,1,2
498117,Ligue 1,Ligue 1,2024,2025-01-26 14:00:00+00:00,Le Havre AC,Stade Brestois 29,0,1
497639,Premier League,Premier League,2024,2025-01-26 14:00:00+00:00,Tottenham Hotspur FC,Leicester City FC,1,2
503261,Serie A,Serie A,2024,2025-01-26 14:00:00+00:00,Udinese Calcio,AS Roma,1,2
502536,Bundesliga,Bundesliga,2024,2025-01-26 14:30:00+00:00,TSG 1899 Hoffenheim,Eintracht Frankfurt,2,2
498819,Primera Division,Primera Division,2024,2025-01-26 15:15:00+00:00,Real Sociedad de Fútbol,Getafe CF,0,3
503863,Primeira Liga,Primeira Liga,2024,2025-01-26 15:30:00+00:00,GD Estoril Praia,Vitória SC,1,0
499165,Eredivisie,Eredivisie,2024,2025-01-26 15:45:00+00:00,AZ,Sparta Rotterdam,1,2
498119,Ligue 1,Ligue 1,2024,2025-01-26 16:15:00+00:00,Racing Club de Lens,Angers SCO,1,0
498116,Ligue 1,Ligue 1,2024,2025-01-26 16:15:00+00:00,Toulouse FC,Montpellier HSC,1,2
498114,Ligue 1,Ligue 1,2024,2025-01-26 16:15:00+00:00,FC Nantes,Olympique Lyonnais,1,1
497636,Premier League,Premier League,2024,2025-01-26 16:30:00+00:00,Aston Villa FC,West Ham United FC,1,1
502539,Bundesliga,Bundesliga,2024,2025-01-26 16:30:00+00:00,FC St. Pauli 1910,1. FC Union Berlin,3,0
503257,Serie A,Serie A,2024,2025-01-26 17:00:00+00:00,US Lecce,FC Internazionale Milano,0,4
498813,Primera Division,Primera Division,2024,2025-01-26 17:30:00+00:00,Athletic Club,CD Leganés,0,0
503859,Primeira Liga,Primeira Liga,2024,2025-01-26 18:00:00+00:00,FC Porto,CD Santa Clara,1,1
497630,Premier League,Premier League,2024,2025-01-26 19:00:00+00:00,Fulham FC,Manchester United FC,0,1
503256,Serie A,Serie A,2024,2025-01-26 19:45:00+00:00,SS Lazio,ACF Fiorentina,1,2
498121,Ligue 1,Ligue 1,2024,2025-01-26 19:45:00+00:00,OGC Nice,Olympique de Marseille,2,0
498816,Primera Division,Primera Division,2024,2025-01-26 20:00:00+00:00,FC Barcelona,Valencia CF,7,1
503856,Primeira Liga,Primeira Liga,2024,2025-01-26 20:30:00+00:00,Sporting Clube de Braga,Boavista FC,3,0
503262,Serie A,Serie A,2024,2025-01-27 17:30:00+00:00,Venezia FC,Hellas Verona FC,1,1
503255,Serie A,Serie A,2024,2025-01-27 19:45:00+00:00,Genoa CFC,AC Monza,2,0
498815,Primera Division,Primera Division,2024,2025-01-27 20:00:00+00:00,Deportivo Alavés,RC Celta de Vigo,1,1
500782,Championship,Championship,2024,2025-01-27 20:00:00+00:00,Burnley FC,Leeds United FC,0,0
503861,Primeira Liga,Primeira Liga,2024,2025-01-27 20:15:00+00:00,AVS,Gil Vicente FC,1,0
499141,Eredivisie,Eredivisie,2024,2025-01-28 19:00:00+00:00,Heracles Almelo,FC Groningen,1,1
500648,Championship,Championship,2024,2025-01-28 19:45:00+00:00,Portsmouth FC,Millwall FC,0,1
524046,UEFA Champions League,UEFA Champions League,2024,2025-01-29 20:00:00+00:00,Aston Villa FC,Celtic FC,4,2
523951,UEFA Champions League,UEFA Champions League,2024,2025-01-29 20:00:00+00:00,FC Internazionale Milano,AS Monaco FC,3,0
523953,UEFA Champions League,UEFA Champions League,2024,2025-01-29 20:00:00+00:00,Manchester City FC,Club Brugge KV,3,1
523983,UEFA Champions League,UEFA Champions League,2024,2025-01-29 20:00:00+00:00,Bayer 04 Leverkusen,AC Sparta Praha,2,0
523997,UEFA Champions League,UEFA Champions League,2024,2025-01-29 20:00:00+00:00,Juventus FC,Sport Lisboa e Benfica,0,2
524009,UEFA Champions League,UEFA Champions League,2024,2025-01-29 20:00:00+00:00,GNK Dinamo Zagreb,AC Milan,2,1
524018,UEFA Champions League,UEFA Champions League,2024,2025-01-29 20:00:00+00:00,Lille OSC,Feyenoord Rotterdam,6,1
524035,UEFA Champions League,UEFA Champions League,2024,2025-01-29 20:00:00+00:00,Sporting Clube de Portugal,Bologna FC 1909,1,1
524020,UEFA Champions League,UEFA Champions League,2024,2025-01-29 20:00:00+00:00,PSV,Liverpool FC,3,2
524025,UEFA Champions League,UEFA Champions League,2024,2025-01-29 20:00:00+00:00,FC Red Bull Salzburg,Club Atlético de Madrid,1,4
523937,UEFA Champions League,UEFA Champions League,2024,2025-01-29 20:00:00+00:00,Borussia Dortmund,FK Shakhtar Donetsk,3,1
523935,UEFA Champions League,UEFA Champions League,2024,2025-01-29 20:00:00+00:00,FC Bayern München,ŠK Slovan Bratislava,3,1
524053,UEFA Champions League,UEFA Champions League,2024,2025-01-29 20:00:00+00:00,Girona FC,Arsenal FC,1,2
524064,UEFA Champions League,UEFA Champions League,2024,2025-01-29 20:00:00+00:00,Stade Brestois 29,Real Madrid CF,0,3
524068,UEFA Champions League,UEFA Champions League,2024,2025-01-29 20:00:00+00:00,SK Sturm Graz,RB Leipzig,1,0
524072,UEFA Champions League,UEFA Champions League,2024,2025-01-29 20:00:00+00:00,VfB Stuttgart,Paris Saint-Germain FC,1,4
523941,UEFA Champions League,UEFA Champions League,2024,2025-01-29 20:00:00+00:00,FC Barcelona,Atalanta BC,2,2
524038,UEFA Champions League,UEFA Champions League,2024,2025-01-29 20:00:00+00:00,BSC Young Boys,FK Crvena Zvezda,0,1
499176,Eredivisie,Eredivisie,2024,2025-01-31 19:00:00+00:00,NAC Breda,Heracles Almelo,1,1
502548,Bundesliga,Bundesliga,2024,2025-01-31 19:30:00+00:00,SV Werder Bremen,1. FSV Mainz 05,1,0
498124,Ligue 1,Ligue 1,2024,2025-01-31 19:45:00+00:00,Montpellier HSC,Racing Club de Lens,0,2
503270,Serie A,Serie A,2024,2025-01-31 19:45:00+00:00,Parma Calcio 1913,US Lecce,1,3
498826,Primera Division,Primera Division,2024,2025-01-31 20:00:00+00:00,CD Leganés,Rayo Vallecano de Madrid,0,1
500793,Championship,Championship,2024,2025-01-31 20:00:00+00:00,Blackburn Rovers FC,Preston North End FC,2,1
503853,Primeira Liga,Primeira Liga,2024,2025-01-31 20:15:00+00:00,Boavista FC,FC Famalicão,0,2
497641,Premier League,Premier League,2024,2025-02-01 12:30:00+00:00,Nottingham Forest FC,Brighton & Hove Albion FC,7,0
500799,Championship,Championship,2024,2025-02-01 12:30:00+00:00,Oxford United FC,Bristol City FC,1,1
500800,Championship,Championship,2024,2025-02-01 12:30:00+00:00,Plymouth Argyle FC,West Bromwich Albion FC,2,1
500804,Championship,Championship,2024,2025-02-01 12:30:00+00:00,Watford FC,Norwich City FC,0,1
498828,Primera Division,Primera Division,2024,2025-02-01 13:00:00+00:00,Getafe CF,Sevilla FC,0,0
503269,Serie A,Serie A,2024,2025-02-01 14:00:00+00:00,AC Monza,Hellas Verona FC,0,1
503272,Serie A,Serie A,2024,2025-02-01 14:00:00+00:00,Udinese Calcio,Venezia FC,3,2
502549,Bundesliga,Bundesliga,2024,2025-02-01 14:30:00+00:00,VfB Stuttgart,Borussia Mönchengladbach,1,2
502546,Bundesliga,Bundesliga,2024,2025-02-01 14:30:00+00:00,FC St. Pauli 1910,FC Augsburg,1,1
502545,Bundesliga,Bundesliga,2024,2025-02-01 14:30:00+00:00,VfL Bochum 1848,SC Freiburg,0,1
502543,Bundesliga,Bundesliga,2024,2025-02-01 14:30:00+00:00,1. FC Heidenheim 1846,Borussia Dortmund,1,2
502550,Bundesliga,Bundesliga,2024,2025-02-01 14:30:00+00:00,FC Bayern München,Holstein Kiel,4,3
497647,Premier League,Premier League,2024,2025-02-01 15:00:00+00:00,Ipswich Town FC,Southampton FC,1,2
497645,Premier League,Premier League,2024,2025-02-01 15:00:00+00:00,AFC Bournemouth,Liverpool FC,0,2
497644,Premier League,Premier League,2024,2025-02-01 15:00:00+00:00,Everton FC,Leicester City FC,4,0
497643,Premier League,Premier League,2024,2025-02-01 15:00:00+00:00,Newcastle United FC,Fulham FC,1,2
500803,Championship,Championship,2024,2025-02-01 15:00:00+00:00,Swansea City AFC,Coventry City FC,0,2
500802,Championship,Championship,2024,2025-02-01 15:00:00+00:00,Sheffield Wednesday FC,Luton Town FC,1,1
500801,Championship,Championship,2024,2025-02-01 15:00:00+00:00,Portsmouth FC,Burnley FC,0,0
500798,Championship,Championship,2024,2025-02-01 15:00:00+00:00,Millwall FC,Queens Park Rangers FC,2,1
500796,Championship,Championship,2024,2025-02-01 15:00:00+00:00,Leeds United FC,Cardiff City FC,7,0
500795,Championship,Championship,2024,2025-02-01 15:00:00+00:00,Hull City AFC,Stoke City FC,1,2
500794,Championship,Championship,2024,2025-02-01 15:00:00+00:00,Derby County FC,Sheffield United FC,0,1
498831,Primera Division,Primera Division,2024,2025-02-01 15:15:00+00:00,Villarreal CF,Real Valladolid CF,5,1
503852,Primeira Liga,Primeira Liga,2024,2025-02-01 15:30:00+00:00,CD Santa Clara,Casa Pia AC,2,1
503846,Primeira Liga,Primeira Liga,2024,2025-02-01 15:30:00+00:00,CD Nacional,FC Arouca,1,2
498123,Ligue 1,Ligue 1,2024,2025-02-01 16:00:00+00:00,Stade Brestois 29,Paris Saint-Germain FC,2,5
503263,Serie A,Serie A,2024,2025-02-01 17:00:00+00:00,Atalanta BC,Torino FC,1,1
498823,Primera Division,Primera Division,2024,2025-02-01 17:30:00+00:00,Club Atlético de Madrid,RCD Mallorca,2,0
497640,Premier League,Premier League,2024,2025-02-01 17:30:00+00:00,Wolverhampton Wanderers FC,Aston Villa FC,2,0
502542,Bundesliga,Bundesliga,2024,2025-02-01 17:30:00+00:00,1. FC Union Berlin,RB Leipzig,0,0
499178,Eredivisie,Eredivisie,2024,2025-02-01 17:45:00+00:00,PEC Zwolle,FC Utrecht,3,3
498130,Ligue 1,Ligue 1,2024,2025-02-01 18:00:00+00:00,AS Monaco FC,AJ Auxerre,4,2
503850,Primeira Liga,Primeira Liga,2024,2025-02-01 18:00:00+00:00,Gil Vicente FC,GD Estoril Praia,1,2
499179,Eredivisie,Eredivisie,2024,2025-02-01 19:00:00+00:00,SC Heerenveen,Fortuna Sittard,2,2
503264,Serie A,Serie A,2024,2025-02-01 19:45:00+00:00,Bologna FC 1909,Como 1907,2,0
499177,Eredivisie,Eredivisie,2024,2025-02-01 20:00:00+00:00,NEC,PSV,3,3
498832,Primera Division,Primera Division,2024,2025-02-01 20:00:00+00:00,RCD Espanyol de Barcelona,Real Madrid CF,1,0
498125,Ligue 1,Ligue 1,2024,2025-02-01 20:05:00+00:00,Lille OSC,AS Saint-Étienne,4,1
503854,Primeira Liga,Primeira Liga,2024,2025-02-01 20:30:00+00:00,Vitória SC,AVS,2,0
499174,Eredivisie,Eredivisie,2024,2025-02-02 11:15:00+00:00,Almere City FC,RKC Waalwijk,1,4
503267,Serie A,Serie A,2024,2025-02-02 11:30:00+00:00,Juventus FC,Empoli FC,4,1
498827,Primera Division,Primera Division,2024,2025-02-02 13:00:00+00:00,FC Barcelona,Deportivo Alavés,1,0
499175,Eredivisie,Eredivisie,2024,2025-02-02 13:30:00+00:00,Go Ahead Eagles,FC Twente '65,2,2
499173,Eredivisie,Eredivisie,2024,2025-02-02 13:30:00+00:00,AFC Ajax,Feyenoord Rotterdam,2,1
503266,Serie A,Serie A,2024,2025-02-02 14:00:00+00:00,ACF Fiorentina,Genoa CFC,2,1
498128,Ligue 1,Ligue 1,2024,2025-02-02 14:00:00+00:00,Toulouse FC,OGC Nice,1,1
497642,Premier League,Premier League,2024,2025-02-02 14:00:00+00:00,Manchester United FC,Crystal Palace FC,0,2
497648,Premier League,Premier League,2024,2025-02-02 14:00:00+00:00,Brentford FC,Tottenham Hotspur FC,0,2
502547,Bundesliga,Bundesliga,2024,2025-02-02 14:30:00+00:00,Eintracht Frankfurt,VfL Wolfsburg,1,1
498830,Primera Division,Primera Division,2024,2025-02-02 15:15:00+00:00,Valencia CF,RC Celta de Vigo,2,1
499180,Eredivisie,Eredivisie,2024,2025-02-02 15:45:00+00:00,Sparta Rotterdam,FC Groningen,1,0
498126,Ligue 1,Ligue 1,2024,2025-02-02 16:15:00+00:00,Stade de Reims,FC Nantes,1,2
498129,Ligue 1,Ligue 1,2024,2025-02-02 16:15:00+00:00,Stade Rennais FC 1901,RC Strasbourg Alsace,1,0
498127,Ligue 1,Ligue 1,2024,2025-02-02 16:15:00+00:00,Angers SCO,Le Havre AC,1,1
497646,Premier League,Premier League,2024,2025-02-02 16:30:00+00:00,Arsenal FC,Manchester City FC,5,1
502544,Bundesliga,Bundesliga,2024,2025-02-02 16:30:00+00:00,Bayer 04 Leverkusen,TSG 1899 Hoffenheim,3,1
503268,Serie A,Serie A,2024,2025-02-02 17:00:00+00:00,AC Milan,FC Internazionale Milano,1,1
498825,Primera Division,Primera Division,2024,2025-02-02 17:30:00+00:00,CA Osasuna,Real Sociedad de Fútbol,2,1
503851,Primeira Liga,Primeira Liga,2024,2025-02-02 18:00:00+00:00,Sporting Clube de Portugal,SC Farense,3,1
499181,Eredivisie,Eredivisie,2024,2025-02-02 19:00:00+00:00,Willem II Tilburg,AZ,0,2
498122,Ligue 1,Ligue 1,2024,2025-02-02 19:45:00+00:00,Olympique de Marseille,Olympique Lyonnais,3,2
503271,Serie A,Serie A,2024,2025-02-02 19:45:00+00:00,AS Roma,SSC Napoli,1,1
498824,Primera Division,Primera Division,2024,2025-02-02 20:00:00+00:00,Real Betis Balompié,Athletic Club,2,2
503849,Primeira Liga,Primeira Liga,2024,2025-02-02 20:30:00+00:00,CF Estrela da Amadora,Sport Lisboa e Benfica,2,3
503848,Primeira Liga,Primeira Liga,2024,2025-02-03 18:45:00+00:00,Moreirense FC,Sporting Clube de Braga,1,2
503265,Serie A,Serie A,2024,2025-02-03 19:45:00+00:00,Cagliari Calcio,SS Lazio,1,2
500797,Championship,Championship,2024,2025-02-03 20:00:00+00:00,Middlesbrough FC,Sunderland AFC,2,3
497649,Premier League,Premier League,2024,2025-02-03 20:00:00+00:00,Chelsea FC,West Ham United FC,2,1
498829,Primera Division,Primera Division,2024,2025-02-03 20:00:00+00:00,Girona FC,UD Las Palmas,2,1
503847,Primeira Liga,Primeira Liga,2024,2025-02-03 20:45:00+00:00,Rio Ave FC,FC Porto,2,2
500806,Championship,Championship,2024,2025-02-04 19:45:00+00:00,Burnley FC,Oxford United FC,1,0
500812,Championship,Championship,2024,2025-02-04 19:45:00+00:00,Queens Park Rangers FC,Blackburn Rovers FC,2,1
500808,Championship,Championship,2024,2025-02-05 19:45:00+00:00,Coventry City FC,Leeds United FC,0,2
503176,Serie A,Serie A,2024,2025-02-06 19:45:00+00:00,ACF Fiorentina,FC Internazionale Milano,3,0
498132,Ligue 1,Ligue 1,2024,2025-02-07 18:00:00+00:00,FC Nantes,Stade Brestois 29,0,2
502555,Bundesliga,Bundesliga,2024,2025-02-07 19:30:00+00:00,FC Bayern München,SV Werder Bremen,3,0
503274,Serie A,Serie A,2024,2025-02-07 19:45:00+00:00,Como 1907,Juventus FC,1,2
498838,Primera Division,Primera Division,2024,2025-02-07 20:00:00+00:00,Rayo Vallecano de Madrid,Real Valladolid CF,1,0
498136,Ligue 1,Ligue 1,2024,2025-02-07 20:05:00+00:00,Paris Saint-Germain FC,AS Monaco FC,4,1
503837,Primeira Liga,Primeira Liga,2024,2025-02-07 20:15:00+00:00,FC Porto,Sporting Clube de Portugal,1,1
500816,Championship,Championship,2024,2025-02-08 12:30:00+00:00,West Bromwich Albion FC,Sheffield Wednesday FC,2,1
500815,Championship,Championship,2024,2025-02-08 12:30:00+00:00,Sunderland AFC,Watford FC,2,2
498834,Primera Division,Primera Division,2024,2025-02-08 13:00:00+00:00,RC Celta de Vigo,Real Betis Balompié,3,2
503276,Serie A,Serie A,2024,2025-02-08 14:00:00+00:00,Hellas Verona FC,Atalanta BC,0,5
502557,Bundesliga,Bundesliga,2024,2025-02-08 14:30:00+00:00,TSG 1899 Hoffenheim,1. FC Union Berlin,0,4
502556,Bundesliga,Bundesliga,2024,2025-02-08 14:30:00+00:00,1. FSV Mainz 05,FC Augsburg,0,0
502554,Bundesliga,Bundesliga,2024,2025-02-08 14:30:00+00:00,SC Freiburg,1. FC Heidenheim 1846,1,0
502551,Bundesliga,Bundesliga,2024,2025-02-08 14:30:00+00:00,VfL Wolfsburg,Bayer 04 Leverkusen,0,0
502552,Bundesliga,Bundesliga,2024,2025-02-08 14:30:00+00:00,Borussia Dortmund,VfB Stuttgart,1,2
500810,Championship,Championship,2024,2025-02-08 15:00:00+00:00,Norwich City FC,Derby County FC,1,1
500813,Championship,Championship,2024,2025-02-08 15:00:00+00:00,Sheffield United FC,Portsmouth FC,2,1
498833,Primera Division,Primera Division,2024,2025-02-08 15:15:00+00:00,Athletic Club,Girona FC,3,0
499187,Eredivisie,Eredivisie,2024,2025-02-08 15:30:00+00:00,Heracles Almelo,Go Ahead Eagles,4,2
503841,Primeira Liga,Primeira Liga,2024,2025-02-08 15:30:00+00:00,AVS,CD Santa Clara,1,2
498139,Ligue 1,Ligue 1,2024,2025-02-08 16:00:00+00:00,OGC Nice,Racing Club de Lens,2,0
503275,Serie A,Serie A,2024,2025-02-08 17:00:00+00:00,Empoli FC,AC Milan,0,2
498841,Primera Division,Primera Division,2024,2025-02-08 17:30:00+00:00,UD Las Palmas,Villarreal CF,1,2
502553,Bundesliga,Bundesliga,2024,2025-02-08 17:30:00+00:00,Borussia Mönchengladbach,Eintracht Frankfurt,1,1
499188,Eredivisie,Eredivisie,2024,2025-02-08 17:45:00+00:00,PSV,Willem II Tilburg,1,1
503839,Primeira Liga,Primeira Liga,2024,2025-02-08 18:00:00+00:00,Sport Lisboa e Benfica,Moreirense FC,3,2
498134,Ligue 1,Ligue 1,2024,2025-02-08 18:00:00+00:00,Lille OSC,Le Havre AC,1,2
499183,Eredivisie,Eredivisie,2024,2025-02-08 19:00:00+00:00,FC Groningen,NEC,2,1
503281,Serie A,Serie A,2024,2025-02-08 19:45:00+00:00,Torino FC,Genoa CFC,1,1
499185,Eredivisie,Eredivisie,2024,2025-02-08 20:00:00+00:00,Feyenoord Rotterdam,Sparta Rotterdam,3,0
498840,Primera Division,Primera Division,2024,2025-02-08 20:00:00+00:00,Real Madrid CF,Club Atlético de Madrid,1,1
498135,Ligue 1,Ligue 1,2024,2025-02-08 20:05:00+00:00,AS Saint-Étienne,Stade Rennais FC 1901,0,2
503843,Primeira Liga,Primeira Liga,2024,2025-02-08 20:30:00+00:00,FC Famalicão,Vitória SC,0,0
499184,Eredivisie,Eredivisie,2024,2025-02-09 11:15:00+00:00,FC Utrecht,Almere City FC,0,1
503282,Serie A,Serie A,2024,2025-02-09 11:30:00+00:00,Venezia FC,AS Roma,0,1
500805,Championship,Championship,2024,2025-02-09 12:00:00+00:00,Bristol City FC,Swansea City AFC,0,1
498835,Primera Division,Primera Division,2024,2025-02-09 13:00:00+00:00,Deportivo Alavés,Getafe CF,0,1
499189,Eredivisie,Eredivisie,2024,2025-02-09 13:30:00+00:00,RKC Waalwijk,NAC Breda,5,0
499186,Eredivisie,Eredivisie,2024,2025-02-09 13:30:00+00:00,Fortuna Sittard,AFC Ajax,0,2
503278,Serie A,Serie A,2024,2025-02-09 14:00:00+00:00,SS Lazio,AC Monza,5,1
498137,Ligue 1,Ligue 1,2024,2025-02-09 14:00:00+00:00,Olympique Lyonnais,Stade de Reims,4,0
503273,Serie A,Serie A,2024,2025-02-09 14:00:00+00:00,Cagliari Calcio,Parma Calcio 1913,2,1
502558,Bundesliga,Bundesliga,2024,2025-02-09 14:30:00+00:00,Holstein Kiel,VfL Bochum 1848,2,2
498837,Primera Division,Primera Division,2024,2025-02-09 15:15:00+00:00,Valencia CF,CD Leganés,2,0
503838,Primeira Liga,Primeira Liga,2024,2025-02-09 15:30:00+00:00,GD Estoril Praia,Boavista FC,2,1
503844,Primeira Liga,Primeira Liga,2024,2025-02-09 15:30:00+00:00,SC Farense,CD Nacional,0,2
499182,Eredivisie,Eredivisie,2024,2025-02-09 15:45:00+00:00,AZ,PEC Zwolle,2,0
499190,Eredivisie,Eredivisie,2024,2025-02-09 15:45:00+00:00,SC Heerenveen,FC Twente '65,3,3
498133,Ligue 1,Ligue 1,2024,2025-02-09 16:15:00+00:00,RC Strasbourg Alsace,Montpellier HSC,2,0
498131,Ligue 1,Ligue 1,2024,2025-02-09 16:15:00+00:00,AJ Auxerre,Toulouse FC,2,2
502559,Bundesliga,Bundesliga,2024,2025-02-09 16:30:00+00:00,RB Leipzig,FC St. Pauli 1910,2,0
503279,Serie A,Serie A,2024,2025-02-09 17:00:00+00:00,US Lecce,Bologna FC 1909,0,0
498842,Primera Division,Primera Division,2024,2025-02-09 17:30:00+00:00,Real Sociedad de Fútbol,RCD Espanyol de Barcelona,2,1
503840,Primeira Liga,Primeira Liga,2024,2025-02-09 18:00:00+00:00,Sporting Clube de Braga,Gil Vicente FC,2,0
503280,Serie A,Serie A,2024,2025-02-09 19:45:00+00:00,SSC Napoli,Udinese Calcio,1,1
498138,Ligue 1,Ligue 1,2024,2025-02-09 19:45:00+00:00,Angers SCO,Olympique de Marseille,0,2
498836,Primera Division,Primera Division,2024,2025-02-09 20:00:00+00:00,Sevilla FC,FC Barcelona,1,4
503845,Primeira Liga,Primeira Liga,2024,2025-02-09 20:30:00+00:00,Casa Pia AC,CF Estrela da Amadora,1,0
503277,Serie A,Serie A,2024,2025-02-10 19:45:00+00:00,FC Internazionale Milano,ACF Fiorentina,2,1
498839,Primera Division,Primera Division,2024,2025-02-10 20:00:00+00:00,RCD Mallorca,CA Osasuna,1,1
503842,Primeira Liga,Primeira Liga,2024,2025-02-10 20:15:00+00:00,FC Arouca,Rio Ave FC,1,1
524076,UEFA Champions League,UEFA Champions League,2024,2025-02-11 17:45:00+00:00,Stade Brestois 29,Paris Saint-Germain FC,0,3
500824,Championship,Championship,2024,2025-02-11 19:45:00+00:00,Watford FC,Leeds United FC,0,4
500822,Championship,Championship,2024,2025-02-11 19:45:00+00:00,Portsmouth FC,Cardiff City FC,2,1
500819,Championship,Championship,2024,2025-02-11 19:45:00+00:00,Derby County FC,Oxford United FC,0,0
500818,Championship,Championship,2024,2025-02-11 19:45:00+00:00,Coventry City FC,Queens Park Rangers FC,1,0
500820,Championship,Championship,2024,2025-02-11 20:00:00+00:00,Norwich City FC,Preston North End FC,0,1
524077,UEFA Champions League,UEFA Champions League,2024,2025-02-11 20:00:00+00:00,Manchester City FC,Real Madrid CF,2,3
524081,UEFA Champions League,UEFA Champions League,2024,2025-02-11 20:00:00+00:00,Juventus FC,PSV,2,1
524082,UEFA Champions League,UEFA Champions League,2024,2025-02-11 20:00:00+00:00,Sporting Clube de Portugal,Borussia Dortmund,0,3
524080,UEFA Champions League,UEFA Champions League,2024,2025-02-12 17:45:00+00:00,Club Brugge KV,Atalanta BC,2,1
497553,Premier League,Premier League,2024,2025-02-12 19:30:00+00:00,Everton FC,Liverpool FC,2,2
500827,Championship,Championship,2024,2025-02-12 19:45:00+00:00,Sunderland AFC,Luton Town FC,2,0
500823,Championship,Championship,2024,2025-02-12 19:45:00+00:00,Swansea City AFC,Sheffield Wednesday FC,0,1
500817,Championship,Championship,2024,2025-02-12 19:45:00+00:00,Bristol City FC,Stoke City FC,2,0
500821,Championship,Championship,2024,2025-02-12 19:45:00+00:00,Plymouth Argyle FC,Millwall FC,5,1
500825,Championship,Championship,2024,2025-02-12 19:45:00+00:00,Burnley FC,Hull City AFC,2,0
524078,UEFA Champions League,UEFA Champions League,2024,2025-02-12 20:00:00+00:00,AS Monaco FC,Sport Lisboa e Benfica,0,1
524079,UEFA Champions League,UEFA Champions League,2024,2025-02-12 20:00:00+00:00,Celtic FC,FC Bayern München,1,2
524083,UEFA Champions League,UEFA Champions League,2024,2025-02-12 20:00:00+00:00,Feyenoord Rotterdam,AC Milan,1,0
500828,Championship,Championship,2024,2025-02-12 20:00:00+00:00,West Bromwich Albion FC,Blackburn Rovers FC,0,2
500826,Championship,Championship,2024,2025-02-12 20:00:00+00:00,Sheffield United FC,Middlesbrough FC,3,1
499193,Eredivisie,Eredivisie,2024,2025-02-14 19:00:00+00:00,Go Ahead Eagles,Sparta Rotterdam,1,0
502561,Bundesliga,Bundesliga,2024,2025-02-14 19:30:00+00:00,FC Augsburg,RB Leipzig,0,0
498144,Ligue 1,Ligue 1,2024,2025-02-14 19:45:00+00:00,Stade Brestois 29,AJ Auxerre,2,2
503284,Serie A,Serie A,2024,2025-02-14 19:45:00+00:00,Bologna FC 1909,Torino FC,3,2
497653,Premier League,Premier League,2024,2025-02-14 20:00:00+00:00,Brighton & Hove Albion FC,Chelsea FC,3,0
498848,Primera Division,Primera Division,2024,2025-02-14 20:00:00+00:00,Girona FC,Getafe CF,1,2
500838,Championship,Championship,2024,2025-02-14 20:00:00+00:00,Queens Park Rangers FC,Derby County FC,4,0
503835,Primeira Liga,Primeira Liga,2024,2025-02-14 20:15:00+00:00,Boavista FC,CF Estrela da Amadora,0,1
500830,Championship,Championship,2024,2025-02-15 12:30:00+00:00,Cardiff City FC,Bristol City FC,1,1
500836,Championship,Championship,2024,2025-02-15 12:30:00+00:00,Oxford United FC,Portsmouth FC,0,2
500837,Championship,Championship,2024,2025-02-15 12:30:00+00:00,Preston North End FC,Burnley FC,0,0
497651,Premier League,Premier League,2024,2025-02-15 12:30:00+00:00,Leicester City FC,Arsenal FC,0,2
498846,Primera Division,Primera Division,2024,2025-02-15 13:00:00+00:00,CD Leganés,Deportivo Alavés,3,3
503283,Serie A,Serie A,2024,2025-02-15 14:00:00+00:00,Atalanta BC,Cagliari Calcio,0,0
502564,Bundesliga,Bundesliga,2024,2025-02-15 14:30:00+00:00,FC St. Pauli 1910,SC Freiburg,0,1
502565,Bundesliga,Bundesliga,2024,2025-02-15 14:30:00+00:00,VfB Stuttgart,VfL Wolfsburg,1,2
502567,Bundesliga,Bundesliga,2024,2025-02-15 14:30:00+00:00,1. FC Union Berlin,Borussia Mönchengladbach,1,2
502562,Bundesliga,Bundesliga,2024,2025-02-15 14:30:00+00:00,VfL Bochum 1848,Borussia Dortmund,2,0
500829,Championship,Championship,2024,2025-02-15 15:00:00+00:00,Blackburn Rovers FC,Plymouth Argyle FC,2,0
500833,Championship,Championship,2024,2025-02-15 15:00:00+00:00,Luton Town FC,Sheffield United FC,0,1
497655,Premier League,Premier League,2024,2025-02-15 15:00:00+00:00,Aston Villa FC,Ipswich Town FC,1,1
497657,Premier League,Premier League,2024,2025-02-15 15:00:00+00:00,Manchester City FC,Newcastle United FC,4,0
500834,Championship,Championship,2024,2025-02-15 15:00:00+00:00,Middlesbrough FC,Watford FC,0,1
500831,Championship,Championship,2024,2025-02-15 15:00:00+00:00,Hull City AFC,Norwich City FC,1,1
500835,Championship,Championship,2024,2025-02-15 15:00:00+00:00,Millwall FC,West Bromwich Albion FC,1,1
500839,Championship,Championship,2024,2025-02-15 15:00:00+00:00,Sheffield Wednesday FC,Coventry City FC,1,2
500840,Championship,Championship,2024,2025-02-15 15:00:00+00:00,Stoke City FC,Swansea City AFC,3,1
497650,Premier League,Premier League,2024,2025-02-15 15:00:00+00:00,Southampton FC,AFC Bournemouth,1,3
497658,Premier League,Premier League,2024,2025-02-15 15:00:00+00:00,Fulham FC,Nottingham Forest FC,2,1
497652,Premier League,Premier League,2024,2025-02-15 15:00:00+00:00,West Ham United FC,Brentford FC,0,1
498845,Primera Division,Primera Division,2024,2025-02-15 15:15:00+00:00,CA Osasuna,Real Madrid CF,1,1
503828,Primeira Liga,Primeira Liga,2024,2025-02-15 15:30:00+00:00,Moreirense FC,Casa Pia AC,3,2
499197,Eredivisie,Eredivisie,2024,2025-02-15 15:30:00+00:00,PSV,FC Utrecht,2,2
498141,Ligue 1,Ligue 1,2024,2025-02-15 16:00:00+00:00,Olympique de Marseille,AS Saint-Étienne,5,1
503288,Serie A,Serie A,2024,2025-02-15 17:00:00+00:00,SS Lazio,SSC Napoli,2,2
503832,Primeira Liga,Primeira Liga,2024,2025-02-15 17:00:00+00:00,CD Nacional,GD Estoril Praia,2,2
497654,Premier League,Premier League,2024,2025-02-15 17:30:00+00:00,Crystal Palace FC,Everton FC,1,2
502560,Bundesliga,Bundesliga,2024,2025-02-15 17:30:00+00:00,Bayer 04 Leverkusen,FC Bayern München,0,0
498843,Primera Division,Primera Division,2024,2025-02-15 17:30:00+00:00,Club Atlético de Madrid,RC Celta de Vigo,1,1
499194,Eredivisie,Eredivisie,2024,2025-02-15 17:45:00+00:00,NAC Breda,Feyenoord Rotterdam,0,0
498148,Ligue 1,Ligue 1,2024,2025-02-15 18:00:00+00:00,AS Monaco FC,FC Nantes,7,1
503831,Primeira Liga,Primeira Liga,2024,2025-02-15 18:00:00+00:00,CD Santa Clara,Sport Lisboa e Benfica,0,1
503289,Serie A,Serie A,2024,2025-02-15 19:45:00+00:00,AC Milan,Hellas Verona FC,1,0
498849,Primera Division,Primera Division,2024,2025-02-15 20:00:00+00:00,Villarreal CF,Valencia CF,1,1
499199,Eredivisie,Eredivisie,2024,2025-02-15 20:00:00+00:00,Willem II Tilburg,FC Groningen,1,3
498140,Ligue 1,Ligue 1,2024,2025-02-15 20:05:00+00:00,Toulouse FC,Paris Saint-Germain FC,0,1
503830,Primeira Liga,Primeira Liga,2024,2025-02-15 20:30:00+00:00,Sporting Clube de Portugal,FC Arouca,2,2
499195,Eredivisie,Eredivisie,2024,2025-02-16 11:15:00+00:00,NEC,Almere City FC,2,2
503285,Serie A,Serie A,2024,2025-02-16 11:30:00+00:00,ACF Fiorentina,Como 1907,0,2
498852,Primera Division,Primera Division,2024,2025-02-16 13:00:00+00:00,RCD Espanyol de Barcelona,Athletic Club,1,1
499196,Eredivisie,Eredivisie,2024,2025-02-16 13:30:00+00:00,PEC Zwolle,SC Heerenveen,1,1
499198,Eredivisie,Eredivisie,2024,2025-02-16 13:30:00+00:00,FC Twente '65,RKC Waalwijk,2,0
503290,Serie A,Serie A,2024,2025-02-16 14:00:00+00:00,AC Monza,US Lecce,0,0
503292,Serie A,Serie A,2024,2025-02-16 14:00:00+00:00,Udinese Calcio,Empoli FC,3,0
497659,Premier League,Premier League,2024,2025-02-16 14:00:00+00:00,Liverpool FC,Wolverhampton Wanderers FC,2,1
498142,Ligue 1,Ligue 1,2024,2025-02-16 14:00:00+00:00,Montpellier HSC,Olympique Lyonnais,1,4
502563,Bundesliga,Bundesliga,2024,2025-02-16 14:30:00+00:00,SV Werder Bremen,TSG 1899 Hoffenheim,1,3
498851,Primera Division,Primera Division,2024,2025-02-16 15:15:00+00:00,Real Valladolid CF,Sevilla FC,0,4
503836,Primeira Liga,Primeira Liga,2024,2025-02-16 15:30:00+00:00,Rio Ave FC,AVS,1,1
499191,Eredivisie,Eredivisie,2024,2025-02-16 15:45:00+00:00,AFC Ajax,Heracles Almelo,4,0
498143,Ligue 1,Ligue 1,2024,2025-02-16 16:15:00+00:00,Racing Club de Lens,RC Strasbourg Alsace,0,2
498146,Ligue 1,Ligue 1,2024,2025-02-16 16:15:00+00:00,Stade de Reims,Angers SCO,0,1
498147,Ligue 1,Ligue 1,2024,2025-02-16 16:15:00+00:00,Le Havre AC,OGC Nice,1,3
497656,Premier League,Premier League,2024,2025-02-16 16:30:00+00:00,Tottenham Hotspur FC,Manchester United FC,1,0
502568,Bundesliga,Bundesliga,2024,2025-02-16 16:30:00+00:00,Eintracht Frankfurt,Holstein Kiel,3,1
503291,Serie A,Serie A,2024,2025-02-16 17:00:00+00:00,Parma Calcio 1913,AS Roma,0,1
498850,Primera Division,Primera Division,2024,2025-02-16 17:30:00+00:00,RCD Mallorca,UD Las Palmas,3,1
503834,Primeira Liga,Primeira Liga,2024,2025-02-16 18:00:00+00:00,SC Farense,FC Porto,0,1
502566,Bundesliga,Bundesliga,2024,2025-02-16 18:30:00+00:00,1. FC Heidenheim 1846,1. FSV Mainz 05,0,2
503287,Serie A,Serie A,2024,2025-02-16 19:45:00+00:00,Juventus FC,FC Internazionale Milano,1,0
498145,Ligue 1,Ligue 1,2024,2025-02-16 19:45:00+00:00,Stade Rennais FC 1901,Lille OSC,0,2
498844,Primera Division,Primera Division,2024,2025-02-16 20:00:00+00:00,Real Betis Balompié,Real Sociedad de Fútbol,3,0
503829,Primeira Liga,Primeira Liga,2024,2025-02-16 20:30:00+00:00,Vitória SC,Sporting Clube de Braga,0,0
503286,Serie A,Serie A,2024,2025-02-17 19:45:00+00:00,Genoa CFC,Venezia FC,2,0
498847,Primera Division,Primera Division,2024,2025-02-17 20:00:00+00:00,FC Barcelona,Rayo Vallecano de Madrid,1,0
500832,Championship,Championship,2024,2025-02-17 20:00:00+00:00,Leeds United FC,Sunderland AFC,2,1
503833,Primeira Liga,Primeira Liga,2024,2025-02-17 20:15:00+00:00,Gil Vicente FC,FC Famalicão,0,2
524091,UEFA Champions League,UEFA Champions League,2024,2025-02-18 17:45:00+00:00,AC Milan,Feyenoord Rotterdam,1,1
500811,Championship,Championship,2024,2025-02-18 19:45:00+00:00,Preston North End FC,Millwall FC,1,1
524088,UEFA Champions League,UEFA Champions League,2024,2025-02-18 20:00:00+00:00,Atalanta BC,Club Brugge KV,1,3
524087,UEFA Champions League,UEFA Champions League,2024,2025-02-18 20:00:00+00:00,FC Bayern München,Celtic FC,1,1
524086,UEFA Champions League,UEFA Champions League,2024,2025-02-18 20:00:00+00:00,Sport Lisboa e Benfica,AS Monaco FC,3,3
524090,UEFA Champions League,UEFA Champions League,2024,2025-02-19 17:45:00+00:00,Borussia Dortmund,Sporting Clube de Portugal,0,0
497692,Premier League,Premier League,2024,2025-02-19 19:30:00+00:00,Aston Villa FC,Liverpool FC,2,2
500809,Championship,Championship,2024,2025-02-19 19:45:00+00:00,Luton Town FC,Plymouth Argyle FC,1,1
524084,UEFA Champions League,UEFA Champions League,2024,2025-02-19 20:00:00+00:00,Paris Saint-Germain FC,Stade Brestois 29,7,0
524085,UEFA Champions League,UEFA Champions League,2024,2025-02-19 20:00:00+00:00,Real Madrid CF,Manchester City FC,3,1
524089,UEFA Champions League,UEFA Champions League,2024,2025-02-19 20:00:00+00:00,PSV,Juventus FC,3,1
502573,Bundesliga,Bundesliga,2024,2025-02-21 19:30:00+00:00,SC Freiburg,SV Werder Bremen,5,0
498149,Ligue 1,Ligue 1,2024,2025-02-21 19:45:00+00:00,Stade Rennais FC 1901,Stade de Reims,1,0
500841,Championship,Championship,2024,2025-02-21 19:45:00+00:00,Bristol City FC,Middlesbrough FC,2,1
503298,Serie A,Serie A,2024,2025-02-21 19:45:00+00:00,US Lecce,Udinese Calcio,0,1
497660,Premier League,Premier League,2024,2025-02-21 20:00:00+00:00,Leicester City FC,Brentford FC,0,4
500842,Championship,Championship,2024,2025-02-21 20:00:00+00:00,Burnley FC,Sheffield Wednesday FC,4,0
498854,Primera Division,Primera Division,2024,2025-02-21 20:00:00+00:00,RC Celta de Vigo,CA Osasuna,1,0
503822,Primeira Liga,Primeira Liga,2024,2025-02-21 20:15:00+00:00,Sporting Clube de Braga,CD Nacional,1,0
497665,Premier League,Premier League,2024,2025-02-22 12:30:00+00:00,Everton FC,Manchester United FC,2,2
500844,Championship,Championship,2024,2025-02-22 12:30:00+00:00,Derby County FC,Millwall FC,0,1
500849,Championship,Championship,2024,2025-02-22 12:30:00+00:00,Sunderland AFC,Hull City AFC,0,1
500846,Championship,Championship,2024,2025-02-22 12:30:00+00:00,Plymouth Argyle FC,Cardiff City FC,1,1
498862,Primera Division,Primera Division,2024,2025-02-22 13:00:00+00:00,Deportivo Alavés,RCD Espanyol de Barcelona,0,1
503299,Serie A,Serie A,2024,2025-02-22 14:00:00+00:00,Parma Calcio 1913,Bologna FC 1909,2,0
503302,Serie A,Serie A,2024,2025-02-22 14:00:00+00:00,Venezia FC,SS Lazio,0,0
502577,Bundesliga,Bundesliga,2024,2025-02-22 14:30:00+00:00,1. FSV Mainz 05,FC St. Pauli 1910,2,0
502576,Bundesliga,Bundesliga,2024,2025-02-22 14:30:00+00:00,VfL Wolfsburg,VfL Bochum 1848,1,1
502574,Bundesliga,Bundesliga,2024,2025-02-22 14:30:00+00:00,Borussia Mönchengladbach,FC Augsburg,0,3
502569,Bundesliga,Bundesliga,2024,2025-02-22 14:30:00+00:00,Holstein Kiel,Bayer 04 Leverkusen,0,2
500843,Championship,Championship,2024,2025-02-22 15:00:00+00:00,Coventry City FC,Preston North End FC,2,1
500845,Championship,Championship,2024,2025-02-22 15:00:00+00:00,Norwich City FC,Stoke City FC,4,2
500847,Championship,Championship,2024,2025-02-22 15:00:00+00:00,Portsmouth FC,Queens Park Rangers FC,2,1
497661,Premier League,Premier League,2024,2025-02-22 15:00:00+00:00,Southampton FC,Brighton & Hove Albion FC,0,4
497669,Premier League,Premier League,2024,2025-02-22 15:00:00+00:00,AFC Bournemouth,Wolverhampton Wanderers FC,0,1
497668,Premier League,Premier League,2024,2025-02-22 15:00:00+00:00,Arsenal FC,West Ham United FC,0,1
500850,Championship,Championship,2024,2025-02-22 15:00:00+00:00,Swansea City AFC,Blackburn Rovers FC,3,0
497666,Premier League,Premier League,2024,2025-02-22 15:00:00+00:00,Ipswich Town FC,Tottenham Hotspur FC,1,4
500852,Championship,Championship,2024,2025-02-22 15:00:00+00:00,West Bromwich Albion FC,Oxford United FC,2,0
497667,Premier League,Premier League,2024,2025-02-22 15:00:00+00:00,Fulham FC,Crystal Palace FC,0,2
498858,Primera Division,Primera Division,2024,2025-02-22 15:15:00+00:00,Rayo Vallecano de Madrid,Villarreal CF,0,1
503827,Primeira Liga,Primeira Liga,2024,2025-02-22 15:30:00+00:00,Casa Pia AC,Gil Vicente FC,1,0
498151,Ligue 1,Ligue 1,2024,2025-02-22 16:00:00+00:00,Lille OSC,AS Monaco FC,2,1
503301,Serie A,Serie A,2024,2025-02-22 17:00:00+00:00,Torino FC,AC Milan,2,1
498857,Primera Division,Primera Division,2024,2025-02-22 17:30:00+00:00,Valencia CF,Club Atlético de Madrid,0,3
502575,Bundesliga,Bundesliga,2024,2025-02-22 17:30:00+00:00,Borussia Dortmund,1. FC Union Berlin,6,0
497662,Premier League,Premier League,2024,2025-02-22 17:30:00+00:00,Aston Villa FC,Chelsea FC,2,1
498154,Ligue 1,Ligue 1,2024,2025-02-22 18:00:00+00:00,AS Saint-Étienne,Angers SCO,3,3
503819,Primeira Liga,Primeira Liga,2024,2025-02-22 18:00:00+00:00,Sport Lisboa e Benfica,Boavista FC,3,0
499167,Eredivisie,Eredivisie,2024,2025-02-22 19:00:00+00:00,Feyenoord Rotterdam,Almere City FC,2,1
503297,Serie A,Serie A,2024,2025-02-22 19:45:00+00:00,FC Internazionale Milano,Genoa CFC,1,0
498861,Primera Division,Primera Division,2024,2025-02-22 20:00:00+00:00,UD Las Palmas,FC Barcelona,0,2
498155,Ligue 1,Ligue 1,2024,2025-02-22 20:05:00+00:00,AJ Auxerre,Olympique de Marseille,3,0
503826,Primeira Liga,Primeira Liga,2024,2025-02-22 20:30:00+00:00,GD Estoril Praia,Rio Ave FC,2,1
503294,Serie A,Serie A,2024,2025-02-23 11:30:00+00:00,Como 1907,SSC Napoli,2,1
500851,Championship,Championship,2024,2025-02-23 12:00:00+00:00,Watford FC,Luton Town FC,2,0
498853,Primera Division,Primera Division,2024,2025-02-23 13:00:00+00:00,Athletic Club,Real Valladolid CF,7,1
499172,Eredivisie,Eredivisie,2024,2025-02-23 13:30:00+00:00,FC Twente '65,NEC,2,0
499164,Eredivisie,Eredivisie,2024,2025-02-23 13:30:00+00:00,AFC Ajax,Go Ahead Eagles,2,0
498153,Ligue 1,Ligue 1,2024,2025-02-23 14:00:00+00:00,FC Nantes,Racing Club de Lens,3,1
503296,Serie A,Serie A,2024,2025-02-23 14:00:00+00:00,Hellas Verona FC,ACF Fiorentina,1,0
497663,Premier League,Premier League,2024,2025-02-23 14:00:00+00:00,Newcastle United FC,Nottingham Forest FC,4,3
502572,Bundesliga,Bundesliga,2024,2025-02-23 14:30:00+00:00,RB Leipzig,1. FC Heidenheim 1846,2,2
498859,Primera Division,Primera Division,2024,2025-02-23 15:15:00+00:00,Real Madrid CF,Girona FC,2,0
503821,Primeira Liga,Primeira Liga,2024,2025-02-23 15:30:00+00:00,CF Estrela da Amadora,CD Santa Clara,0,0
503824,Primeira Liga,Primeira Liga,2024,2025-02-23 15:30:00+00:00,FC Arouca,SC Farense,2,2
499192,Eredivisie,Eredivisie,2024,2025-02-23 15:45:00+00:00,AZ,Fortuna Sittard,1,0
498156,Ligue 1,Ligue 1,2024,2025-02-23 16:15:00+00:00,OGC Nice,Montpellier HSC,2,0
498152,Ligue 1,Ligue 1,2024,2025-02-23 16:15:00+00:00,RC Strasbourg Alsace,Stade Brestois 29,0,0
498150,Ligue 1,Ligue 1,2024,2025-02-23 16:15:00+00:00,Le Havre AC,Toulouse FC,1,4
502571,Bundesliga,Bundesliga,2024,2025-02-23 16:30:00+00:00,FC Bayern München,Eintracht Frankfurt,4,0
497664,Premier League,Premier League,2024,2025-02-23 16:30:00+00:00,Manchester City FC,Liverpool FC,0,2
503295,Serie A,Serie A,2024,2025-02-23 17:00:00+00:00,Empoli FC,Atalanta BC,0,5
498855,Primera Division,Primera Division,2024,2025-02-23 17:30:00+00:00,Getafe CF,Real Betis Balompié,1,2
503823,Primeira Liga,Primeira Liga,2024,2025-02-23 18:00:00+00:00,AVS,Sporting Clube de Portugal,2,2
502570,Bundesliga,Bundesliga,2024,2025-02-23 18:30:00+00:00,TSG 1899 Hoffenheim,VfB Stuttgart,1,1
498157,Ligue 1,Ligue 1,2024,2025-02-23 19:45:00+00:00,Olympique Lyonnais,Paris Saint-Germain FC,2,3
503293,Serie A,Serie A,2024,2025-02-23 19:45:00+00:00,Cagliari Calcio,Juventus FC,0,1
498860,Primera Division,Primera Division,2024,2025-02-23 20:00:00+00:00,Real Sociedad de Fútbol,CD Leganés,3,0
503825,Primeira Liga,Primeira Liga,2024,2025-02-23 20:30:00+00:00,FC Famalicão,Moreirense FC,2,0
503300,Serie A,Serie A,2024,2025-02-24 19:45:00+00:00,AS Roma,AC Monza,4,0
498856,Primera Division,Primera Division,2024,2025-02-24 20:00:00+00:00,Sevilla FC,RCD Mallorca,1,1
500848,Championship,Championship,2024,2025-02-24 20:00:00+00:00,Sheffield United FC,Leeds United FC,1,3
503820,Primeira Liga,Primeira Liga,2024,2025-02-24 20:15:00+00:00,FC Porto,Vitória SC,1,1
497674,Premier League,Premier League,2024,2025-02-25 19:30:00+00:00,Wolverhampton Wanderers FC,Fulham FC,1,2
497672,Premier League,Premier League,2024,2025-02-25 19:30:00+00:00,Crystal Palace FC,Aston Villa FC,4,1
497670,Premier League,Premier League,2024,2025-02-25 19:30:00+00:00,Brighton & Hove Albion FC,AFC Bournemouth,2,1
500807,Championship,Championship,2024,2025-02-25 19:45:00+00:00,Cardiff City FC,Hull City AFC,1,0
500814,Championship,Championship,2024,2025-02-25 19:45:00+00:00,Stoke City FC,Middlesbrough FC,1,3
497678,Premier League,Premier League,2024,2025-02-25 20:15:00+00:00,Chelsea FC,Southampton FC,4,0
497673,Premier League,Premier League,2024,2025-02-26 19:30:00+00:00,Brentford FC,Everton FC,1,1
497671,Premier League,Premier League,2024,2025-02-26 19:30:00+00:00,Nottingham Forest FC,Arsenal FC,0,0
497677,Premier League,Premier League,2024,2025-02-26 19:30:00+00:00,Manchester United FC,Ipswich Town FC,3,2
497675,Premier League,Premier League,2024,2025-02-26 19:30:00+00:00,Tottenham Hotspur FC,Manchester City FC,0,1
497679,Premier League,Premier League,2024,2025-02-26 20:15:00+00:00,Liverpool FC,Newcastle United FC,2,0
503124,Serie A,Serie A,2024,2025-02-27 19:45:00+00:00,Bologna FC 1909,AC Milan,2,1
497676,Premier League,Premier League,2024,2025-02-27 20:00:00+00:00,West Ham United FC,Leicester City FC,2,0
499206,Eredivisie,Eredivisie,2024,2025-02-28 19:00:00+00:00,RKC Waalwijk,Fortuna Sittard,1,2
502579,Bundesliga,Bundesliga,2024,2025-02-28 19:30:00+00:00,VfB Stuttgart,FC Bayern München,1,3
498165,Ligue 1,Ligue 1,2024,2025-02-28 19:45:00+00:00,AS Monaco FC,Stade de Reims,3,0
503305,Serie A,Serie A,2024,2025-02-28 19:45:00+00:00,ACF Fiorentina,US Lecce,1,0
500863,Championship,Championship,2024,2025-02-28 20:00:00+00:00,Sheffield Wednesday FC,Sunderland AFC,1,2
498871,Primera Division,Primera Division,2024,2025-02-28 20:00:00+00:00,Real Valladolid CF,UD Las Palmas,1,1
500853,Championship,Championship,2024,2025-03-01 12:30:00+00:00,Blackburn Rovers FC,Norwich City FC,1,1
500856,Championship,Championship,2024,2025-03-01 12:30:00+00:00,Leeds United FC,West Bromwich Albion FC,1,1
500860,Championship,Championship,2024,2025-03-01 12:30:00+00:00,Oxford United FC,Coventry City FC,2,3
498868,Primera Division,Primera Division,2024,2025-03-01 13:00:00+00:00,Girona FC,RC Celta de Vigo,2,2
503303,Serie A,Serie A,2024,2025-03-01 14:00:00+00:00,Atalanta BC,Venezia FC,0,0
502583,Bundesliga,Bundesliga,2024,2025-03-01 14:30:00+00:00,SV Werder Bremen,VfL Wolfsburg,1,2
502580,Bundesliga,Bundesliga,2024,2025-03-01 14:30:00+00:00,FC St. Pauli 1910,Borussia Dortmund,0,2
502581,Bundesliga,Bundesliga,2024,2025-03-01 14:30:00+00:00,VfL Bochum 1848,TSG 1899 Hoffenheim,0,1
502584,Bundesliga,Bundesliga,2024,2025-03-01 14:30:00+00:00,RB Leipzig,1. FSV Mainz 05,1,2
502585,Bundesliga,Bundesliga,2024,2025-03-01 14:30:00+00:00,1. FC Heidenheim 1846,Borussia Mönchengladbach,0,3
500857,Championship,Championship,2024,2025-03-01 15:00:00+00:00,Luton Town FC,Portsmouth FC,1,0
500858,Championship,Championship,2024,2025-03-01 15:00:00+00:00,Middlesbrough FC,Derby County FC,1,0
500862,Championship,Championship,2024,2025-03-01 15:00:00+00:00,Queens Park Rangers FC,Sheffield United FC,1,2
500864,Championship,Championship,2024,2025-03-01 15:00:00+00:00,Stoke City FC,Watford FC,0,0
498869,Primera Division,Primera Division,2024,2025-03-01 15:15:00+00:00,Rayo Vallecano de Madrid,Sevilla FC,1,1
499202,Eredivisie,Eredivisie,2024,2025-03-01 15:30:00+00:00,FC Utrecht,NAC Breda,1,0
503818,Primeira Liga,Primeira Liga,2024,2025-03-01 15:30:00+00:00,CD Nacional,FC Famalicão,2,1
498162,Ligue 1,Ligue 1,2024,2025-03-01 16:00:00+00:00,AS Saint-Étienne,OGC Nice,1,3
503310,Serie A,Serie A,2024,2025-03-01 17:00:00+00:00,SSC Napoli,FC Internazionale Milano,1,1
502578,Bundesliga,Bundesliga,2024,2025-03-01 17:30:00+00:00,Eintracht Frankfurt,Bayer 04 Leverkusen,1,4
498864,Primera Division,Primera Division,2024,2025-03-01 17:30:00+00:00,Real Betis Balompié,Real Madrid CF,2,1
499204,Eredivisie,Eredivisie,2024,2025-03-01 17:45:00+00:00,Go Ahead Eagles,PSV,3,2
498163,Ligue 1,Ligue 1,2024,2025-03-01 18:00:00+00:00,Racing Club de Lens,Le Havre AC,3,4
503816,Primeira Liga,Primeira Liga,2024,2025-03-01 18:00:00+00:00,FC Arouca,FC Porto,0,2
499201,Eredivisie,Eredivisie,2024,2025-03-01 19:00:00+00:00,FC Groningen,FC Twente '65,1,1
503312,Serie A,Serie A,2024,2025-03-01 19:45:00+00:00,Udinese Calcio,Parma Calcio 1913,1,0
499203,Eredivisie,Eredivisie,2024,2025-03-01 20:00:00+00:00,Feyenoord Rotterdam,NEC,0,0
498863,Primera Division,Primera Division,2024,2025-03-01 20:00:00+00:00,Club Atlético de Madrid,Athletic Club,1,0
498158,Ligue 1,Ligue 1,2024,2025-03-01 20:05:00+00:00,Paris Saint-Germain FC,Lille OSC,4,1
503810,Primeira Liga,Primeira Liga,2024,2025-03-01 20:30:00+00:00,Vitória SC,Casa Pia AC,1,0
499207,Eredivisie,Eredivisie,2024,2025-03-02 11:15:00+00:00,SC Heerenveen,AZ,3,1
503309,Serie A,Serie A,2024,2025-03-02 11:30:00+00:00,AC Monza,Torino FC,0,2
498866,Primera Division,Primera Division,2024,2025-03-02 13:00:00+00:00,CD Leganés,Getafe CF,1,0
499200,Eredivisie,Eredivisie,2024,2025-03-02 13:30:00+00:00,Almere City FC,AFC Ajax,0,1
499205,Eredivisie,Eredivisie,2024,2025-03-02 13:30:00+00:00,Heracles Almelo,PEC Zwolle,4,2
503304,Serie A,Serie A,2024,2025-03-02 14:00:00+00:00,Bologna FC 1909,Cagliari Calcio,2,1
503306,Serie A,Serie A,2024,2025-03-02 14:00:00+00:00,Genoa CFC,Empoli FC,1,1
498160,Ligue 1,Ligue 1,2024,2025-03-02 14:00:00+00:00,Olympique Lyonnais,Stade Brestois 29,2,1
502586,Bundesliga,Bundesliga,2024,2025-03-02 14:30:00+00:00,1. FC Union Berlin,Holstein Kiel,0,1
498867,Primera Division,Primera Division,2024,2025-03-02 15:15:00+00:00,FC Barcelona,Real Sociedad de Fútbol,4,0
503814,Primeira Liga,Primeira Liga,2024,2025-03-02 15:30:00+00:00,Boavista FC,CD Santa Clara,1,0
503815,Primeira Liga,Primeira Liga,2024,2025-03-02 15:30:00+00:00,Moreirense FC,CF Estrela da Amadora,1,1
499208,Eredivisie,Eredivisie,2024,2025-03-02 15:45:00+00:00,Sparta Rotterdam,Willem II Tilburg,4,0
498166,Ligue 1,Ligue 1,2024,2025-03-02 16:15:00+00:00,Angers SCO,Toulouse FC,0,4
498164,Ligue 1,Ligue 1,2024,2025-03-02 16:15:00+00:00,AJ Auxerre,RC Strasbourg Alsace,0,1
498161,Ligue 1,Ligue 1,2024,2025-03-02 16:15:00+00:00,Montpellier HSC,Stade Rennais FC 1901,0,4
502582,Bundesliga,Bundesliga,2024,2025-03-02 16:30:00+00:00,FC Augsburg,SC Freiburg,0,0
503311,Serie A,Serie A,2024,2025-03-02 17:00:00+00:00,AS Roma,Como 1907,2,1
498870,Primera Division,Primera Division,2024,2025-03-02 17:30:00+00:00,RCD Mallorca,Deportivo Alavés,1,1
503817,Primeira Liga,Primeira Liga,2024,2025-03-02 18:00:00+00:00,SC Farense,AVS,0,1
498159,Ligue 1,Ligue 1,2024,2025-03-02 19:45:00+00:00,Olympique de Marseille,FC Nantes,2,0
503308,Serie A,Serie A,2024,2025-03-02 19:45:00+00:00,AC Milan,SS Lazio,1,2
498865,Primera Division,Primera Division,2024,2025-03-02 20:00:00+00:00,CA Osasuna,Valencia CF,3,3
503812,Primeira Liga,Primeira Liga,2024,2025-03-02 20:30:00+00:00,Rio Ave FC,Sporting Clube de Braga,2,1
503307,Serie A,Serie A,2024,2025-03-03 19:45:00+00:00,Juventus FC,Hellas Verona FC,2,0
503813,Primeira Liga,Primeira Liga,2024,2025-03-03 20:15:00+00:00,Sporting Clube de Portugal,GD Estoril Praia,3,1
524093,UEFA Champions League,UEFA Champions League,2024,2025-03-04 17:45:00+00:00,Club Brugge KV,Aston Villa FC,1,3
500855,Championship,Championship,2024,2025-03-04 19:45:00+00:00,Hull City AFC,Plymouth Argyle FC,2,0
500854,Championship,Championship,2024,2025-03-04 19:45:00+00:00,Cardiff City FC,Burnley FC,1,2
500859,Championship,Championship,2024,2025-03-04 19:45:00+00:00,Millwall FC,Bristol City FC,0,2
500861,Championship,Championship,2024,2025-03-04 19:45:00+00:00,Preston North End FC,Swansea City AFC,0,0
524094,UEFA Champions League,UEFA Champions League,2024,2025-03-04 20:00:00+00:00,Real Madrid CF,Club Atlético de Madrid,2,1
524098,UEFA Champions League,UEFA Champions League,2024,2025-03-04 20:00:00+00:00,Borussia Dortmund,Lille OSC,1,1
524095,UEFA Champions League,UEFA Champions League,2024,2025-03-04 20:00:00+00:00,PSV,Arsenal FC,1,7
524096,UEFA Champions League,UEFA Champions League,2024,2025-03-05 17:45:00+00:00,Feyenoord Rotterdam,FC Internazionale Milano,0,2
524092,UEFA Champions League,UEFA Champions League,2024,2025-03-05 20:00:00+00:00,Paris Saint-Germain FC,Liverpool FC,0,1
524097,UEFA Champions League,UEFA Champions League,2024,2025-03-05 20:00:00+00:00,FC Bayern München,Bayer 04 Leverkusen,3,0
524099,UEFA Champions League,UEFA Champions League,2024,2025-03-05 20:00:00+00:00,Sport Lisboa e Benfica,FC Barcelona,0,1
499212,Eredivisie,Eredivisie,2024,2025-03-07 19:00:00+00:00,NAC Breda,Sparta Rotterdam,1,1
502592,Bundesliga,Bundesliga,2024,2025-03-07 19:30:00+00:00,Borussia Mönchengladbach,1. FSV Mainz 05,1,3
503313,Serie A,Serie A,2024,2025-03-07 19:45:00+00:00,Cagliari Calcio,Genoa CFC,1,1
498170,Ligue 1,Ligue 1,2024,2025-03-07 19:45:00+00:00,Toulouse FC,AS Monaco FC,1,1
500869,Championship,Championship,2024,2025-03-07 20:00:00+00:00,Norwich City FC,Oxford United FC,1,1
503808,Primeira Liga,Primeira Liga,2024,2025-03-07 20:15:00+00:00,CF Estrela da Amadora,Gil Vicente FC,1,1
500875,Championship,Championship,2024,2025-03-08 12:30:00+00:00,Watford FC,Millwall FC,1,2
500867,Championship,Championship,2024,2025-03-08 12:30:00+00:00,Coventry City FC,Stoke City FC,3,2
497687,Premier League,Premier League,2024,2025-03-08 12:30:00+00:00,Nottingham Forest FC,Manchester City FC,1,0
498875,Primera Division,Primera Division,2024,2025-03-08 13:00:00+00:00,RC Celta de Vigo,CD Leganés,2,1
503322,Serie A,Serie A,2024,2025-03-08 14:00:00+00:00,Parma Calcio 1913,Torino FC,2,2
503314,Serie A,Serie A,2024,2025-03-08 14:00:00+00:00,Como 1907,Venezia FC,1,1
502587,Bundesliga,Bundesliga,2024,2025-03-08 14:30:00+00:00,Holstein Kiel,VfB Stuttgart,2,2
502594,Bundesliga,Bundesliga,2024,2025-03-08 14:30:00+00:00,FC Bayern München,VfL Bochum 1848,2,3
502595,Bundesliga,Bundesliga,2024,2025-03-08 14:30:00+00:00,VfL Wolfsburg,FC St. Pauli 1910,1,1
502591,Bundesliga,Bundesliga,2024,2025-03-08 14:30:00+00:00,Borussia Dortmund,FC Augsburg,0,1
502590,Bundesliga,Bundesliga,2024,2025-03-08 14:30:00+00:00,Bayer 04 Leverkusen,SV Werder Bremen,0,2
497685,Premier League,Premier League,2024,2025-03-08 15:00:00+00:00,Crystal Palace FC,Ipswich Town FC,1,0
497684,Premier League,Premier League,2024,2025-03-08 15:00:00+00:00,Brighton & Hove Albion FC,Fulham FC,2,1
497688,Premier League,Premier League,2024,2025-03-08 15:00:00+00:00,Liverpool FC,Southampton FC,3,1
500865,Championship,Championship,2024,2025-03-08 15:00:00+00:00,Bristol City FC,Hull City AFC,1,1
500866,Championship,Championship,2024,2025-03-08 15:00:00+00:00,Burnley FC,Luton Town FC,4,0
500876,Championship,Championship,2024,2025-03-08 15:00:00+00:00,West Bromwich Albion FC,Queens Park Rangers FC,1,0
500874,Championship,Championship,2024,2025-03-08 15:00:00+00:00,Swansea City AFC,Middlesbrough FC,1,0
500873,Championship,Championship,2024,2025-03-08 15:00:00+00:00,Sunderland AFC,Cardiff City FC,2,1
500872,Championship,Championship,2024,2025-03-08 15:00:00+00:00,Sheffield United FC,Preston North End FC,1,0
500870,Championship,Championship,2024,2025-03-08 15:00:00+00:00,Plymouth Argyle FC,Sheffield Wednesday FC,0,3
500868,Championship,Championship,2024,2025-03-08 15:00:00+00:00,Derby County FC,Blackburn Rovers FC,2,1
498876,Primera Division,Primera Division,2024,2025-03-08 15:15:00+00:00,Deportivo Alavés,Villarreal CF,1,0
503802,Primeira Liga,Primeira Liga,2024,2025-03-08 15:30:00+00:00,AVS,FC Arouca,0,1
499211,Eredivisie,Eredivisie,2024,2025-03-08 15:30:00+00:00,Fortuna Sittard,Heracles Almelo,1,0
498174,Ligue 1,Ligue 1,2024,2025-03-08 16:00:00+00:00,Stade Rennais FC 1901,Paris Saint-Germain FC,1,4
503320,Serie A,Serie A,2024,2025-03-08 17:00:00+00:00,US Lecce,AC Milan,2,3
498879,Primera Division,Primera Division,2024,2025-03-08 17:30:00+00:00,Valencia CF,Real Valladolid CF,2,1
502588,Bundesliga,Bundesliga,2024,2025-03-08 17:30:00+00:00,SC Freiburg,RB Leipzig,0,0
497682,Premier League,Premier League,2024,2025-03-08 17:30:00+00:00,Brentford FC,Aston Villa FC,0,1
498173,Ligue 1,Ligue 1,2024,2025-03-08 18:00:00+00:00,Lille OSC,Montpellier HSC,1,0
503809,Primeira Liga,Primeira Liga,2024,2025-03-08 18:00:00+00:00,GD Estoril Praia,SC Farense,2,2
503803,Primeira Liga,Primeira Liga,2024,2025-03-08 18:00:00+00:00,Sport Lisboa e Benfica,CD Nacional,3,0
499215,Eredivisie,Eredivisie,2024,2025-03-08 19:00:00+00:00,PSV,SC Heerenveen,2,1
503317,Serie A,Serie A,2024,2025-03-08 19:45:00+00:00,FC Internazionale Milano,AC Monza,3,2
497683,Premier League,Premier League,2024,2025-03-08 20:00:00+00:00,Wolverhampton Wanderers FC,Everton FC,1,1
498175,Ligue 1,Ligue 1,2024,2025-03-08 20:05:00+00:00,Olympique de Marseille,Racing Club de Lens,0,1
503801,Primeira Liga,Primeira Liga,2024,2025-03-08 20:30:00+00:00,Sporting Clube de Braga,FC Porto,1,0
499217,Eredivisie,Eredivisie,2024,2025-03-09 11:15:00+00:00,Willem II Tilburg,FC Utrecht,2,3
503316,Serie A,Serie A,2024,2025-03-09 11:30:00+00:00,Hellas Verona FC,Bologna FC 1909,1,2
500871,Championship,Championship,2024,2025-03-09 12:00:00+00:00,Portsmouth FC,Leeds United FC,1,0
498878,Primera Division,Primera Division,2024,2025-03-09 13:00:00+00:00,Getafe CF,Club Atlético de Madrid,2,1
499213,Eredivisie,Eredivisie,2024,2025-03-09 13:30:00+00:00,NEC,Go Ahead Eagles,2,3
499214,Eredivisie,Eredivisie,2024,2025-03-09 13:30:00+00:00,PEC Zwolle,AFC Ajax,0,1
497689,Premier League,Premier League,2024,2025-03-09 14:00:00+00:00,Chelsea FC,Leicester City FC,1,0
498172,Ligue 1,Ligue 1,2024,2025-03-09 14:00:00+00:00,Stade Brestois 29,Angers SCO,2,0
503321,Serie A,Serie A,2024,2025-03-09 14:00:00+00:00,SSC Napoli,ACF Fiorentina,2,1
497680,Premier League,Premier League,2024,2025-03-09 14:00:00+00:00,Tottenham Hotspur FC,AFC Bournemouth,2,2
502593,Bundesliga,Bundesliga,2024,2025-03-09 14:30:00+00:00,Eintracht Frankfurt,1. FC Union Berlin,1,2
498880,Primera Division,Primera Division,2024,2025-03-09 15:15:00+00:00,Real Madrid CF,Rayo Vallecano de Madrid,2,1
503806,Primeira Liga,Primeira Liga,2024,2025-03-09 15:30:00+00:00,CD Santa Clara,Moreirense FC,1,1
499216,Eredivisie,Eredivisie,2024,2025-03-09 15:45:00+00:00,FC Twente '65,Almere City FC,1,0
498169,Ligue 1,Ligue 1,2024,2025-03-09 16:15:00+00:00,FC Nantes,RC Strasbourg Alsace,0,1
498168,Ligue 1,Ligue 1,2024,2025-03-09 16:15:00+00:00,Stade de Reims,AJ Auxerre,0,2
498167,Ligue 1,Ligue 1,2024,2025-03-09 16:15:00+00:00,Le Havre AC,AS Saint-Étienne,1,1
502589,Bundesliga,Bundesliga,2024,2025-03-09 16:30:00+00:00,TSG 1899 Hoffenheim,1. FC Heidenheim 1846,1,1
497681,Premier League,Premier League,2024,2025-03-09 16:30:00+00:00,Manchester United FC,Arsenal FC,1,1
503315,Serie A,Serie A,2024,2025-03-09 17:00:00+00:00,Empoli FC,AS Roma,0,1
498873,Primera Division,Primera Division,2024,2025-03-09 17:30:00+00:00,Athletic Club,RCD Mallorca,1,1
498874,Primera Division,Primera Division,2024,2025-03-09 17:30:00+00:00,Real Betis Balompié,UD Las Palmas,1,0
503805,Primeira Liga,Primeira Liga,2024,2025-03-09 18:00:00+00:00,Casa Pia AC,Sporting Clube de Portugal,1,3
503318,Serie A,Serie A,2024,2025-03-09 19:45:00+00:00,Juventus FC,Atalanta BC,0,4
498171,Ligue 1,Ligue 1,2024,2025-03-09 19:45:00+00:00,OGC Nice,Olympique Lyonnais,0,2
498881,Primera Division,Primera Division,2024,2025-03-09 20:00:00+00:00,Real Sociedad de Fútbol,Sevilla FC,0,1
503804,Primeira Liga,Primeira Liga,2024,2025-03-09 20:30:00+00:00,Boavista FC,Vitória SC,1,2
503319,Serie A,Serie A,2024,2025-03-10 19:45:00+00:00,SS Lazio,Udinese Calcio,1,1
498882,Primera Division,Primera Division,2024,2025-03-10 20:00:00+00:00,RCD Espanyol de Barcelona,Girona FC,1,1
497686,Premier League,Premier League,2024,2025-03-10 20:00:00+00:00,West Ham United FC,Newcastle United FC,0,1
503807,Primeira Liga,Primeira Liga,2024,2025-03-10 20:15:00+00:00,FC Famalicão,Rio Ave FC,1,0
524107,UEFA Champions League,UEFA Champions League,2024,2025-03-11 17:45:00+00:00,FC Barcelona,Sport Lisboa e Benfica,3,1
500877,Championship,Championship,2024,2025-03-11 19:45:00+00:00,Burnley FC,West Bromwich Albion FC,1,1
500880,Championship,Championship,2024,2025-03-11 19:45:00+00:00,Middlesbrough FC,Queens Park Rangers FC,2,1
500878,Championship,Championship,2024,2025-03-11 19:45:00+00:00,Cardiff City FC,Luton Town FC,1,2
500879,Championship,Championship,2024,2025-03-11 19:45:00+00:00,Derby County FC,Coventry City FC,2,0
500886,Championship,Championship,2024,2025-03-11 19:45:00+00:00,Norwich City FC,Sheffield Wednesday FC,2,3
500883,Championship,Championship,2024,2025-03-11 19:45:00+00:00,Sunderland AFC,Preston North End FC,1,1
500887,Championship,Championship,2024,2025-03-11 20:00:00+00:00,Sheffield United FC,Bristol City FC,1,1
524100,UEFA Champions League,UEFA Champions League,2024,2025-03-11 20:00:00+00:00,Liverpool FC,Paris Saint-Germain FC,1,5
524104,UEFA Champions League,UEFA Champions League,2024,2025-03-11 20:00:00+00:00,FC Internazionale Milano,Feyenoord Rotterdam,2,1
524105,UEFA Champions League,UEFA Champions League,2024,2025-03-11 20:00:00+00:00,Bayer 04 Leverkusen,FC Bayern München,0,2
524106,UEFA Champions League,UEFA Champions League,2024,2025-03-12 17:45:00+00:00,Lille OSC,Borussia Dortmund,1,2
500885,Championship,Championship,2024,2025-03-12 19:45:00+00:00,Leeds United FC,Millwall FC,2,0
500888,Championship,Championship,2024,2025-03-12 19:45:00+00:00,Watford FC,Swansea City AFC,1,0
500884,Championship,Championship,2024,2025-03-12 19:45:00+00:00,Hull City AFC,Oxford United FC,2,1
500881,Championship,Championship,2024,2025-03-12 19:45:00+00:00,Portsmouth FC,Plymouth Argyle FC,1,2
524101,UEFA Champions League,UEFA Champions League,2024,2025-03-12 20:00:00+00:00,Aston Villa FC,Club Brugge KV,3,0
524102,UEFA Champions League,UEFA Champions League,2024,2025-03-12 20:00:00+00:00,Club Atlético de Madrid,Real Madrid CF,3,4
500882,Championship,Championship,2024,2025-03-12 20:00:00+00:00,Stoke City FC,Blackburn Rovers FC,1,0
524103,UEFA Champions League,UEFA Champions League,2024,2025-03-12 20:00:00+00:00,Arsenal FC,PSV,2,2
499219,Eredivisie,Eredivisie,2024,2025-03-14 19:00:00+00:00,Almere City FC,NAC Breda,1,1
502600,Bundesliga,Bundesliga,2024,2025-03-14 19:30:00+00:00,FC St. Pauli 1910,TSG 1899 Hoffenheim,1,0
498177,Ligue 1,Ligue 1,2024,2025-03-14 19:45:00+00:00,OGC Nice,AJ Auxerre,1,1
503326,Serie A,Serie A,2024,2025-03-14 19:45:00+00:00,Genoa CFC,US Lecce,2,1
500890,Championship,Championship,2024,2025-03-14 20:00:00+00:00,Bristol City FC,Norwich City FC,2,1
498891,Primera Division,Primera Division,2024,2025-03-14 20:00:00+00:00,UD Las Palmas,Deportivo Alavés,2,2
500897,Championship,Championship,2024,2025-03-15 12:30:00+00:00,Queens Park Rangers FC,Leeds United FC,2,2
500893,Championship,Championship,2024,2025-03-15 12:30:00+00:00,Millwall FC,Stoke City FC,1,0
498890,Primera Division,Primera Division,2024,2025-03-15 13:00:00+00:00,Real Valladolid CF,RC Celta de Vigo,0,1
503328,Serie A,Serie A,2024,2025-03-15 14:00:00+00:00,AC Monza,Parma Calcio 1913,1,1
503331,Serie A,Serie A,2024,2025-03-15 14:00:00+00:00,Udinese Calcio,Hellas Verona FC,0,1
502602,Bundesliga,Bundesliga,2024,2025-03-15 14:30:00+00:00,FC Augsburg,VfL Wolfsburg,1,0
502601,Bundesliga,Bundesliga,2024,2025-03-15 14:30:00+00:00,1. FSV Mainz 05,SC Freiburg,2,2
502603,Bundesliga,Bundesliga,2024,2025-03-15 14:30:00+00:00,SV Werder Bremen,Borussia Mönchengladbach,2,4
502597,Bundesliga,Bundesliga,2024,2025-03-15 14:30:00+00:00,1. FC Union Berlin,FC Bayern München,1,1
500889,Championship,Championship,2024,2025-03-15 15:00:00+00:00,Blackburn Rovers FC,Cardiff City FC,1,2
500891,Championship,Championship,2024,2025-03-15 15:00:00+00:00,Coventry City FC,Sunderland AFC,3,0
500892,Championship,Championship,2024,2025-03-15 15:00:00+00:00,Luton Town FC,Middlesbrough FC,0,0
500900,Championship,Championship,2024,2025-03-15 15:00:00+00:00,West Bromwich Albion FC,Hull City AFC,1,1
500899,Championship,Championship,2024,2025-03-15 15:00:00+00:00,Swansea City AFC,Burnley FC,0,2
500896,Championship,Championship,2024,2025-03-15 15:00:00+00:00,Preston North End FC,Portsmouth FC,2,1
500894,Championship,Championship,2024,2025-03-15 15:00:00+00:00,Oxford United FC,Watford FC,1,0
497693,Premier League,Premier League,2024,2025-03-15 15:00:00+00:00,Everton FC,West Ham United FC,1,1
497695,Premier League,Premier League,2024,2025-03-15 15:00:00+00:00,Ipswich Town FC,Nottingham Forest FC,2,4
497697,Premier League,Premier League,2024,2025-03-15 15:00:00+00:00,Manchester City FC,Brighton & Hove Albion FC,2,2
497699,Premier League,Premier League,2024,2025-03-15 15:00:00+00:00,Southampton FC,Wolverhampton Wanderers FC,1,2
500895,Championship,Championship,2024,2025-03-15 15:00:00+00:00,Plymouth Argyle FC,Derby County FC,2,3
498892,Primera Division,Primera Division,2024,2025-03-15 15:15:00+00:00,RCD Mallorca,RCD Espanyol de Barcelona,2,1
503798,Primeira Liga,Primeira Liga,2024,2025-03-15 15:30:00+00:00,Gil Vicente FC,CD Santa Clara,0,1
503794,Primeira Liga,Primeira Liga,2024,2025-03-15 15:30:00+00:00,SC Farense,Sporting Clube de Braga,0,1
499221,Eredivisie,Eredivisie,2024,2025-03-15 15:30:00+00:00,FC Utrecht,NEC,0,1
498183,Ligue 1,Ligue 1,2024,2025-03-15 16:00:00+00:00,FC Nantes,Lille OSC,1,0
503327,Serie A,Serie A,2024,2025-03-15 17:00:00+00:00,AC Milan,Como 1907,2,1
498888,Primera Division,Primera Division,2024,2025-03-15 17:30:00+00:00,Villarreal CF,Real Madrid CF,1,2
497690,Premier League,Premier League,2024,2025-03-15 17:30:00+00:00,AFC Bournemouth,Brentford FC,1,2
502598,Bundesliga,Bundesliga,2024,2025-03-15 17:30:00+00:00,RB Leipzig,Borussia Dortmund,2,0
499225,Eredivisie,Eredivisie,2024,2025-03-15 17:45:00+00:00,Sparta Rotterdam,PEC Zwolle,1,1
503800,Primeira Liga,Primeira Liga,2024,2025-03-15 18:00:00+00:00,FC Porto,AVS,2,0
498184,Ligue 1,Ligue 1,2024,2025-03-15 18:00:00+00:00,Angers SCO,AS Monaco FC,0,2
499223,Eredivisie,Eredivisie,2024,2025-03-15 19:00:00+00:00,RKC Waalwijk,PSV,0,3
503330,Serie A,Serie A,2024,2025-03-15 19:45:00+00:00,Torino FC,Empoli FC,1,0
499224,Eredivisie,Eredivisie,2024,2025-03-15 20:00:00+00:00,SC Heerenveen,Heracles Almelo,1,1
498886,Primera Division,Primera Division,2024,2025-03-15 20:00:00+00:00,Girona FC,Valencia CF,1,1
498181,Ligue 1,Ligue 1,2024,2025-03-15 20:05:00+00:00,Racing Club de Lens,Stade Rennais FC 1901,1,0
503799,Primeira Liga,Primeira Liga,2024,2025-03-15 20:30:00+00:00,Sporting Clube de Portugal,FC Famalicão,3,1
499222,Eredivisie,Eredivisie,2024,2025-03-16 11:15:00+00:00,Go Ahead Eagles,Willem II Tilburg,1,0
503332,Serie A,Serie A,2024,2025-03-16 11:30:00+00:00,Venezia FC,SSC Napoli,0,0
500898,Championship,Championship,2024,2025-03-16 12:30:00+00:00,Sheffield Wednesday FC,Sheffield United FC,0,1
498885,Primera Division,Primera Division,2024,2025-03-16 13:00:00+00:00,CD Leganés,Real Betis Balompié,2,3
497691,Premier League,Premier League,2024,2025-03-16 13:30:00+00:00,Arsenal FC,Chelsea FC,1,0
497694,Premier League,Premier League,2024,2025-03-16 13:30:00+00:00,Fulham FC,Tottenham Hotspur FC,2,0
499220,Eredivisie,Eredivisie,2024,2025-03-16 13:30:00+00:00,FC Groningen,Fortuna Sittard,1,0
499226,Eredivisie,Eredivisie,2024,2025-03-16 13:30:00+00:00,FC Twente '65,Feyenoord Rotterdam,2,6
503324,Serie A,Serie A,2024,2025-03-16 14:00:00+00:00,Bologna FC 1909,SS Lazio,5,0
498180,Ligue 1,Ligue 1,2024,2025-03-16 14:00:00+00:00,Olympique Lyonnais,Le Havre AC,4,2
503329,Serie A,Serie A,2024,2025-03-16 15:00:00+00:00,AS Roma,Cagliari Calcio,1,0
498887,Primera Division,Primera Division,2024,2025-03-16 15:15:00+00:00,Sevilla FC,Athletic Club,0,1
502599,Bundesliga,Bundesliga,2024,2025-03-16 15:20:00+00:00,VfL Bochum 1848,Eintracht Frankfurt,1,3
503797,Primeira Liga,Primeira Liga,2024,2025-03-16 15:30:00+00:00,FC Arouca,GD Estoril Praia,1,1
503792,Primeira Liga,Primeira Liga,2024,2025-03-16 15:30:00+00:00,CD Nacional,Casa Pia AC,3,1
499218,Eredivisie,Eredivisie,2024,2025-03-16 15:45:00+00:00,AFC Ajax,AZ,2,2
498179,Ligue 1,Ligue 1,2024,2025-03-16 16:15:00+00:00,Stade Brestois 29,Stade de Reims,0,0
498182,Ligue 1,Ligue 1,2024,2025-03-16 16:15:00+00:00,RC Strasbourg Alsace,Toulouse FC,2,1
502604,Bundesliga,Bundesliga,2024,2025-03-16 16:30:00+00:00,1. FC Heidenheim 1846,Holstein Kiel,3,1
503325,Serie A,Serie A,2024,2025-03-16 17:00:00+00:00,ACF Fiorentina,Juventus FC,3,0
498889,Primera Division,Primera Division,2024,2025-03-16 17:30:00+00:00,Rayo Vallecano de Madrid,Real Sociedad de Fútbol,2,2
498884,Primera Division,Primera Division,2024,2025-03-16 17:30:00+00:00,CA Osasuna,Getafe CF,1,2
503793,Primeira Liga,Primeira Liga,2024,2025-03-16 18:00:00+00:00,Rio Ave FC,Sport Lisboa e Benfica,2,3
502596,Bundesliga,Bundesliga,2024,2025-03-16 18:30:00+00:00,VfB Stuttgart,Bayer 04 Leverkusen,3,4
497696,Premier League,Premier League,2024,2025-03-16 19:00:00+00:00,Leicester City FC,Manchester United FC,0,3
498176,Ligue 1,Ligue 1,2024,2025-03-16 19:45:00+00:00,Paris Saint-Germain FC,Olympique de Marseille,3,1
503323,Serie A,Serie A,2024,2025-03-16 19:45:00+00:00,Atalanta BC,FC Internazionale Milano,0,2
498883,Primera Division,Primera Division,2024,2025-03-16 20:00:00+00:00,Club Atlético de Madrid,FC Barcelona,2,4
503796,Primeira Liga,Primeira Liga,2024,2025-03-16 20:30:00+00:00,Moreirense FC,Boavista FC,1,0
503795,Primeira Liga,Primeira Liga,2024,2025-03-16 20:30:00+00:00,Vitória SC,CF Estrela da Amadora,2,0
498877,Primera Division,Primera Division,2024,2025-03-27 20:00:00+00:00,FC Barcelona,CA Osasuna,3,0
502612,Bundesliga,Bundesliga,2024,2025-03-28 19:30:00+00:00,Bayer 04 Leverkusen,VfL Bochum 1848,3,1
498188,Ligue 1,Ligue 1,2024,2025-03-28 19:45:00+00:00,RC Strasbourg Alsace,Olympique Lyonnais,4,2
502144,Championship,Championship,2024,2025-03-28 20:00:00+00:00,Sheffield United FC,Coventry City FC,3,1
503811,Primeira Liga,Primeira Liga,2024,2025-03-28 20:15:00+00:00,Gil Vicente FC,Sport Lisboa e Benfica,0,3
502139,Championship,Championship,2024,2025-03-29 12:30:00+00:00,Watford FC,Plymouth Argyle FC,0,0
502140,Championship,Championship,2024,2025-03-29 12:30:00+00:00,Hull City AFC,Luton Town FC,0,1
498901,Primera Division,Primera Division,2024,2025-03-29 13:00:00+00:00,Real Sociedad de Fútbol,Real Valladolid CF,2,1
503342,Serie A,Serie A,2024,2025-03-29 14:00:00+00:00,Venezia FC,Bologna FC 1909,0,1
503334,Serie A,Serie A,2024,2025-03-29 14:00:00+00:00,Como 1907,Empoli FC,1,1
502607,Bundesliga,Bundesliga,2024,2025-03-29 14:30:00+00:00,VfL Wolfsburg,1. FC Heidenheim 1846,0,1
502609,Bundesliga,Bundesliga,2024,2025-03-29 14:30:00+00:00,TSG 1899 Hoffenheim,FC Augsburg,1,1
502608,Bundesliga,Bundesliga,2024,2025-03-29 14:30:00+00:00,Holstein Kiel,SV Werder Bremen,0,3
502613,Bundesliga,Bundesliga,2024,2025-03-29 14:30:00+00:00,FC Bayern München,FC St. Pauli 1910,3,2
502606,Bundesliga,Bundesliga,2024,2025-03-29 14:30:00+00:00,Borussia Mönchengladbach,RB Leipzig,1,0
502142,Championship,Championship,2024,2025-03-29 15:00:00+00:00,Norwich City FC,West Bromwich Albion FC,1,0
502138,Championship,Championship,2024,2025-03-29 15:00:00+00:00,Middlesbrough FC,Oxford United FC,2,1
502141,Championship,Championship,2024,2025-03-29 15:00:00+00:00,Leeds United FC,Swansea City AFC,2,2
502145,Championship,Championship,2024,2025-03-29 15:00:00+00:00,Stoke City FC,Queens Park Rangers FC,3,1
502135,Championship,Championship,2024,2025-03-29 15:00:00+00:00,Cardiff City FC,Sheffield Wednesday FC,1,1
502134,Championship,Championship,2024,2025-03-29 15:00:00+00:00,Sunderland AFC,Millwall FC,1,0
502137,Championship,Championship,2024,2025-03-29 15:00:00+00:00,Burnley FC,Bristol City FC,1,0
502143,Championship,Championship,2024,2025-03-29 15:00:00+00:00,Portsmouth FC,Blackburn Rovers FC,1,0
498902,Primera Division,Primera Division,2024,2025-03-29 15:15:00+00:00,RCD Espanyol de Barcelona,Club Atlético de Madrid,1,1
503788,Primeira Liga,Primeira Liga,2024,2025-03-29 15:30:00+00:00,Casa Pia AC,Rio Ave FC,2,1
499231,Eredivisie,Eredivisie,2024,2025-03-29 15:30:00+00:00,NAC Breda,FC Groningen,1,1
498191,Ligue 1,Ligue 1,2024,2025-03-29 16:00:00+00:00,Stade de Reims,Olympique de Marseille,3,1
503338,Serie A,Serie A,2024,2025-03-29 17:00:00+00:00,Juventus FC,Genoa CFC,1,0
498896,Primera Division,Primera Division,2024,2025-03-29 17:30:00+00:00,Deportivo Alavés,Rayo Vallecano de Madrid,0,2
502605,Bundesliga,Bundesliga,2024,2025-03-29 17:30:00+00:00,Eintracht Frankfurt,VfB Stuttgart,1,0
499229,Eredivisie,Eredivisie,2024,2025-03-29 17:45:00+00:00,Fortuna Sittard,Sparta Rotterdam,0,3
499235,Eredivisie,Eredivisie,2024,2025-03-29 17:45:00+00:00,Willem II Tilburg,Almere City FC,0,2
503790,Primeira Liga,Primeira Liga,2024,2025-03-29 18:00:00+00:00,CF Estrela da Amadora,Sporting Clube de Portugal,0,3
498190,Ligue 1,Ligue 1,2024,2025-03-29 18:00:00+00:00,AS Saint-Étienne,Paris Saint-Germain FC,1,6
503340,Serie A,Serie A,2024,2025-03-29 19:45:00+00:00,US Lecce,AS Roma,0,1
498900,Primera Division,Primera Division,2024,2025-03-29 20:00:00+00:00,Real Madrid CF,CD Leganés,3,2
499232,Eredivisie,Eredivisie,2024,2025-03-29 20:00:00+00:00,NEC,AZ,3,3
499233,Eredivisie,Eredivisie,2024,2025-03-29 20:00:00+00:00,PEC Zwolle,RKC Waalwijk,2,0
498193,Ligue 1,Ligue 1,2024,2025-03-29 20:05:00+00:00,AS Monaco FC,OGC Nice,2,1
503786,Primeira Liga,Primeira Liga,2024,2025-03-29 20:30:00+00:00,Sporting Clube de Braga,FC Arouca,2,1
499227,Eredivisie,Eredivisie,2024,2025-03-30 10:15:00+00:00,FC Utrecht,SC Heerenveen,2,0
503333,Serie A,Serie A,2024,2025-03-30 10:30:00+00:00,Cagliari Calcio,AC Monza,3,0
498898,Primera Division,Primera Division,2024,2025-03-30 12:00:00+00:00,Getafe CF,Villarreal CF,1,2
499230,Eredivisie,Eredivisie,2024,2025-03-30 12:30:00+00:00,Heracles Almelo,FC Twente '65,2,1
499234,Eredivisie,Eredivisie,2024,2025-03-30 12:30:00+00:00,PSV,AFC Ajax,0,2
498189,Ligue 1,Ligue 1,2024,2025-03-30 13:00:00+00:00,Toulouse FC,Stade Brestois 29,2,4
503335,Serie A,Serie A,2024,2025-03-30 13:00:00+00:00,ACF Fiorentina,Atalanta BC,1,0
502611,Bundesliga,Bundesliga,2024,2025-03-30 13:30:00+00:00,SC Freiburg,1. FC Union Berlin,1,2
498897,Primera Division,Primera Division,2024,2025-03-30 14:15:00+00:00,FC Barcelona,Girona FC,4,1
503785,Primeira Liga,Primeira Liga,2024,2025-03-30 14:30:00+00:00,FC Famalicão,AVS,4,1
503789,Primeira Liga,Primeira Liga,2024,2025-03-30 14:30:00+00:00,CD Santa Clara,CD Nacional,1,0
499228,Eredivisie,Eredivisie,2024,2025-03-30 14:45:00+00:00,Feyenoord Rotterdam,Go Ahead Eagles,3,2
498185,Ligue 1,Ligue 1,2024,2025-03-30 15:15:00+00:00,Angers SCO,Stade Rennais FC 1901,0,3
498187,Ligue 1,Ligue 1,2024,2025-03-30 15:15:00+00:00,Le Havre AC,FC Nantes,3,2
498186,Ligue 1,Ligue 1,2024,2025-03-30 15:15:00+00:00,AJ Auxerre,Montpellier HSC,1,0
502610,Bundesliga,Bundesliga,2024,2025-03-30 15:30:00+00:00,Borussia Dortmund,1. FSV Mainz 05,3,1
503337,Serie A,Serie A,2024,2025-03-30 16:00:00+00:00,FC Internazionale Milano,Udinese Calcio,2,1
498893,Primera Division,Primera Division,2024,2025-03-30 16:30:00+00:00,Athletic Club,CA Osasuna,0,0
498899,Primera Division,Primera Division,2024,2025-03-30 16:30:00+00:00,Valencia CF,RCD Mallorca,1,0
503791,Primeira Liga,Primeira Liga,2024,2025-03-30 17:00:00+00:00,GD Estoril Praia,FC Porto,1,2
498192,Ligue 1,Ligue 1,2024,2025-03-30 18:45:00+00:00,Lille OSC,Racing Club de Lens,1,0
503341,Serie A,Serie A,2024,2025-03-30 18:45:00+00:00,SSC Napoli,AC Milan,2,1
498894,Primera Division,Primera Division,2024,2025-03-30 19:00:00+00:00,Real Betis Balompié,Sevilla FC,2,1
503784,Primeira Liga,Primeira Liga,2024,2025-03-30 19:30:00+00:00,Moreirense FC,Vitória SC,2,2
503336,Serie A,Serie A,2024,2025-03-31 16:30:00+00:00,Hellas Verona FC,Parma Calcio 1913,0,0
503339,Serie A,Serie A,2024,2025-03-31 18:45:00+00:00,SS Lazio,Torino FC,1,1
498895,Primera Division,Primera Division,2024,2025-03-31 19:00:00+00:00,RC Celta de Vigo,UD Las Palmas,1,1
499209,Eredivisie,Eredivisie,2024,2025-04-01 18:00:00+00:00,AZ,RKC Waalwijk,2,2
497701,Premier League,Premier League,2024,2025-04-01 18:45:00+00:00,Arsenal FC,Fulham FC,2,1
497704,Premier League,Premier League,2024,2025-04-01 18:45:00+00:00,Wolverhampton Wanderers FC,West Ham United FC,1,0
497703,Premier League,Premier League,2024,2025-04-01 19:00:00+00:00,Nottingham Forest FC,Manchester United FC,1,0
503787,Primeira Liga,Primeira Liga,2024,2025-04-01 19:15:00+00:00,Boavista FC,Gil Vicente FC,1,3
499210,Eredivisie,Eredivisie,2024,2025-04-02 18:00:00+00:00,Feyenoord Rotterdam,FC Groningen,4,1
497708,Premier League,Premier League,2024,2025-04-02 18:45:00+00:00,Southampton FC,Crystal Palace FC,1,1
497707,Premier League,Premier League,2024,2025-04-02 18:45:00+00:00,Newcastle United FC,Brentford FC,2,1
497702,Premier League,Premier League,2024,2025-04-02 18:45:00+00:00,Brighton & Hove Albion FC,Aston Villa FC,0,3
497700,Premier League,Premier League,2024,2025-04-02 18:45:00+00:00,AFC Bournemouth,Ipswich Town FC,1,2
502136,Championship,Championship,2024,2025-04-02 18:45:00+00:00,Derby County FC,Preston North End FC,2,0
497706,Premier League,Premier League,2024,2025-04-02 18:45:00+00:00,Manchester City FC,Leicester City FC,2,0
497709,Premier League,Premier League,2024,2025-04-02 19:00:00+00:00,Liverpool FC,Everton FC,1,0
503783,Primeira Liga,Primeira Liga,2024,2025-04-02 19:15:00+00:00,Sport Lisboa e Benfica,SC Farense,3,2
497705,Premier League,Premier League,2024,2025-04-03 19:00:00+00:00,Chelsea FC,Tottenham Hotspur FC,1,0
499242,Eredivisie,Eredivisie,2024,2025-04-04 18:00:00+00:00,SC Heerenveen,Willem II Tilburg,3,1
502616,Bundesliga,Bundesliga,2024,2025-04-04 18:30:00+00:00,FC Augsburg,FC Bayern München,1,3
498195,Ligue 1,Ligue 1,2024,2025-04-04 18:45:00+00:00,OGC Nice,FC Nantes,1,2
503346,Serie A,Serie A,2024,2025-04-04 18:45:00+00:00,Genoa CFC,Udinese Calcio,1,0
500901,Championship,Championship,2024,2025-04-04 19:00:00+00:00,Blackburn Rovers FC,Middlesbrough FC,0,2
498912,Primera Division,Primera Division,2024,2025-04-04 19:00:00+00:00,Rayo Vallecano de Madrid,RCD Espanyol de Barcelona,0,4
503780,Primeira Liga,Primeira Liga,2024,2025-04-04 19:15:00+00:00,AVS,GD Estoril Praia,0,3
500912,Championship,Championship,2024,2025-04-05 11:30:00+00:00,West Bromwich Albion FC,Sunderland AFC,0,1
500904,Championship,Championship,2024,2025-04-05 11:30:00+00:00,Luton Town FC,Leeds United FC,1,1
500903,Championship,Championship,2024,2025-04-05 11:30:00+00:00,Coventry City FC,Burnley FC,1,2
497713,Premier League,Premier League,2024,2025-04-05 11:30:00+00:00,Everton FC,Arsenal FC,1,1
498905,Primera Division,Primera Division,2024,2025-04-05 12:00:00+00:00,Girona FC,Deportivo Alavés,0,1
503349,Serie A,Serie A,2024,2025-04-05 13:00:00+00:00,AC Monza,Como 1907,1,3
502622,Bundesliga,Bundesliga,2024,2025-04-05 13:30:00+00:00,1. FSV Mainz 05,Holstein Kiel,1,1
502619,Bundesliga,Bundesliga,2024,2025-04-05 13:30:00+00:00,RB Leipzig,TSG 1899 Hoffenheim,3,1
502615,Bundesliga,Bundesliga,2024,2025-04-05 13:30:00+00:00,VfL Bochum 1848,VfB Stuttgart,0,4
502614,Bundesliga,Bundesliga,2024,2025-04-05 13:30:00+00:00,1. FC Heidenheim 1846,Bayer 04 Leverkusen,0,1
502617,Bundesliga,Bundesliga,2024,2025-04-05 13:30:00+00:00,SC Freiburg,Borussia Dortmund,1,4
500907,Championship,Championship,2024,2025-04-05 14:00:00+00:00,Plymouth Argyle FC,Norwich City FC,2,1
497712,Premier League,Premier League,2024,2025-04-05 14:00:00+00:00,Crystal Palace FC,Brighton & Hove Albion FC,2,1
497715,Premier League,Premier League,2024,2025-04-05 14:00:00+00:00,Ipswich Town FC,Wolverhampton Wanderers FC,1,2
497719,Premier League,Premier League,2024,2025-04-05 14:00:00+00:00,West Ham United FC,AFC Bournemouth,2,2
500909,Championship,Championship,2024,2025-04-05 14:00:00+00:00,Queens Park Rangers FC,Cardiff City FC,0,0
500905,Championship,Championship,2024,2025-04-05 14:00:00+00:00,Millwall FC,Portsmouth FC,2,1
500902,Championship,Championship,2024,2025-04-05 14:00:00+00:00,Bristol City FC,Watford FC,2,1
500908,Championship,Championship,2024,2025-04-05 14:00:00+00:00,Preston North End FC,Stoke City FC,1,1
500911,Championship,Championship,2024,2025-04-05 14:00:00+00:00,Swansea City AFC,Derby County FC,1,0
500906,Championship,Championship,2024,2025-04-05 14:00:00+00:00,Oxford United FC,Sheffield United FC,1,0
500910,Championship,Championship,2024,2025-04-05 14:00:00+00:00,Sheffield Wednesday FC,Hull City AFC,0,1
498909,Primera Division,Primera Division,2024,2025-04-05 14:15:00+00:00,Real Madrid CF,Valencia CF,1,2
499238,Eredivisie,Eredivisie,2024,2025-04-05 14:30:00+00:00,AZ,Feyenoord Rotterdam,0,1
498200,Ligue 1,Ligue 1,2024,2025-04-05 15:00:00+00:00,Paris Saint-Germain FC,Angers SCO,1,0
503350,Serie A,Serie A,2024,2025-04-05 16:00:00+00:00,Parma Calcio 1913,FC Internazionale Milano,2,2
497710,Premier League,Premier League,2024,2025-04-05 16:30:00+00:00,Aston Villa FC,Nottingham Forest FC,2,1
498908,Primera Division,Primera Division,2024,2025-04-05 16:30:00+00:00,RCD Mallorca,RC Celta de Vigo,1,2
502618,Bundesliga,Bundesliga,2024,2025-04-05 16:30:00+00:00,SV Werder Bremen,Eintracht Frankfurt,2,0
499244,Eredivisie,Eredivisie,2024,2025-04-05 16:45:00+00:00,FC Twente '65,Fortuna Sittard,1,1
503782,Primeira Liga,Primeira Liga,2024,2025-04-05 17:00:00+00:00,FC Arouca,FC Famalicão,1,2
498196,Ligue 1,Ligue 1,2024,2025-04-05 17:00:00+00:00,Stade Brestois 29,AS Monaco FC,2,1
499239,Eredivisie,Eredivisie,2024,2025-04-05 18:00:00+00:00,FC Groningen,PSV,1,3
503348,Serie A,Serie A,2024,2025-04-05 18:45:00+00:00,AC Milan,ACF Fiorentina,2,2
499237,Eredivisie,Eredivisie,2024,2025-04-05 19:00:00+00:00,Almere City FC,PEC Zwolle,2,2
498904,Primera Division,Primera Division,2024,2025-04-05 19:00:00+00:00,FC Barcelona,Real Betis Balompié,1,1
498198,Ligue 1,Ligue 1,2024,2025-04-05 19:05:00+00:00,Olympique Lyonnais,Lille OSC,2,1
503779,Primeira Liga,Primeira Liga,2024,2025-04-05 19:30:00+00:00,Vitória SC,CD Santa Clara,2,0
499241,Eredivisie,Eredivisie,2024,2025-04-06 10:15:00+00:00,RKC Waalwijk,Heracles Almelo,0,0
503347,Serie A,Serie A,2024,2025-04-06 10:30:00+00:00,US Lecce,Venezia FC,1,1
498911,Primera Division,Primera Division,2024,2025-04-06 12:00:00+00:00,UD Las Palmas,Real Sociedad de Fútbol,1,3
499243,Eredivisie,Eredivisie,2024,2025-04-06 12:30:00+00:00,Sparta Rotterdam,NEC,2,0
499240,Eredivisie,Eredivisie,2024,2025-04-06 12:30:00+00:00,Go Ahead Eagles,FC Utrecht,2,2
503345,Serie A,Serie A,2024,2025-04-06 13:00:00+00:00,Empoli FC,Cagliari Calcio,0,0
503352,Serie A,Serie A,2024,2025-04-06 13:00:00+00:00,Torino FC,Hellas Verona FC,1,1
498199,Ligue 1,Ligue 1,2024,2025-04-06 13:00:00+00:00,Racing Club de Lens,AS Saint-Étienne,1,0
497714,Premier League,Premier League,2024,2025-04-06 13:00:00+00:00,Fulham FC,Liverpool FC,3,2
497718,Premier League,Premier League,2024,2025-04-06 13:00:00+00:00,Tottenham Hotspur FC,Southampton FC,3,1
497711,Premier League,Premier League,2024,2025-04-06 13:00:00+00:00,Brentford FC,Chelsea FC,0,0
502621,Bundesliga,Bundesliga,2024,2025-04-06 13:30:00+00:00,FC St. Pauli 1910,Borussia Mönchengladbach,1,1
498906,Primera Division,Primera Division,2024,2025-04-06 14:15:00+00:00,Sevilla FC,Club Atlético de Madrid,1,2
503781,Primeira Liga,Primeira Liga,2024,2025-04-06 14:30:00+00:00,Gil Vicente FC,Moreirense FC,0,1
499236,Eredivisie,Eredivisie,2024,2025-04-06 14:45:00+00:00,AFC Ajax,NAC Breda,3,1
498201,Ligue 1,Ligue 1,2024,2025-04-06 15:15:00+00:00,Stade de Reims,RC Strasbourg Alsace,0,1
498202,Ligue 1,Ligue 1,2024,2025-04-06 15:15:00+00:00,Stade Rennais FC 1901,AJ Auxerre,0,1
498197,Ligue 1,Ligue 1,2024,2025-04-06 15:15:00+00:00,Montpellier HSC,Le Havre AC,0,2
502620,Bundesliga,Bundesliga,2024,2025-04-06 15:30:00+00:00,1. FC Union Berlin,VfL Wolfsburg,1,0
497717,Premier League,Premier League,2024,2025-04-06 15:30:00+00:00,Manchester United FC,Manchester City FC,0,0
503343,Serie A,Serie A,2024,2025-04-06 16:00:00+00:00,Atalanta BC,SS Lazio,0,1
498910,Primera Division,Primera Division,2024,2025-04-06 16:30:00+00:00,Real Valladolid CF,Getafe CF,0,4
503778,Primeira Liga,Primeira Liga,2024,2025-04-06 17:00:00+00:00,CD Nacional,CF Estrela da Amadora,0,1
503351,Serie A,Serie A,2024,2025-04-06 18:45:00+00:00,AS Roma,Juventus FC,1,1
498194,Ligue 1,Ligue 1,2024,2025-04-06 18:45:00+00:00,Olympique de Marseille,Toulouse FC,3,2
498907,Primera Division,Primera Division,2024,2025-04-06 19:00:00+00:00,Villarreal CF,Athletic Club,0,0
503777,Primeira Liga,Primeira Liga,2024,2025-04-06 19:30:00+00:00,FC Porto,Sport Lisboa e Benfica,1,4
503774,Primeira Liga,Primeira Liga,2024,2025-04-07 17:45:00+00:00,SC Farense,Casa Pia AC,0,0
503344,Serie A,Serie A,2024,2025-04-07 18:45:00+00:00,Bologna FC 1909,SSC Napoli,1,1
497716,Premier League,Premier League,2024,2025-04-07 19:00:00+00:00,Leicester City FC,Newcastle United FC,0,3
498903,Primera Division,Primera Division,2024,2025-04-07 19:00:00+00:00,CD Leganés,CA Osasuna,1,1
503776,Primeira Liga,Primeira Liga,2024,2025-04-07 19:15:00+00:00,Rio Ave FC,Boavista FC,0,2
503775,Primeira Liga,Primeira Liga,2024,2025-04-07 19:45:00+00:00,Sporting Clube de Portugal,Sporting Clube de Braga,1,1
500913,Championship,Championship,2024,2025-04-08 18:45:00+00:00,Blackburn Rovers FC,Sheffield Wednesday FC,2,2
500914,Championship,Championship,2024,2025-04-08 18:45:00+00:00,Bristol City FC,West Bromwich Albion FC,2,1
500916,Championship,Championship,2024,2025-04-08 18:45:00+00:00,Norwich City FC,Sunderland AFC,0,0
500917,Championship,Championship,2024,2025-04-08 18:45:00+00:00,Preston North End FC,Cardiff City FC,2,2
500918,Championship,Championship,2024,2025-04-08 18:45:00+00:00,Sheffield United FC,Millwall FC,0,1
500922,Championship,Championship,2024,2025-04-08 18:45:00+00:00,Derby County FC,Burnley FC,0,0
500919,Championship,Championship,2024,2025-04-08 18:45:00+00:00,Stoke City FC,Luton Town FC,1,1
500920,Championship,Championship,2024,2025-04-08 18:45:00+00:00,Watford FC,Hull City AFC,1,0
524111,UEFA Champions League,UEFA Champions League,2024,2025-04-08 19:00:00+00:00,FC Bayern München,FC Internazionale Milano,1,2
524108,UEFA Champions League,UEFA Champions League,2024,2025-04-08 19:00:00+00:00,Arsenal FC,Real Madrid CF,3,0
500915,Championship,Championship,2024,2025-04-08 19:00:00+00:00,Middlesbrough FC,Leeds United FC,0,1
500924,Championship,Championship,2024,2025-04-09 18:45:00+00:00,Swansea City AFC,Plymouth Argyle FC,3,0
500923,Championship,Championship,2024,2025-04-09 18:45:00+00:00,Oxford United FC,Queens Park Rangers FC,1,3
524110,UEFA Champions League,UEFA Champions League,2024,2025-04-09 19:00:00+00:00,FC Barcelona,Borussia Dortmund,4,0
524109,UEFA Champions League,UEFA Champions League,2024,2025-04-09 19:00:00+00:00,Paris Saint-Germain FC,Aston Villa FC,3,1
500921,Championship,Championship,2024,2025-04-09 19:00:00+00:00,Coventry City FC,Portsmouth FC,1,0
499249,Eredivisie,Eredivisie,2024,2025-04-11 18:00:00+00:00,NEC,RKC Waalwijk,2,1
502623,Bundesliga,Bundesliga,2024,2025-04-11 18:30:00+00:00,VfL Wolfsburg,RB Leipzig,2,3
498210,Ligue 1,Ligue 1,2024,2025-04-11 18:45:00+00:00,Racing Club de Lens,Stade de Reims,0,2
503361,Serie A,Serie A,2024,2025-04-11 18:45:00+00:00,Udinese Calcio,AC Milan,0,4
498920,Primera Division,Primera Division,2024,2025-04-11 19:00:00+00:00,Valencia CF,Sevilla FC,1,0
500925,Championship,Championship,2024,2025-04-11 19:00:00+00:00,Burnley FC,Norwich City FC,2,1
503766,Primeira Liga,Primeira Liga,2024,2025-04-11 19:15:00+00:00,Gil Vicente FC,Vitória SC,0,1
500928,Championship,Championship,2024,2025-04-12 11:30:00+00:00,Leeds United FC,Preston North End FC,2,1
500931,Championship,Championship,2024,2025-04-12 11:30:00+00:00,Plymouth Argyle FC,Sheffield United FC,2,1
497725,Premier League,Premier League,2024,2025-04-12 11:30:00+00:00,Manchester City FC,Crystal Palace FC,5,2
498921,Primera Division,Primera Division,2024,2025-04-12 12:00:00+00:00,Real Sociedad de Fútbol,RCD Mallorca,0,2
503362,Serie A,Serie A,2024,2025-04-12 13:00:00+00:00,Venezia FC,AC Monza,1,0
502631,Bundesliga,Bundesliga,2024,2025-04-12 13:30:00+00:00,Holstein Kiel,FC St. Pauli 1910,1,2
502630,Bundesliga,Bundesliga,2024,2025-04-12 13:30:00+00:00,Bayer 04 Leverkusen,1. FC Union Berlin,0,0
502629,Bundesliga,Bundesliga,2024,2025-04-12 13:30:00+00:00,TSG 1899 Hoffenheim,1. FSV Mainz 05,2,0
502627,Bundesliga,Bundesliga,2024,2025-04-12 13:30:00+00:00,Borussia Mönchengladbach,SC Freiburg,1,2
502628,Bundesliga,Bundesliga,2024,2025-04-12 13:30:00+00:00,VfL Bochum 1848,FC Augsburg,1,2
497727,Premier League,Premier League,2024,2025-04-12 14:00:00+00:00,Nottingham Forest FC,Everton FC,0,1
497728,Premier League,Premier League,2024,2025-04-12 14:00:00+00:00,Southampton FC,Aston Villa FC,0,3
497722,Premier League,Premier League,2024,2025-04-12 14:00:00+00:00,Brighton & Hove Albion FC,Leicester City FC,2,2
500930,Championship,Championship,2024,2025-04-12 14:00:00+00:00,Millwall FC,Middlesbrough FC,1,0
500932,Championship,Championship,2024,2025-04-12 14:00:00+00:00,Portsmouth FC,Derby County FC,2,2
500936,Championship,Championship,2024,2025-04-12 14:00:00+00:00,West Bromwich Albion FC,Watford FC,2,1
500935,Championship,Championship,2024,2025-04-12 14:00:00+00:00,Sunderland AFC,Swansea City AFC,0,1
500934,Championship,Championship,2024,2025-04-12 14:00:00+00:00,Sheffield Wednesday FC,Oxford United FC,0,1
500933,Championship,Championship,2024,2025-04-12 14:00:00+00:00,Queens Park Rangers FC,Bristol City FC,1,1
500926,Championship,Championship,2024,2025-04-12 14:00:00+00:00,Cardiff City FC,Stoke City FC,0,1
500929,Championship,Championship,2024,2025-04-12 14:00:00+00:00,Luton Town FC,Blackburn Rovers FC,0,1
498919,Primera Division,Primera Division,2024,2025-04-12 14:15:00+00:00,Getafe CF,UD Las Palmas,1,3
499246,Eredivisie,Eredivisie,2024,2025-04-12 14:30:00+00:00,Fortuna Sittard,Feyenoord Rotterdam,0,2
503769,Primeira Liga,Primeira Liga,2024,2025-04-12 14:30:00+00:00,Boavista FC,CD Nacional,0,1
503767,Primeira Liga,Primeira Liga,2024,2025-04-12 14:30:00+00:00,FC Famalicão,GD Estoril Praia,3,0
498211,Ligue 1,Ligue 1,2024,2025-04-12 15:00:00+00:00,AS Monaco FC,Olympique de Marseille,3,0
503357,Serie A,Serie A,2024,2025-04-12 16:00:00+00:00,FC Internazionale Milano,Cagliari Calcio,3,1
498922,Primera Division,Primera Division,2024,2025-04-12 16:30:00+00:00,RC Celta de Vigo,RCD Espanyol de Barcelona,0,2
502624,Bundesliga,Bundesliga,2024,2025-04-12 16:30:00+00:00,FC Bayern München,Borussia Dortmund,2,2
497721,Premier League,Premier League,2024,2025-04-12 16:30:00+00:00,Arsenal FC,Brentford FC,1,1
499252,Eredivisie,Eredivisie,2024,2025-04-12 16:45:00+00:00,Sparta Rotterdam,SC Heerenveen,3,1
503771,Primeira Liga,Primeira Liga,2024,2025-04-12 17:00:00+00:00,CD Santa Clara,Sporting Clube de Portugal,0,1
498203,Ligue 1,Ligue 1,2024,2025-04-12 17:00:00+00:00,Toulouse FC,Lille OSC,1,2
499251,Eredivisie,Eredivisie,2024,2025-04-12 18:00:00+00:00,PSV,Almere City FC,5,0
503358,Serie A,Serie A,2024,2025-04-12 18:45:00+00:00,Juventus FC,US Lecce,2,1
498917,Primera Division,Primera Division,2024,2025-04-12 19:00:00+00:00,CD Leganés,FC Barcelona,0,1
499248,Eredivisie,Eredivisie,2024,2025-04-12 19:00:00+00:00,NAC Breda,Go Ahead Eagles,1,1
498207,Ligue 1,Ligue 1,2024,2025-04-12 19:05:00+00:00,RC Strasbourg Alsace,OGC Nice,2,2
503770,Primeira Liga,Primeira Liga,2024,2025-04-12 19:30:00+00:00,Casa Pia AC,FC Porto,0,1
499245,Eredivisie,Eredivisie,2024,2025-04-13 10:15:00+00:00,FC Utrecht,FC Groningen,3,1
503353,Serie A,Serie A,2024,2025-04-13 10:30:00+00:00,Atalanta BC,Bologna FC 1909,2,0
498916,Primera Division,Primera Division,2024,2025-04-13 12:00:00+00:00,CA Osasuna,Girona FC,2,1
499247,Eredivisie,Eredivisie,2024,2025-04-13 12:30:00+00:00,Heracles Almelo,AZ,1,0
499250,Eredivisie,Eredivisie,2024,2025-04-13 12:30:00+00:00,PEC Zwolle,FC Twente '65,1,1
497724,Premier League,Premier League,2024,2025-04-13 13:00:00+00:00,Liverpool FC,West Ham United FC,2,1
497729,Premier League,Premier League,2024,2025-04-13 13:00:00+00:00,Wolverhampton Wanderers FC,Tottenham Hotspur FC,4,2
503355,Serie A,Serie A,2024,2025-04-13 13:00:00+00:00,ACF Fiorentina,Parma Calcio 1913,0,0
497723,Premier League,Premier League,2024,2025-04-13 13:00:00+00:00,Chelsea FC,Ipswich Town FC,2,2
503356,Serie A,Serie A,2024,2025-04-13 13:00:00+00:00,Hellas Verona FC,Genoa CFC,0,0
498208,Ligue 1,Ligue 1,2024,2025-04-13 13:00:00+00:00,AS Saint-Étienne,Stade Brestois 29,3,3
502626,Bundesliga,Bundesliga,2024,2025-04-13 13:30:00+00:00,VfB Stuttgart,SV Werder Bremen,1,2
498918,Primera Division,Primera Division,2024,2025-04-13 14:15:00+00:00,Deportivo Alavés,Real Madrid CF,0,1
503773,Primeira Liga,Primeira Liga,2024,2025-04-13 14:30:00+00:00,CF Estrela da Amadora,SC Farense,0,1
499253,Eredivisie,Eredivisie,2024,2025-04-13 14:45:00+00:00,Willem II Tilburg,AFC Ajax,1,2
498209,Ligue 1,Ligue 1,2024,2025-04-13 15:15:00+00:00,Angers SCO,Montpellier HSC,2,0
498204,Ligue 1,Ligue 1,2024,2025-04-13 15:15:00+00:00,Le Havre AC,Stade Rennais FC 1901,1,5
502625,Bundesliga,Bundesliga,2024,2025-04-13 15:30:00+00:00,Eintracht Frankfurt,1. FC Heidenheim 1846,3,0
497726,Premier League,Premier League,2024,2025-04-13 15:30:00+00:00,Newcastle United FC,Manchester United FC,4,1
503354,Serie A,Serie A,2024,2025-04-13 16:00:00+00:00,Como 1907,Torino FC,1,0
498915,Primera Division,Primera Division,2024,2025-04-13 16:30:00+00:00,Real Betis Balompié,Villarreal CF,1,2
503765,Primeira Liga,Primeira Liga,2024,2025-04-13 17:00:00+00:00,Sporting Clube de Braga,AVS,4,1
503768,Primeira Liga,Primeira Liga,2024,2025-04-13 17:00:00+00:00,Sport Lisboa e Benfica,FC Arouca,2,2
498205,Ligue 1,Ligue 1,2024,2025-04-13 18:45:00+00:00,AJ Auxerre,Olympique Lyonnais,1,3
503359,Serie A,Serie A,2024,2025-04-13 18:45:00+00:00,SS Lazio,AS Roma,1,1
498913,Primera Division,Primera Division,2024,2025-04-13 19:00:00+00:00,Athletic Club,Rayo Vallecano de Madrid,3,1
503772,Primeira Liga,Primeira Liga,2024,2025-04-13 19:30:00+00:00,Moreirense FC,Rio Ave FC,0,2
503360,Serie A,Serie A,2024,2025-04-14 18:45:00+00:00,SSC Napoli,Empoli FC,3,0
500927,Championship,Championship,2024,2025-04-14 19:00:00+00:00,Hull City AFC,Coventry City FC,1,1
498914,Primera Division,Primera Division,2024,2025-04-14 19:00:00+00:00,Club Atlético de Madrid,Real Valladolid CF,4,2
497720,Premier League,Premier League,2024,2025-04-14 19:00:00+00:00,AFC Bournemouth,Fulham FC,1,0
524113,UEFA Champions League,UEFA Champions League,2024,2025-04-15 19:00:00+00:00,Aston Villa FC,Paris Saint-Germain FC,3,2
524114,UEFA Champions League,UEFA Champions League,2024,2025-04-15 19:00:00+00:00,Borussia Dortmund,FC Barcelona,3,1
497698,Premier League,Premier League,2024,2025-04-16 18:30:00+00:00,Newcastle United FC,Crystal Palace FC,5,0
524115,UEFA Champions League,UEFA Champions League,2024,2025-04-16 19:00:00+00:00,FC Internazionale Milano,FC Bayern München,2,2
524112,UEFA Champions League,UEFA Champions League,2024,2025-04-16 19:00:00+00:00,Real Madrid CF,Arsenal FC,1,2
503530,Championship,Championship,2024,2025-04-18 11:30:00+00:00,Derby County FC,Luton Town FC,0,1
503538,Championship,Championship,2024,2025-04-18 14:00:00+00:00,Swansea City AFC,Hull City AFC,1,0
503537,Championship,Championship,2024,2025-04-18 14:00:00+00:00,Stoke City FC,Sheffield Wednesday FC,2,0
503533,Championship,Championship,2024,2025-04-18 14:00:00+00:00,Norwich City FC,Portsmouth FC,3,5
503532,Championship,Championship,2024,2025-04-18 14:00:00+00:00,Watford FC,Burnley FC,1,2
503531,Championship,Championship,2024,2025-04-18 14:00:00+00:00,Middlesbrough FC,Plymouth Argyle FC,2,1
503529,Championship,Championship,2024,2025-04-18 14:00:00+00:00,Coventry City FC,West Bromwich Albion FC,2,0
503528,Championship,Championship,2024,2025-04-18 14:00:00+00:00,Bristol City FC,Sunderland AFC,2,1
503527,Championship,Championship,2024,2025-04-18 14:00:00+00:00,Blackburn Rovers FC,Millwall FC,4,1
503535,Championship,Championship,2024,2025-04-18 14:00:00+00:00,Preston North End FC,Queens Park Rangers FC,1,2
503760,Primeira Liga,Primeira Liga,2024,2025-04-18 14:30:00+00:00,Rio Ave FC,CD Santa Clara,1,1
503756,Primeira Liga,Primeira Liga,2024,2025-04-18 14:30:00+00:00,SC Farense,Boavista FC,0,1
503536,Championship,Championship,2024,2025-04-18 16:30:00+00:00,Sheffield United FC,Cardiff City FC,2,0
503764,Primeira Liga,Primeira Liga,2024,2025-04-18 17:00:00+00:00,FC Porto,FC Famalicão,2,1
498220,Ligue 1,Ligue 1,2024,2025-04-18 18:45:00+00:00,Stade Rennais FC 1901,FC Nantes,2,1
498932,Primera Division,Primera Division,2024,2025-04-18 19:00:00+00:00,RCD Espanyol de Barcelona,Getafe CF,1,0
503534,Championship,Championship,2024,2025-04-18 19:00:00+00:00,Oxford United FC,Leeds United FC,0,1
503761,Primeira Liga,Primeira Liga,2024,2025-04-18 19:30:00+00:00,Sporting Clube de Portugal,Moreirense FC,3,1
498927,Primera Division,Primera Division,2024,2025-04-19 12:00:00+00:00,Rayo Vallecano de Madrid,Valencia CF,1,1
503367,Serie A,Serie A,2024,2025-04-19 13:00:00+00:00,US Lecce,Como 1907,0,3
502634,Bundesliga,Bundesliga,2024,2025-04-19 13:30:00+00:00,1. FC Heidenheim 1846,FC Bayern München,0,4
502636,Bundesliga,Bundesliga,2024,2025-04-19 13:30:00+00:00,SC Freiburg,TSG 1899 Hoffenheim,3,2
502640,Bundesliga,Bundesliga,2024,2025-04-19 13:30:00+00:00,RB Leipzig,Holstein Kiel,1,1
502639,Bundesliga,Bundesliga,2024,2025-04-19 13:30:00+00:00,SV Werder Bremen,VfL Bochum 1848,1,0
502637,Bundesliga,Bundesliga,2024,2025-04-19 13:30:00+00:00,1. FSV Mainz 05,VfL Wolfsburg,2,2
497731,Premier League,Premier League,2024,2025-04-19 14:00:00+00:00,Brentford FC,Brighton & Hove Albion FC,4,2
497732,Premier League,Premier League,2024,2025-04-19 14:00:00+00:00,Crystal Palace FC,AFC Bournemouth,0,0
497733,Premier League,Premier League,2024,2025-04-19 14:00:00+00:00,Everton FC,Manchester City FC,0,2
497739,Premier League,Premier League,2024,2025-04-19 14:00:00+00:00,West Ham United FC,Southampton FC,1,1
498923,Primera Division,Primera Division,2024,2025-04-19 14:15:00+00:00,FC Barcelona,RC Celta de Vigo,4,3
503759,Primeira Liga,Primeira Liga,2024,2025-04-19 14:30:00+00:00,CD Nacional,Gil Vicente FC,0,3
503762,Primeira Liga,Primeira Liga,2024,2025-04-19 14:30:00+00:00,AVS,Casa Pia AC,1,1
498216,Ligue 1,Ligue 1,2024,2025-04-19 15:00:00+00:00,Paris Saint-Germain FC,Le Havre AC,2,1
503369,Serie A,Serie A,2024,2025-04-19 16:00:00+00:00,AC Monza,SSC Napoli,0,1
502633,Bundesliga,Bundesliga,2024,2025-04-19 16:30:00+00:00,1. FC Union Berlin,VfB Stuttgart,4,4
498928,Primera Division,Primera Division,2024,2025-04-19 16:30:00+00:00,RCD Mallorca,CD Leganés,0,0
497730,Premier League,Premier League,2024,2025-04-19 16:30:00+00:00,Aston Villa FC,Newcastle United FC,4,1
498219,Ligue 1,Ligue 1,2024,2025-04-19 17:00:00+00:00,AS Monaco FC,RC Strasbourg Alsace,0,0
503763,Primeira Liga,Primeira Liga,2024,2025-04-19 17:00:00+00:00,FC Arouca,CF Estrela da Amadora,1,0
503758,Primeira Liga,Primeira Liga,2024,2025-04-19 17:00:00+00:00,GD Estoril Praia,Sporting Clube de Braga,0,2
499270,Eredivisie,Eredivisie,2024,2025-04-19 18:00:00+00:00,SC Heerenveen,Almere City FC,2,1
503371,Serie A,Serie A,2024,2025-04-19 18:45:00+00:00,AS Roma,Hellas Verona FC,1,0
498931,Primera Division,Primera Division,2024,2025-04-19 19:00:00+00:00,UD Las Palmas,Club Atlético de Madrid,1,0
498217,Ligue 1,Ligue 1,2024,2025-04-19 19:05:00+00:00,Olympique de Marseille,Montpellier HSC,5,1
503757,Primeira Liga,Primeira Liga,2024,2025-04-19 19:30:00+00:00,Vitória SC,Sport Lisboa e Benfica,0,3
499264,Eredivisie,Eredivisie,2024,2025-04-20 10:15:00+00:00,FC Utrecht,AFC Ajax,4,0
498930,Primera Division,Primera Division,2024,2025-04-20 12:00:00+00:00,Real Valladolid CF,CA Osasuna,2,3
503365,Serie A,Serie A,2024,2025-04-20 13:00:00+00:00,Empoli FC,Venezia FC,2,2
498215,Ligue 1,Ligue 1,2024,2025-04-20 13:00:00+00:00,Lille OSC,AJ Auxerre,3,1
497734,Premier League,Premier League,2024,2025-04-20 13:00:00+00:00,Fulham FC,Chelsea FC,1,2
497737,Premier League,Premier League,2024,2025-04-20 13:00:00+00:00,Manchester United FC,Wolverhampton Wanderers FC,0,1
497735,Premier League,Premier League,2024,2025-04-20 13:00:00+00:00,Ipswich Town FC,Arsenal FC,0,4
502635,Bundesliga,Bundesliga,2024,2025-04-20 13:30:00+00:00,FC Augsburg,Eintracht Frankfurt,0,0
498926,Primera Division,Primera Division,2024,2025-04-20 14:15:00+00:00,Villarreal CF,Real Sociedad de Fútbol,2,2
498213,Ligue 1,Ligue 1,2024,2025-04-20 15:15:00+00:00,OGC Nice,Angers SCO,2,1
498214,Ligue 1,Ligue 1,2024,2025-04-20 15:15:00+00:00,Stade Brestois 29,Racing Club de Lens,1,3
498218,Ligue 1,Ligue 1,2024,2025-04-20 15:15:00+00:00,Stade de Reims,Toulouse FC,1,0
502638,Bundesliga,Bundesliga,2024,2025-04-20 15:30:00+00:00,Borussia Dortmund,Borussia Mönchengladbach,3,2
497736,Premier League,Premier League,2024,2025-04-20 15:30:00+00:00,Leicester City FC,Liverpool FC,0,1
503363,Serie A,Serie A,2024,2025-04-20 16:00:00+00:00,Bologna FC 1909,FC Internazionale Milano,1,0
498925,Primera Division,Primera Division,2024,2025-04-20 16:30:00+00:00,Sevilla FC,Deportivo Alavés,1,1
502632,Bundesliga,Bundesliga,2024,2025-04-20 17:30:00+00:00,FC St. Pauli 1910,Bayer 04 Leverkusen,1,1
503368,Serie A,Serie A,2024,2025-04-20 18:45:00+00:00,AC Milan,Atalanta BC,0,1
498212,Ligue 1,Ligue 1,2024,2025-04-20 18:45:00+00:00,AS Saint-Étienne,Olympique Lyonnais,2,1
498929,Primera Division,Primera Division,2024,2025-04-20 19:00:00+00:00,Real Madrid CF,Athletic Club,1,0
500938,Championship,Championship,2024,2025-04-21 14:00:00+00:00,Cardiff City FC,Oxford United FC,1,1
500948,Championship,Championship,2024,2025-04-21 14:00:00+00:00,West Bromwich Albion FC,Derby County FC,1,3
500947,Championship,Championship,2024,2025-04-21 14:00:00+00:00,Sunderland AFC,Blackburn Rovers FC,0,1
500946,Championship,Championship,2024,2025-04-21 14:00:00+00:00,Sheffield Wednesday FC,Middlesbrough FC,2,1
500939,Championship,Championship,2024,2025-04-21 14:00:00+00:00,Hull City AFC,Preston North End FC,2,1
500944,Championship,Championship,2024,2025-04-21 14:00:00+00:00,Portsmouth FC,Watford FC,1,0
500945,Championship,Championship,2024,2025-04-21 14:00:00+00:00,Queens Park Rangers FC,Swansea City AFC,1,2
500940,Championship,Championship,2024,2025-04-21 14:00:00+00:00,Leeds United FC,Stoke City FC,6,0
500942,Championship,Championship,2024,2025-04-21 14:00:00+00:00,Millwall FC,Norwich City FC,3,1
500943,Championship,Championship,2024,2025-04-21 14:00:00+00:00,Plymouth Argyle FC,Coventry City FC,3,1
500941,Championship,Championship,2024,2025-04-21 14:00:00+00:00,Luton Town FC,Bristol City FC,3,1
500937,Championship,Championship,2024,2025-04-21 16:30:00+00:00,Burnley FC,Sheffield United FC,2,1
498924,Primera Division,Primera Division,2024,2025-04-21 19:00:00+00:00,Girona FC,Real Betis Balompié,1,3
497738,Premier League,Premier League,2024,2025-04-21 19:00:00+00:00,Tottenham Hotspur FC,Nottingham Forest FC,1,2
498942,Primera Division,Primera Division,2024,2025-04-22 17:00:00+00:00,Valencia CF,RCD Espanyol de Barcelona,1,1
498206,Ligue 1,Ligue 1,2024,2025-04-22 18:45:00+00:00,FC Nantes,Paris Saint-Germain FC,1,1
497745,Premier League,Premier League,2024,2025-04-22 19:00:00+00:00,Manchester City FC,Aston Villa FC,2,1
498940,Primera Division,Primera Division,2024,2025-04-22 19:30:00+00:00,FC Barcelona,RCD Mallorca,1,0
503370,Serie A,Serie A,2024,2025-04-23 16:30:00+00:00,Parma Calcio 1913,Juventus FC,1,0
503372,Serie A,Serie A,2024,2025-04-23 16:30:00+00:00,Torino FC,Udinese Calcio,2,0
503366,Serie A,Serie A,2024,2025-04-23 16:30:00+00:00,Genoa CFC,SS Lazio,0,2
503364,Serie A,Serie A,2024,2025-04-23 16:30:00+00:00,Cagliari Calcio,ACF Fiorentina,1,2
498933,Primera Division,Primera Division,2024,2025-04-23 17:00:00+00:00,Athletic Club,UD Las Palmas,1,0
498938,Primera Division,Primera Division,2024,2025-04-23 17:00:00+00:00,RC Celta de Vigo,Villarreal CF,3,0
499257,Eredivisie,Eredivisie,2024,2025-04-23 18:00:00+00:00,FC Groningen,Heracles Almelo,4,1
497741,Premier League,Premier League,2024,2025-04-23 19:00:00+00:00,Arsenal FC,Crystal Palace FC,2,2
498939,Primera Division,Primera Division,2024,2025-04-23 19:30:00+00:00,Deportivo Alavés,Real Sociedad de Fútbol,1,0
498941,Primera Division,Primera Division,2024,2025-04-23 19:30:00+00:00,Getafe CF,Real Madrid CF,0,1
499256,Eredivisie,Eredivisie,2024,2025-04-24 16:45:00+00:00,AZ,NAC Breda,1,1
498936,Primera Division,Primera Division,2024,2025-04-24 17:00:00+00:00,CA Osasuna,Sevilla FC,1,0
498937,Primera Division,Primera Division,2024,2025-04-24 17:00:00+00:00,CD Leganés,Girona FC,1,1
499262,Eredivisie,Eredivisie,2024,2025-04-24 19:00:00+00:00,FC Twente '65,PSV,1,3
498934,Primera Division,Primera Division,2024,2025-04-24 19:30:00+00:00,Club Atlético de Madrid,Rayo Vallecano de Madrid,3,0
498935,Primera Division,Primera Division,2024,2025-04-24 19:30:00+00:00,Real Betis Balompié,Real Valladolid CF,5,1
499260,Eredivisie,Eredivisie,2024,2025-04-25 16:45:00+00:00,RKC Waalwijk,FC Utrecht,0,4
502643,Bundesliga,Bundesliga,2024,2025-04-25 18:30:00+00:00,VfB Stuttgart,1. FC Heidenheim 1846,0,1
498227,Ligue 1,Ligue 1,2024,2025-04-25 18:45:00+00:00,Paris Saint-Germain FC,OGC Nice,1,3
500960,Championship,Championship,2024,2025-04-25 19:00:00+00:00,Stoke City FC,Sheffield United FC,0,2
499258,Eredivisie,Eredivisie,2024,2025-04-25 19:00:00+00:00,Feyenoord Rotterdam,PEC Zwolle,4,0
503750,Primeira Liga,Primeira Liga,2024,2025-04-25 19:30:00+00:00,FC Famalicão,Sporting Clube de Braga,1,1
500953,Championship,Championship,2024,2025-04-26 11:30:00+00:00,Luton Town FC,Coventry City FC,1,0
500958,Championship,Championship,2024,2025-04-26 11:30:00+00:00,Queens Park Rangers FC,Burnley FC,0,5
497743,Premier League,Premier League,2024,2025-04-26 11:30:00+00:00,Chelsea FC,Everton FC,1,0
502642,Bundesliga,Bundesliga,2024,2025-04-26 13:30:00+00:00,TSG 1899 Hoffenheim,Borussia Dortmund,2,3
502644,Bundesliga,Bundesliga,2024,2025-04-26 13:30:00+00:00,VfL Wolfsburg,SC Freiburg,0,1
502646,Bundesliga,Bundesliga,2024,2025-04-26 13:30:00+00:00,Holstein Kiel,Borussia Mönchengladbach,4,3
502649,Bundesliga,Bundesliga,2024,2025-04-26 13:30:00+00:00,Bayer 04 Leverkusen,FC Augsburg,2,0
502645,Bundesliga,Bundesliga,2024,2025-04-26 13:30:00+00:00,FC Bayern München,1. FSV Mainz 05,3,0
497749,Premier League,Premier League,2024,2025-04-26 14:00:00+00:00,Wolverhampton Wanderers FC,Leicester City FC,3,0
497742,Premier League,Premier League,2024,2025-04-26 14:00:00+00:00,Brighton & Hove Albion FC,West Ham United FC,3,2
497746,Premier League,Premier League,2024,2025-04-26 14:00:00+00:00,Newcastle United FC,Ipswich Town FC,3,0
497748,Premier League,Premier League,2024,2025-04-26 14:00:00+00:00,Southampton FC,Fulham FC,1,2
500951,Championship,Championship,2024,2025-04-26 14:00:00+00:00,Hull City AFC,Derby County FC,0,1
500959,Championship,Championship,2024,2025-04-26 14:00:00+00:00,Sheffield Wednesday FC,Portsmouth FC,1,1
500957,Championship,Championship,2024,2025-04-26 14:00:00+00:00,Preston North End FC,Plymouth Argyle FC,1,2
500956,Championship,Championship,2024,2025-04-26 14:00:00+00:00,Oxford United FC,Sunderland AFC,2,0
500955,Championship,Championship,2024,2025-04-26 14:00:00+00:00,Millwall FC,Swansea City AFC,1,0
500954,Championship,Championship,2024,2025-04-26 14:00:00+00:00,Middlesbrough FC,Norwich City FC,0,0
500949,Championship,Championship,2024,2025-04-26 14:00:00+00:00,Blackburn Rovers FC,Watford FC,2,1
500950,Championship,Championship,2024,2025-04-26 14:00:00+00:00,Cardiff City FC,West Bromwich Albion FC,0,0
503748,Primeira Liga,Primeira Liga,2024,2025-04-26 14:30:00+00:00,CD Santa Clara,FC Arouca,2,0
498222,Ligue 1,Ligue 1,2024,2025-04-26 15:00:00+00:00,RC Strasbourg Alsace,AS Saint-Étienne,3,1
502641,Bundesliga,Bundesliga,2024,2025-04-26 16:30:00+00:00,Eintracht Frankfurt,RB Leipzig,4,0
503749,Primeira Liga,Primeira Liga,2024,2025-04-26 17:00:00+00:00,Gil Vicente FC,SC Farense,1,0
498221,Ligue 1,Ligue 1,2024,2025-04-26 17:00:00+00:00,Le Havre AC,AS Monaco FC,1,1
498229,Ligue 1,Ligue 1,2024,2025-04-26 19:05:00+00:00,Olympique Lyonnais,Stade Rennais FC 1901,4,1
503754,Primeira Liga,Primeira Liga,2024,2025-04-26 19:30:00+00:00,CF Estrela da Amadora,FC Porto,2,0
499259,Eredivisie,Eredivisie,2024,2025-04-27 10:15:00+00:00,Fortuna Sittard,Willem II Tilburg,1,0
503374,Serie A,Serie A,2024,2025-04-27 10:30:00+00:00,Como 1907,Genoa CFC,1,0
503382,Serie A,Serie A,2024,2025-04-27 10:30:00+00:00,Venezia FC,AC Milan,0,2
499261,Eredivisie,Eredivisie,2024,2025-04-27 12:30:00+00:00,SC Heerenveen,NEC,1,0
499254,Eredivisie,Eredivisie,2024,2025-04-27 12:30:00+00:00,AFC Ajax,Sparta Rotterdam,1,1
503375,Serie A,Serie A,2024,2025-04-27 13:00:00+00:00,ACF Fiorentina,Empoli FC,2,1
497740,Premier League,Premier League,2024,2025-04-27 13:00:00+00:00,AFC Bournemouth,Manchester United FC,1,1
498226,Ligue 1,Ligue 1,2024,2025-04-27 13:00:00+00:00,Angers SCO,Lille OSC,0,2
503377,Serie A,Serie A,2024,2025-04-27 13:00:00+00:00,FC Internazionale Milano,AS Roma,0,1
502647,Bundesliga,Bundesliga,2024,2025-04-27 13:30:00+00:00,VfL Bochum 1848,1. FC Union Berlin,1,1
498872,Primera Division,Primera Division,2024,2025-04-27 14:15:00+00:00,Villarreal CF,RCD Espanyol de Barcelona,1,0
503753,Primeira Liga,Primeira Liga,2024,2025-04-27 14:30:00+00:00,Moreirense FC,CD Nacional,1,1
499255,Eredivisie,Eredivisie,2024,2025-04-27 14:45:00+00:00,Almere City FC,Go Ahead Eagles,0,0
498223,Ligue 1,Ligue 1,2024,2025-04-27 15:15:00+00:00,FC Nantes,Toulouse FC,0,0
498225,Ligue 1,Ligue 1,2024,2025-04-27 15:15:00+00:00,Racing Club de Lens,AJ Auxerre,0,4
498224,Ligue 1,Ligue 1,2024,2025-04-27 15:15:00+00:00,Montpellier HSC,Stade de Reims,0,0
502648,Bundesliga,Bundesliga,2024,2025-04-27 15:30:00+00:00,SV Werder Bremen,FC St. Pauli 1910,0,0
497744,Premier League,Premier League,2024,2025-04-27 15:30:00+00:00,Liverpool FC,Tottenham Hotspur FC,5,1
503378,Serie A,Serie A,2024,2025-04-27 16:00:00+00:00,Juventus FC,AC Monza,2,0
503747,Primeira Liga,Primeira Liga,2024,2025-04-27 17:00:00+00:00,Sport Lisboa e Benfica,AVS,6,0
503751,Primeira Liga,Primeira Liga,2024,2025-04-27 17:00:00+00:00,Vitória SC,Rio Ave FC,3,0
503380,Serie A,Serie A,2024,2025-04-27 18:45:00+00:00,SSC Napoli,Torino FC,2,0
503373,Serie A,Serie A,2024,2025-04-27 18:45:00+00:00,Atalanta BC,US Lecce,1,1
498228,Ligue 1,Ligue 1,2024,2025-04-27 18:45:00+00:00,Olympique de Marseille,Stade Brestois 29,4,1
503752,Primeira Liga,Primeira Liga,2024,2025-04-27 19:30:00+00:00,Boavista FC,Sporting Clube de Portugal,0,5
503381,Serie A,Serie A,2024,2025-04-28 16:30:00+00:00,Udinese Calcio,Bologna FC 1909,0,0
503379,Serie A,Serie A,2024,2025-04-28 18:45:00+00:00,SS Lazio,Parma Calcio 1913,2,2
503376,Serie A,Serie A,2024,2025-04-28 18:45:00+00:00,Hellas Verona FC,Cagliari Calcio,0,2
500952,Championship,Championship,2024,2025-04-28 19:00:00+00:00,Leeds United FC,Bristol City FC,4,0
524116,UEFA Champions League,UEFA Champions League,2024,2025-04-29 19:00:00+00:00,Arsenal FC,Paris Saint-Germain FC,0,1
503755,Primeira Liga,Primeira Liga,2024,2025-04-29 19:30:00+00:00,Casa Pia AC,GD Estoril Praia,1,3
524117,UEFA Champions League,UEFA Champions League,2024,2025-04-30 19:00:00+00:00,FC Barcelona,FC Internazionale Milano,3,3
497747,Premier League,Premier League,2024,2025-05-01 18:30:00+00:00,Nottingham Forest FC,Brentford FC,0,2
502657,Bundesliga,Bundesliga,2024,2025-05-02 18:30:00+00:00,1. FC Heidenheim 1846,VfL Bochum 1848,0,0
498232,Ligue 1,Ligue 1,2024,2025-05-02 18:45:00+00:00,OGC Nice,Stade de Reims,1,0
503392,Serie A,Serie A,2024,2025-05-02 18:45:00+00:00,Torino FC,Venezia FC,1,1
498947,Primera Division,Primera Division,2024,2025-05-02 19:00:00+00:00,Rayo Vallecano de Madrid,Getafe CF,1,0
497758,Premier League,Premier League,2024,2025-05-02 19:00:00+00:00,Manchester City FC,Wolverhampton Wanderers FC,1,0
503743,Primeira Liga,Primeira Liga,2024,2025-05-02 19:15:00+00:00,FC Porto,Moreirense FC,3,1
500968,Championship,Championship,2024,2025-05-03 11:30:00+00:00,Sheffield United FC,Blackburn Rovers FC,1,1
500972,Championship,Championship,2024,2025-05-03 11:30:00+00:00,West Bromwich Albion FC,Luton Town FC,5,3
500971,Championship,Championship,2024,2025-05-03 11:30:00+00:00,Watford FC,Sheffield Wednesday FC,1,1
497751,Premier League,Premier League,2024,2025-05-03 11:30:00+00:00,Aston Villa FC,Fulham FC,1,0
500964,Championship,Championship,2024,2025-05-03 11:30:00+00:00,Derby County FC,Stoke City FC,0,0
500970,Championship,Championship,2024,2025-05-03 11:30:00+00:00,Swansea City AFC,Oxford United FC,3,3
500961,Championship,Championship,2024,2025-05-03 11:30:00+00:00,Bristol City FC,Preston North End FC,2,2
500962,Championship,Championship,2024,2025-05-03 11:30:00+00:00,Burnley FC,Millwall FC,3,1
500969,Championship,Championship,2024,2025-05-03 11:30:00+00:00,Sunderland AFC,Queens Park Rangers FC,0,1
500963,Championship,Championship,2024,2025-05-03 11:30:00+00:00,Coventry City FC,Middlesbrough FC,2,0
500967,Championship,Championship,2024,2025-05-03 11:30:00+00:00,Portsmouth FC,Hull City AFC,1,1
500966,Championship,Championship,2024,2025-05-03 11:30:00+00:00,Plymouth Argyle FC,Leeds United FC,1,2
500965,Championship,Championship,2024,2025-05-03 11:30:00+00:00,Norwich City FC,Cardiff City FC,4,2
498943,Primera Division,Primera Division,2024,2025-05-03 12:00:00+00:00,Deportivo Alavés,Club Atlético de Madrid,0,0
503384,Serie A,Serie A,2024,2025-05-03 13:00:00+00:00,Cagliari Calcio,Udinese Calcio,1,2
503390,Serie A,Serie A,2024,2025-05-03 13:00:00+00:00,Parma Calcio 1913,Como 1907,0,1
502655,Bundesliga,Bundesliga,2024,2025-05-03 13:30:00+00:00,1. FC Union Berlin,SV Werder Bremen,2,2
502651,Bundesliga,Bundesliga,2024,2025-05-03 13:30:00+00:00,FC St. Pauli 1910,VfB Stuttgart,0,1
502652,Bundesliga,Bundesliga,2024,2025-05-03 13:30:00+00:00,RB Leipzig,FC Bayern München,3,3
502654,Bundesliga,Bundesliga,2024,2025-05-03 13:30:00+00:00,Borussia Mönchengladbach,TSG 1899 Hoffenheim,4,4
497757,Premier League,Premier League,2024,2025-05-03 14:00:00+00:00,Leicester City FC,Southampton FC,2,0
497756,Premier League,Premier League,2024,2025-05-03 14:00:00+00:00,Everton FC,Ipswich Town FC,2,2
498946,Primera Division,Primera Division,2024,2025-05-03 14:15:00+00:00,Villarreal CF,CA Osasuna,4,2
503740,Primeira Liga,Primeira Liga,2024,2025-05-03 14:30:00+00:00,CD Nacional,Vitória SC,1,2
499268,Eredivisie,Eredivisie,2024,2025-05-03 14:30:00+00:00,NEC,Willem II Tilburg,1,1
503746,Primeira Liga,Primeira Liga,2024,2025-05-03 14:30:00+00:00,SC Farense,FC Famalicão,2,1
498237,Ligue 1,Ligue 1,2024,2025-05-03 15:00:00+00:00,RC Strasbourg Alsace,Paris Saint-Germain FC,2,1
503388,Serie A,Serie A,2024,2025-05-03 16:00:00+00:00,US Lecce,SSC Napoli,0,1
502656,Bundesliga,Bundesliga,2024,2025-05-03 16:30:00+00:00,Borussia Dortmund,VfL Wolfsburg,4,0
498951,Primera Division,Primera Division,2024,2025-05-03 16:30:00+00:00,UD Las Palmas,Valencia CF,2,3
497750,Premier League,Premier League,2024,2025-05-03 16:30:00+00:00,Arsenal FC,AFC Bournemouth,1,2
499266,Eredivisie,Eredivisie,2024,2025-05-03 16:45:00+00:00,Heracles Almelo,Feyenoord Rotterdam,1,4
503742,Primeira Liga,Primeira Liga,2024,2025-05-03 17:00:00+00:00,Sporting Clube de Braga,CD Santa Clara,1,1
498236,Ligue 1,Ligue 1,2024,2025-05-03 17:00:00+00:00,Toulouse FC,Stade Rennais FC 1901,2,1
499263,Eredivisie,Eredivisie,2024,2025-05-03 18:00:00+00:00,FC Groningen,RKC Waalwijk,6,1
503387,Serie A,Serie A,2024,2025-05-03 18:45:00+00:00,FC Internazionale Milano,Hellas Verona FC,1,0
498950,Primera Division,Primera Division,2024,2025-05-03 19:00:00+00:00,Real Valladolid CF,FC Barcelona,1,2
499269,Eredivisie,Eredivisie,2024,2025-05-03 19:00:00+00:00,PSV,Fortuna Sittard,4,1
498234,Ligue 1,Ligue 1,2024,2025-05-03 19:05:00+00:00,AS Saint-Étienne,AS Monaco FC,1,3
503739,Primeira Liga,Primeira Liga,2024,2025-05-03 19:30:00+00:00,GD Estoril Praia,Sport Lisboa e Benfica,1,2
499267,Eredivisie,Eredivisie,2024,2025-05-04 10:15:00+00:00,NAC Breda,PEC Zwolle,1,3
503385,Serie A,Serie A,2024,2025-05-04 10:30:00+00:00,Empoli FC,SS Lazio,0,1
498948,Primera Division,Primera Division,2024,2025-05-04 12:00:00+00:00,Real Madrid CF,RC Celta de Vigo,3,2
499271,Eredivisie,Eredivisie,2024,2025-05-04 12:30:00+00:00,Sparta Rotterdam,FC Twente '65,0,2
499265,Eredivisie,Eredivisie,2024,2025-05-04 12:30:00+00:00,Go Ahead Eagles,AZ,0,3
497753,Premier League,Premier League,2024,2025-05-04 13:00:00+00:00,Brighton & Hove Albion FC,Newcastle United FC,1,1
497752,Premier League,Premier League,2024,2025-05-04 13:00:00+00:00,Brentford FC,Manchester United FC,4,3
498235,Ligue 1,Ligue 1,2024,2025-05-04 13:00:00+00:00,FC Nantes,Angers SCO,0,1
503389,Serie A,Serie A,2024,2025-05-04 13:00:00+00:00,AC Monza,Atalanta BC,0,4
497759,Premier League,Premier League,2024,2025-05-04 13:00:00+00:00,West Ham United FC,Tottenham Hotspur FC,1,1
502658,Bundesliga,Bundesliga,2024,2025-05-04 13:30:00+00:00,FC Augsburg,Holstein Kiel,1,3
498945,Primera Division,Primera Division,2024,2025-05-04 14:15:00+00:00,Sevilla FC,CD Leganés,2,2
498238,Ligue 1,Ligue 1,2024,2025-05-04 15:15:00+00:00,AJ Auxerre,Le Havre AC,1,2
498233,Ligue 1,Ligue 1,2024,2025-05-04 15:15:00+00:00,Stade Brestois 29,Montpellier HSC,1,0
498230,Ligue 1,Ligue 1,2024,2025-05-04 15:15:00+00:00,Olympique Lyonnais,Racing Club de Lens,1,2
497754,Premier League,Premier League,2024,2025-05-04 15:30:00+00:00,Chelsea FC,Liverpool FC,3,1
502650,Bundesliga,Bundesliga,2024,2025-05-04 15:30:00+00:00,SC Freiburg,Bayer 04 Leverkusen,2,2
503391,Serie A,Serie A,2024,2025-05-04 16:00:00+00:00,AS Roma,ACF Fiorentina,1,0
498952,Primera Division,Primera Division,2024,2025-05-04 16:30:00+00:00,RCD Espanyol de Barcelona,Real Betis Balompié,1,2
503745,Primeira Liga,Primeira Liga,2024,2025-05-04 17:00:00+00:00,FC Arouca,Casa Pia AC,0,0
502653,Bundesliga,Bundesliga,2024,2025-05-04 17:30:00+00:00,1. FSV Mainz 05,Eintracht Frankfurt,1,1
503383,Serie A,Serie A,2024,2025-05-04 18:45:00+00:00,Bologna FC 1909,Juventus FC,1,1
498231,Ligue 1,Ligue 1,2024,2025-05-04 18:45:00+00:00,Lille OSC,Olympique de Marseille,1,1
498949,Primera Division,Primera Division,2024,2025-05-04 19:00:00+00:00,Real Sociedad de Fútbol,Athletic Club,0,0
503738,Primeira Liga,Primeira Liga,2024,2025-05-04 19:30:00+00:00,Sporting Clube de Portugal,Gil Vicente FC,2,1
503741,Primeira Liga,Primeira Liga,2024,2025-05-05 18:30:00+00:00,Rio Ave FC,CF Estrela da Amadora,2,0
503386,Serie A,Serie A,2024,2025-05-05 18:45:00+00:00,Genoa CFC,AC Milan,1,2
497755,Premier League,Premier League,2024,2025-05-05 19:00:00+00:00,Crystal Palace FC,Nottingham Forest FC,1,1
498944,Primera Division,Primera Division,2024,2025-05-05 19:00:00+00:00,Girona FC,RCD Mallorca,1,0
503744,Primeira Liga,Primeira Liga,2024,2025-05-05 19:15:00+00:00,AVS,Boavista FC,1,2
524119,UEFA Champions League,UEFA Champions League,2024,2025-05-06 19:00:00+00:00,FC Internazionale Milano,FC Barcelona,4,3
524118,UEFA Champions League,UEFA Champions League,2024,2025-05-07 19:00:00+00:00,Paris Saint-Germain FC,Arsenal FC,2,1
536445,Championship,Championship,2024,2025-05-08 19:00:00+00:00,Bristol City FC,Sheffield United FC,0,3
499280,Eredivisie,Eredivisie,2024,2025-05-09 18:00:00+00:00,Willem II Tilburg,Heracles Almelo,1,2
502661,Bundesliga,Bundesliga,2024,2025-05-09 18:30:00+00:00,VfL Wolfsburg,TSG 1899 Hoffenheim,2,2
503398,Serie A,Serie A,2024,2025-05-09 18:45:00+00:00,AC Milan,Bologna FC 1909,3,1
536446,Championship,Championship,2024,2025-05-09 19:00:00+00:00,Coventry City FC,Sunderland AFC,1,2
498961,Primera Division,Primera Division,2024,2025-05-09 19:00:00+00:00,UD Las Palmas,Rayo Vallecano de Madrid,0,1
498959,Primera Division,Primera Division,2024,2025-05-10 12:00:00+00:00,Valencia CF,Getafe CF,3,0
503394,Serie A,Serie A,2024,2025-05-10 13:00:00+00:00,Como 1907,Cagliari Calcio,3,1
502665,Bundesliga,Bundesliga,2024,2025-05-10 13:30:00+00:00,VfL Bochum 1848,1. FSV Mainz 05,1,4
502659,Bundesliga,Bundesliga,2024,2025-05-10 13:30:00+00:00,SV Werder Bremen,RB Leipzig,0,0
502662,Bundesliga,Bundesliga,2024,2025-05-10 13:30:00+00:00,1. FC Union Berlin,1. FC Heidenheim 1846,0,3
502663,Bundesliga,Bundesliga,2024,2025-05-10 13:30:00+00:00,Holstein Kiel,SC Freiburg,1,2
497762,Premier League,Premier League,2024,2025-05-10 14:00:00+00:00,Ipswich Town FC,Brentford FC,0,1
497767,Premier League,Premier League,2024,2025-05-10 14:00:00+00:00,Southampton FC,Manchester City FC,0,0
497769,Premier League,Premier League,2024,2025-05-10 14:00:00+00:00,Wolverhampton Wanderers FC,Brighton & Hove Albion FC,0,2
497761,Premier League,Premier League,2024,2025-05-10 14:00:00+00:00,Fulham FC,Everton FC,1,3
498956,Primera Division,Primera Division,2024,2025-05-10 14:15:00+00:00,RC Celta de Vigo,Sevilla FC,3,2
499278,Eredivisie,Eredivisie,2024,2025-05-10 14:30:00+00:00,RKC Waalwijk,SC Heerenveen,3,1
503736,Primeira Liga,Primeira Liga,2024,2025-05-10 14:30:00+00:00,CD Nacional,Rio Ave FC,3,3
503735,Primeira Liga,Primeira Liga,2024,2025-05-10 14:30:00+00:00,CD Santa Clara,FC Famalicão,2,1
503397,Serie A,Serie A,2024,2025-05-10 16:00:00+00:00,SS Lazio,Juventus FC,1,1
502666,Bundesliga,Bundesliga,2024,2025-05-10 16:30:00+00:00,FC Bayern München,Borussia Mönchengladbach,2,0
498958,Primera Division,Primera Division,2024,2025-05-10 16:30:00+00:00,Girona FC,Villarreal CF,0,1
498960,Primera Division,Primera Division,2024,2025-05-10 16:30:00+00:00,RCD Mallorca,Real Valladolid CF,2,1
497760,Premier League,Premier League,2024,2025-05-10 16:30:00+00:00,AFC Bournemouth,Aston Villa FC,0,1
499276,Eredivisie,Eredivisie,2024,2025-05-10 16:45:00+00:00,Fortuna Sittard,NAC Breda,1,0
503737,Primeira Liga,Primeira Liga,2024,2025-05-10 17:00:00+00:00,Sport Lisboa e Benfica,Sporting Clube de Portugal,1,1
503395,Serie A,Serie A,2024,2025-05-10 18:45:00+00:00,Empoli FC,Parma Calcio 1913,2,1
498954,Primera Division,Primera Division,2024,2025-05-10 19:00:00+00:00,Club Atlético de Madrid,Real Sociedad de Fútbol,4,0
498242,Ligue 1,Ligue 1,2024,2025-05-10 19:00:00+00:00,Le Havre AC,Olympique de Marseille,1,3
498247,Ligue 1,Ligue 1,2024,2025-05-10 19:00:00+00:00,AS Monaco FC,Olympique Lyonnais,2,0
498241,Ligue 1,Ligue 1,2024,2025-05-10 19:00:00+00:00,Angers SCO,RC Strasbourg Alsace,2,1
498244,Ligue 1,Ligue 1,2024,2025-05-10 19:00:00+00:00,Montpellier HSC,Paris Saint-Germain FC,1,4
498239,Ligue 1,Ligue 1,2024,2025-05-10 19:00:00+00:00,Stade de Reims,AS Saint-Étienne,0,2
498245,Ligue 1,Ligue 1,2024,2025-05-10 19:00:00+00:00,Toulouse FC,Racing Club de Lens,1,1
498246,Ligue 1,Ligue 1,2024,2025-05-10 19:00:00+00:00,Stade Brestois 29,Lille OSC,2,0
498240,Ligue 1,Ligue 1,2024,2025-05-10 19:00:00+00:00,AJ Auxerre,FC Nantes,1,1
498243,Ligue 1,Ligue 1,2024,2025-05-10 19:00:00+00:00,Stade Rennais FC 1901,OGC Nice,2,0
499273,Eredivisie,Eredivisie,2024,2025-05-10 19:00:00+00:00,Almere City FC,Sparta Rotterdam,0,3
503731,Primeira Liga,Primeira Liga,2024,2025-05-10 19:30:00+00:00,Gil Vicente FC,FC Arouca,1,1
503730,Primeira Liga,Primeira Liga,2024,2025-05-10 19:30:00+00:00,Casa Pia AC,Sporting Clube de Braga,2,1
499277,Eredivisie,Eredivisie,2024,2025-05-11 10:15:00+00:00,PEC Zwolle,Go Ahead Eagles,1,1
503401,Serie A,Serie A,2024,2025-05-11 10:30:00+00:00,Udinese Calcio,AC Monza,1,2
497765,Premier League,Premier League,2024,2025-05-11 11:00:00+00:00,Newcastle United FC,Chelsea FC,2,0
498962,Primera Division,Primera Division,2024,2025-05-11 12:00:00+00:00,CD Leganés,RCD Espanyol de Barcelona,3,2
499275,Eredivisie,Eredivisie,2024,2025-05-11 12:30:00+00:00,Feyenoord Rotterdam,PSV,2,3
499279,Eredivisie,Eredivisie,2024,2025-05-11 12:30:00+00:00,FC Twente '65,FC Utrecht,2,0
503396,Serie A,Serie A,2024,2025-05-11 13:00:00+00:00,Hellas Verona FC,US Lecce,1,1
497768,Premier League,Premier League,2024,2025-05-11 13:15:00+00:00,Tottenham Hotspur FC,Crystal Palace FC,0,2
497766,Premier League,Premier League,2024,2025-05-11 13:15:00+00:00,Nottingham Forest FC,Leicester City FC,2,2
497764,Premier League,Premier League,2024,2025-05-11 13:15:00+00:00,Manchester United FC,West Ham United FC,0,2
502660,Bundesliga,Bundesliga,2024,2025-05-11 13:30:00+00:00,Bayer 04 Leverkusen,Borussia Dortmund,2,4
498957,Primera Division,Primera Division,2024,2025-05-11 14:15:00+00:00,FC Barcelona,Real Madrid CF,4,3
503734,Primeira Liga,Primeira Liga,2024,2025-05-11 14:30:00+00:00,CF Estrela da Amadora,AVS,0,1
499274,Eredivisie,Eredivisie,2024,2025-05-11 14:45:00+00:00,AZ,FC Groningen,3,0
499272,Eredivisie,Eredivisie,2024,2025-05-11 14:45:00+00:00,AFC Ajax,NEC,0,3
497763,Premier League,Premier League,2024,2025-05-11 15:30:00+00:00,Liverpool FC,Arsenal FC,2,2
502667,Bundesliga,Bundesliga,2024,2025-05-11 15:30:00+00:00,Eintracht Frankfurt,FC St. Pauli 1910,2,2
503400,Serie A,Serie A,2024,2025-05-11 16:00:00+00:00,Torino FC,FC Internazionale Milano,0,2
498953,Primera Division,Primera Division,2024,2025-05-11 16:30:00+00:00,Athletic Club,Deportivo Alavés,1,0
503729,Primeira Liga,Primeira Liga,2024,2025-05-11 17:00:00+00:00,Moreirense FC,GD Estoril Praia,2,2
503732,Primeira Liga,Primeira Liga,2024,2025-05-11 17:00:00+00:00,Vitória SC,SC Farense,1,2
502664,Bundesliga,Bundesliga,2024,2025-05-11 17:30:00+00:00,VfB Stuttgart,FC Augsburg,4,0
503399,Serie A,Serie A,2024,2025-05-11 18:45:00+00:00,SSC Napoli,Genoa CFC,2,2
498955,Primera Division,Primera Division,2024,2025-05-11 19:00:00+00:00,Real Betis Balompié,CA Osasuna,1,1
503733,Primeira Liga,Primeira Liga,2024,2025-05-11 19:30:00+00:00,Boavista FC,FC Porto,1,2
503402,Serie A,Serie A,2024,2025-05-12 16:30:00+00:00,Venezia FC,ACF Fiorentina,2,1
503393,Serie A,Serie A,2024,2025-05-12 18:45:00+00:00,Atalanta BC,AS Roma,2,1
536447,Championship,Championship,2024,2025-05-12 19:00:00+00:00,Sheffield United FC,Bristol City FC,3,0
498971,Primera Division,Primera Division,2024,2025-05-13 17:00:00+00:00,Real Valladolid CF,Girona FC,0,1
498970,Primera Division,Primera Division,2024,2025-05-13 18:00:00+00:00,Real Sociedad de Fútbol,RC Celta de Vigo,0,1
536448,Championship,Championship,2024,2025-05-13 19:00:00+00:00,Sunderland AFC,Coventry City FC,1,1
498966,Primera Division,Primera Division,2024,2025-05-13 19:30:00+00:00,Sevilla FC,UD Las Palmas,1,0
498964,Primera Division,Primera Division,2024,2025-05-14 17:00:00+00:00,Deportivo Alavés,Valencia CF,1,0
498967,Primera Division,Primera Division,2024,2025-05-14 17:00:00+00:00,Villarreal CF,CD Leganés,3,0
499289,Eredivisie,Eredivisie,2024,2025-05-14 18:00:00+00:00,Willem II Tilburg,PEC Zwolle,1,2
499284,Eredivisie,Eredivisie,2024,2025-05-14 18:00:00+00:00,Feyenoord Rotterdam,RKC Waalwijk,2,0
499283,Eredivisie,Eredivisie,2024,2025-05-14 18:00:00+00:00,FC Utrecht,Sparta Rotterdam,1,1
499282,Eredivisie,Eredivisie,2024,2025-05-14 18:00:00+00:00,FC Groningen,AFC Ajax,2,2
499281,Eredivisie,Eredivisie,2024,2025-05-14 18:00:00+00:00,Almere City FC,Fortuna Sittard,1,1
499287,Eredivisie,Eredivisie,2024,2025-05-14 18:00:00+00:00,PSV,Heracles Almelo,4,1
499286,Eredivisie,Eredivisie,2024,2025-05-14 18:00:00+00:00,NEC,NAC Breda,3,0
499288,Eredivisie,Eredivisie,2024,2025-05-14 18:00:00+00:00,FC Twente '65,AZ,2,3
499285,Eredivisie,Eredivisie,2024,2025-05-14 18:00:00+00:00,Go Ahead Eagles,SC Heerenveen,1,0
498969,Primera Division,Primera Division,2024,2025-05-14 19:30:00+00:00,Real Madrid CF,RCD Mallorca,2,1
498968,Primera Division,Primera Division,2024,2025-05-15 17:00:00+00:00,Rayo Vallecano de Madrid,Real Betis Balompié,2,2
498963,Primera Division,Primera Division,2024,2025-05-15 17:00:00+00:00,CA Osasuna,Club Atlético de Madrid,2,0
498972,Primera Division,Primera Division,2024,2025-05-15 19:30:00+00:00,RCD Espanyol de Barcelona,FC Barcelona,0,2
498965,Primera Division,Primera Division,2024,2025-05-15 19:30:00+00:00,Getafe CF,Athletic Club,0,2
503724,Primeira Liga,Primeira Liga,2024,2025-05-16 18:00:00+00:00,FC Famalicão,Casa Pia AC,2,1
503721,Primeira Liga,Primeira Liga,2024,2025-05-16 18:00:00+00:00,Rio Ave FC,Gil Vicente FC,1,1
497771,Premier League,Premier League,2024,2025-05-16 18:30:00+00:00,Aston Villa FC,Tottenham Hotspur FC,2,0
497774,Premier League,Premier League,2024,2025-05-16 19:15:00+00:00,Chelsea FC,Manchester United FC,1,0
502675,Bundesliga,Bundesliga,2024,2025-05-17 13:30:00+00:00,FC St. Pauli 1910,VfL Bochum 1848,0,2
502674,Bundesliga,Bundesliga,2024,2025-05-17 13:30:00+00:00,FC Augsburg,1. FC Union Berlin,1,2
502673,Bundesliga,Bundesliga,2024,2025-05-17 13:30:00+00:00,Borussia Mönchengladbach,VfL Wolfsburg,0,1
502672,Bundesliga,Bundesliga,2024,2025-05-17 13:30:00+00:00,1. FC Heidenheim 1846,SV Werder Bremen,1,4
502671,Bundesliga,Bundesliga,2024,2025-05-17 13:30:00+00:00,SC Freiburg,Eintracht Frankfurt,1,3
502670,Bundesliga,Bundesliga,2024,2025-05-17 13:30:00+00:00,TSG 1899 Hoffenheim,FC Bayern München,0,4
502669,Bundesliga,Bundesliga,2024,2025-05-17 13:30:00+00:00,RB Leipzig,VfB Stuttgart,2,3
502668,Bundesliga,Bundesliga,2024,2025-05-17 13:30:00+00:00,1. FSV Mainz 05,Bayer 04 Leverkusen,2,2
502676,Bundesliga,Bundesliga,2024,2025-05-17 13:30:00+00:00,Borussia Dortmund,Holstein Kiel,3,0
503725,Primeira Liga,Primeira Liga,2024,2025-05-17 17:00:00+00:00,FC Porto,CD Nacional,3,0
503726,Primeira Liga,Primeira Liga,2024,2025-05-17 17:00:00+00:00,AVS,Moreirense FC,0,3
503719,Primeira Liga,Primeira Liga,2024,2025-05-17 17:00:00+00:00,GD Estoril Praia,CF Estrela da Amadora,4,0
503728,Primeira Liga,Primeira Liga,2024,2025-05-17 17:00:00+00:00,SC Farense,CD Santa Clara,1,2
503722,Primeira Liga,Primeira Liga,2024,2025-05-17 17:00:00+00:00,Sporting Clube de Portugal,Vitória SC,2,0
503727,Primeira Liga,Primeira Liga,2024,2025-05-17 17:00:00+00:00,FC Arouca,Boavista FC,4,1
503723,Primeira Liga,Primeira Liga,2024,2025-05-17 17:00:00+00:00,Sporting Clube de Braga,Sport Lisboa e Benfica,1,1
503405,Serie A,Serie A,2024,2025-05-17 18:45:00+00:00,Genoa CFC,Atalanta BC,2,3
498254,Ligue 1,Ligue 1,2024,2025-05-17 19:00:00+00:00,FC Nantes,Montpellier HSC,3,0
498252,Ligue 1,Ligue 1,2024,2025-05-17 19:00:00+00:00,Lille OSC,Stade de Reims,2,1
498251,Ligue 1,Ligue 1,2024,2025-05-17 19:00:00+00:00,AS Saint-Étienne,Toulouse FC,2,3
498255,Ligue 1,Ligue 1,2024,2025-05-17 19:00:00+00:00,Racing Club de Lens,AS Monaco FC,4,0
498248,Ligue 1,Ligue 1,2024,2025-05-17 19:00:00+00:00,Olympique de Marseille,Stade Rennais FC 1901,4,2
498249,Ligue 1,Ligue 1,2024,2025-05-17 19:00:00+00:00,Olympique Lyonnais,Angers SCO,2,0
498250,Ligue 1,Ligue 1,2024,2025-05-17 19:00:00+00:00,OGC Nice,Stade Brestois 29,6,0
498253,Ligue 1,Ligue 1,2024,2025-05-17 19:00:00+00:00,RC Strasbourg Alsace,Le Havre AC,2,3
498256,Ligue 1,Ligue 1,2024,2025-05-17 19:00:00+00:00,Paris Saint-Germain FC,AJ Auxerre,3,1
497776,Premier League,Premier League,2024,2025-05-18 11:00:00+00:00,Everton FC,Southampton FC,2,0
499292,Eredivisie,Eredivisie,2024,2025-05-18 12:30:00+00:00,Fortuna Sittard,FC Utrecht,0,0
499290,Eredivisie,Eredivisie,2024,2025-05-18 12:30:00+00:00,AFC Ajax,FC Twente '65,2,0
499293,Eredivisie,Eredivisie,2024,2025-05-18 12:30:00+00:00,Heracles Almelo,NEC,1,2
499298,Eredivisie,Eredivisie,2024,2025-05-18 12:30:00+00:00,Sparta Rotterdam,PSV,1,3
499295,Eredivisie,Eredivisie,2024,2025-05-18 12:30:00+00:00,PEC Zwolle,FC Groningen,2,0
499296,Eredivisie,Eredivisie,2024,2025-05-18 12:30:00+00:00,RKC Waalwijk,Go Ahead Eagles,5,3
499294,Eredivisie,Eredivisie,2024,2025-05-18 12:30:00+00:00,NAC Breda,Willem II Tilburg,1,1
499297,Eredivisie,Eredivisie,2024,2025-05-18 12:30:00+00:00,SC Heerenveen,Feyenoord Rotterdam,2,0
499291,Eredivisie,Eredivisie,2024,2025-05-18 12:30:00+00:00,AZ,Almere City FC,1,1
497779,Premier League,Premier League,2024,2025-05-18 13:15:00+00:00,West Ham United FC,Nottingham Forest FC,1,2
497772,Premier League,Premier League,2024,2025-05-18 14:00:00+00:00,Brentford FC,Fulham FC,2,3
497777,Premier League,Premier League,2024,2025-05-18 14:00:00+00:00,Leicester City FC,Ipswich Town FC,2,0
497770,Premier League,Premier League,2024,2025-05-18 15:30:00+00:00,Arsenal FC,Newcastle United FC,1,0
498974,Primera Division,Primera Division,2024,2025-05-18 17:00:00+00:00,RC Celta de Vigo,Rayo Vallecano de Madrid,1,2
498980,Primera Division,Primera Division,2024,2025-05-18 17:00:00+00:00,Real Valladolid CF,Deportivo Alavés,0,1
498979,Primera Division,Primera Division,2024,2025-05-18 17:00:00+00:00,Real Sociedad de Fútbol,Girona FC,3,2
498978,Primera Division,Primera Division,2024,2025-05-18 17:00:00+00:00,RCD Mallorca,Getafe CF,1,2
498977,Primera Division,Primera Division,2024,2025-05-18 17:00:00+00:00,Valencia CF,Athletic Club,0,1
498976,Primera Division,Primera Division,2024,2025-05-18 17:00:00+00:00,Sevilla FC,Real Madrid CF,0,2
498975,Primera Division,Primera Division,2024,2025-05-18 17:00:00+00:00,FC Barcelona,Villarreal CF,2,3
498982,Primera Division,Primera Division,2024,2025-05-18 17:00:00+00:00,CA Osasuna,RCD Espanyol de Barcelona,2,0
498981,Primera Division,Primera Division,2024,2025-05-18 17:00:00+00:00,UD Las Palmas,CD Leganés,0,1
498973,Primera Division,Primera Division,2024,2025-05-18 17:00:00+00:00,Club Atlético de Madrid,Real Betis Balompié,4,1
503403,Serie A,Serie A,2024,2025-05-18 18:45:00+00:00,Cagliari Calcio,Venezia FC,3,0
503404,Serie A,Serie A,2024,2025-05-18 18:45:00+00:00,ACF Fiorentina,Bologna FC 1909,3,2
503406,Serie A,Serie A,2024,2025-05-18 18:45:00+00:00,Hellas Verona FC,Como 1907,1,1
503407,Serie A,Serie A,2024,2025-05-18 18:45:00+00:00,FC Internazionale Milano,SS Lazio,2,2
503408,Serie A,Serie A,2024,2025-05-18 18:45:00+00:00,Juventus FC,Udinese Calcio,2,0
503409,Serie A,Serie A,2024,2025-05-18 18:45:00+00:00,US Lecce,Torino FC,1,0
503410,Serie A,Serie A,2024,2025-05-18 18:45:00+00:00,AC Monza,Empoli FC,1,3
503411,Serie A,Serie A,2024,2025-05-18 18:45:00+00:00,Parma Calcio 1913,SSC Napoli,0,0
503412,Serie A,Serie A,2024,2025-05-18 18:45:00+00:00,AS Roma,AC Milan,3,1
497773,Premier League,Premier League,2024,2025-05-19 19:00:00+00:00,Brighton & Hove Albion FC,Liverpool FC,3,2
497778,Premier League,Premier League,2024,2025-05-20 19:00:00+00:00,Manchester City FC,AFC Bournemouth,3,1
497775,Premier League,Premier League,2024,2025-05-20 19:00:00+00:00,Crystal Palace FC,Wolverhampton Wanderers FC,4,2
503415,Serie A,Serie A,2024,2025-05-23 18:45:00+00:00,Como 1907,FC Internazionale Milano,0,2
503419,Serie A,Serie A,2024,2025-05-23 18:45:00+00:00,SSC Napoli,Cagliari Calcio,2,0
498984,Primera Division,Primera Division,2024,2025-05-23 19:00:00+00:00,Real Betis Balompié,Valencia CF,1,1
536449,Championship,Championship,2024,2025-05-24 14:01:00+00:00,Sheffield United FC,Sunderland AFC,1,2
498991,Primera Division,Primera Division,2024,2025-05-24 14:15:00+00:00,Real Madrid CF,Real Sociedad de Fútbol,2,0
503414,Serie A,Serie A,2024,2025-05-24 16:00:00+00:00,Bologna FC 1909,Genoa CFC,1,3
498985,Primera Division,Primera Division,2024,2025-05-24 16:30:00+00:00,CD Leganés,Real Valladolid CF,3,0
498992,Primera Division,Primera Division,2024,2025-05-24 16:30:00+00:00,RCD Espanyol de Barcelona,UD Las Palmas,2,0
503418,Serie A,Serie A,2024,2025-05-24 18:45:00+00:00,AC Milan,AC Monza,2,0
498986,Primera Division,Primera Division,2024,2025-05-24 19:00:00+00:00,Deportivo Alavés,CA Osasuna,1,1
498987,Primera Division,Primera Division,2024,2025-05-24 19:00:00+00:00,Getafe CF,RC Celta de Vigo,1,2
498990,Primera Division,Primera Division,2024,2025-05-24 19:00:00+00:00,Rayo Vallecano de Madrid,RCD Mallorca,0,0
498988,Primera Division,Primera Division,2024,2025-05-25 12:00:00+00:00,Girona FC,Club Atlético de Madrid,0,4
498989,Primera Division,Primera Division,2024,2025-05-25 14:15:00+00:00,Villarreal CF,Sevilla FC,4,2
497780,Premier League,Premier League,2024,2025-05-25 15:00:00+00:00,AFC Bournemouth,Leicester City FC,2,0
497787,Premier League,Premier League,2024,2025-05-25 15:00:00+00:00,Southampton FC,Arsenal FC,1,2
497784,Premier League,Premier League,2024,2025-05-25 15:00:00+00:00,Manchester United FC,Aston Villa FC,2,0
497783,Premier League,Premier League,2024,2025-05-25 15:00:00+00:00,Liverpool FC,Crystal Palace FC,1,1
497782,Premier League,Premier League,2024,2025-05-25 15:00:00+00:00,Ipswich Town FC,West Ham United FC,1,3
497781,Premier League,Premier League,2024,2025-05-25 15:00:00+00:00,Fulham FC,Manchester City FC,0,2
497786,Premier League,Premier League,2024,2025-05-25 15:00:00+00:00,Nottingham Forest FC,Chelsea FC,0,1
497785,Premier League,Premier League,2024,2025-05-25 15:00:00+00:00,Newcastle United FC,Everton FC,0,1
497789,Premier League,Premier League,2024,2025-05-25 15:00:00+00:00,Wolverhampton Wanderers FC,Brentford FC,1,1
497788,Premier League,Premier League,2024,2025-05-25 15:00:00+00:00,Tottenham Hotspur FC,Brighton & Hove Albion FC,1,4
503421,Serie A,Serie A,2024,2025-05-25 18:45:00+00:00,Udinese Calcio,ACF Fiorentina,2,3
503420,Serie A,Serie A,2024,2025-05-25 18:45:00+00:00,Torino FC,AS Roma,0,2
503417,Serie A,Serie A,2024,2025-05-25 18:45:00+00:00,SS Lazio,US Lecce,0,1
503413,Serie A,Serie A,2024,2025-05-25 18:45:00+00:00,Atalanta BC,Parma Calcio 1913,2,3
503422,Serie A,Serie A,2024,2025-05-25 18:45:00+00:00,Venezia FC,Juventus FC,2,3
503416,Serie A,Serie A,2024,2025-05-25 18:45:00+00:00,Empoli FC,Hellas Verona FC,1,2
498983,Primera Division,Primera Division,2024,2025-05-25 19:00:00+00:00,Athletic Club,FC Barcelona,0,3
524120,UEFA Champions League,UEFA Champions League,2024,2025-05-31 19:00:00+00:00,Paris Saint-Germain FC,FC Internazionale Milano,5,0
